﻿<discussion><forum id="444" resource_code="byui_produ-407879,byui_produ-413211,byui_produ-511108,byui_produ-515811,byui_produ-580296,byui_produ-580365,byui_produ-593895,byui_produ-594219,byui_produ-594542,byui_produ-594898,byui_produ-595416"><properties><allow_anon>False</allow_anon><display_order>79</display_order><is_hidden>False</is_hidden><requires_approval>False</requires_approval><is_locked>False</is_locked><must_post_to_participate>False</must_post_to_participate><show_description_in_topics>False</show_description_in_topics></properties><content><title>Troubleshooting Forum #3</title></content><topics><topic id="445" resource_code="byui_production-1575268"><properties><allow_anon>False</allow_anon><display_order>1</display_order><is_hidden>False</is_hidden><requires_approval>False</requires_approval><must_post_to_participate>False</must_post_to_participate><is_locked>False</is_locked><is_auto_score>False</is_auto_score><include_nonscored_values>False</include_nonscored_values><rating_type_id>0</rating_type_id></properties><content><title>Troubleshooting #3 - Group 1</title></content></topic><topic id="446" resource_code="byui_production-1575269"><properties><allow_anon>False</allow_anon><display_order>1</display_order><is_hidden>False</is_hidden><requires_approval>False</requires_approval><must_post_to_participate>False</must_post_to_participate><is_locked>False</is_locked><is_auto_score>False</is_auto_score><include_nonscored_values>False</include_nonscored_values><rating_type_id>0</rating_type_id></properties><content><title>Troubleshooting #3 - Group 1</title></content></topic><topic id="447" resource_code="byui_production-1575270"><properties><allow_anon>False</allow_anon><display_order>1</display_order><is_hidden>False</is_hidden><requires_approval>False</requires_approval><must_post_to_participate>False</must_post_to_participate><is_locked>False</is_locked><is_auto_score>False</is_auto_score><include_nonscored_values>False</include_nonscored_values><rating_type_id>0</rating_type_id></properties><content><title>Troubleshooting #3 - Group 1</title></content></topic><topic id="448" resource_code="byui_produ-408131,byui_produ-413212,byui_produ-511109,byui_produ-515812,byui_produ-580297,byui_produ-580366,byui_produ-593896,byui_produ-594220,byui_produ-594543,byui_produ-594899,byui_produ-595417"><properties><allow_anon>False</allow_anon><display_order>1</display_order><is_hidden>False</is_hidden><requires_approval>False</requires_approval><must_post_to_participate>False</must_post_to_participate><is_locked>False</is_locked><is_auto_score>False</is_auto_score><include_nonscored_values>False</include_nonscored_values><rating_type_id>0</rating_type_id></properties><content><title>Troubleshooting #3 - Group 1</title></content></topic><topic id="449" resource_code="byui_produ-408132,byui_produ-413213,byui_produ-511110,byui_produ-515813,byui_produ-580298,byui_produ-580367,byui_produ-593897,byui_produ-594221,byui_produ-594544,byui_produ-594900,byui_produ-595418"><properties><allow_anon>False</allow_anon><display_order>2</display_order><is_hidden>False</is_hidden><requires_approval>False</requires_approval><must_post_to_participate>False</must_post_to_participate><is_locked>False</is_locked><is_auto_score>False</is_auto_score><include_nonscored_values>False</include_nonscored_values><rating_type_id>0</rating_type_id></properties><content><title>Troubleshooting #3 - Group 2</title></content></topic><topic id="450" resource_code="byui_produ-408133,byui_produ-413214,byui_produ-511111,byui_produ-515814,byui_produ-580299,byui_produ-580368,byui_produ-593898,byui_produ-594222,byui_produ-594545,byui_produ-594901,byui_produ-595419"><properties><allow_anon>False</allow_anon><display_order>3</display_order><is_hidden>False</is_hidden><requires_approval>False</requires_approval><must_post_to_participate>False</must_post_to_participate><is_locked>False</is_locked><is_auto_score>False</is_auto_score><include_nonscored_values>False</include_nonscored_values><rating_type_id>0</rating_type_id></properties><content><title>Troubleshooting #3 - Group 3</title></content></topic><topic id="451" resource_code="byui_produ-408134,byui_produ-413215,byui_produ-511112,byui_produ-515815,byui_produ-580300,byui_produ-580369,byui_produ-593899,byui_produ-594223,byui_produ-594546,byui_produ-594902,byui_produ-595420"><properties><allow_anon>False</allow_anon><display_order>4</display_order><is_hidden>False</is_hidden><requires_approval>False</requires_approval><must_post_to_participate>False</must_post_to_participate><is_locked>False</is_locked><is_auto_score>False</is_auto_score><include_nonscored_values>False</include_nonscored_values><rating_type_id>0</rating_type_id></properties><content><title>Troubleshooting #3 - Group 4</title></content></topic></topics></forum></discussion>