﻿<discussion><forum id="420" resource_code="byui_produ-370317,byui_produ-389702,byui_produ-390304,byui_produ-393108,byui_produ-412020,byui_produ-413171,byui_produ-511068,byui_produ-515787,byui_produ-578502,byui_produ-579235,byui_produ-579940,byui_produ-580272,byui_produ-580341,byui_produ-585864,byui_produ-588989,byui_produ-593871,byui_produ-594195,byui_produ-594518,byui_produ-594874,byui_produ-595392,byui_produ-598495,byui_produ-598705,byui_produ-599363,byui_produ-599709"><properties><allow_anon>False</allow_anon><display_order>75</display_order><is_hidden>False</is_hidden><requires_approval>False</requires_approval><is_locked>False</is_locked><must_post_to_participate>False</must_post_to_participate><show_description_in_topics>False</show_description_in_topics></properties><content><title>Weekly Discussion - Week 3</title></content><topics><topic id="421" resource_code="byui_produ-377892,byui_produ-389703,byui_produ-390305,byui_produ-393109,byui_produ-412021,byui_produ-413172,byui_produ-511069,byui_produ-515788,byui_produ-578503,byui_produ-579236,byui_produ-579941,byui_produ-580273,byui_produ-580342,byui_produ-585865,byui_produ-588990,byui_produ-593872,byui_produ-594196,byui_produ-594519,byui_produ-594875,byui_produ-595393,byui_produ-598496,byui_produ-598706,byui_produ-599364,byui_produ-599710"><properties><allow_anon>False</allow_anon><display_order>1</display_order><is_hidden>False</is_hidden><requires_approval>False</requires_approval><must_post_to_participate>False</must_post_to_participate><is_locked>False</is_locked><is_auto_score>False</is_auto_score><include_nonscored_values>False</include_nonscored_values><rating_type_id>0</rating_type_id></properties><content><title>Weekly Discussion - Group 1</title></content></topic><topic id="422" resource_code="byui_produ-377893,byui_produ-389704,byui_produ-390306,byui_produ-393110,byui_produ-412022,byui_produ-413173,byui_produ-511070,byui_produ-515789,byui_produ-578504,byui_produ-579237,byui_produ-579942,byui_produ-580274,byui_produ-580343,byui_produ-585866,byui_produ-588991,byui_produ-593873,byui_produ-594197,byui_produ-594520,byui_produ-594876,byui_produ-595394,byui_produ-598497,byui_produ-598707,byui_produ-599365,byui_produ-599711"><properties><allow_anon>False</allow_anon><display_order>2</display_order><is_hidden>False</is_hidden><requires_approval>False</requires_approval><must_post_to_participate>False</must_post_to_participate><is_locked>False</is_locked><is_auto_score>False</is_auto_score><include_nonscored_values>False</include_nonscored_values><rating_type_id>0</rating_type_id></properties><content><title>Weekly Discussion - Group 2</title></content></topic><topic id="423" resource_code="byui_produ-377894,byui_produ-389705,byui_produ-390307,byui_produ-393111,byui_produ-412023,byui_produ-413174,byui_produ-511071,byui_produ-515790,byui_produ-578505,byui_produ-579238,byui_produ-579943,byui_produ-580275,byui_produ-580344,byui_produ-585867,byui_produ-588992,byui_produ-593874,byui_produ-594198,byui_produ-594521,byui_produ-594877,byui_produ-595395,byui_produ-598498,byui_produ-598708,byui_produ-599366,byui_produ-599712"><properties><allow_anon>False</allow_anon><display_order>3</display_order><is_hidden>False</is_hidden><requires_approval>False</requires_approval><must_post_to_participate>False</must_post_to_participate><is_locked>False</is_locked><is_auto_score>False</is_auto_score><include_nonscored_values>False</include_nonscored_values><rating_type_id>0</rating_type_id></properties><content><title>Weekly Discussion - Group 3</title></content></topic><topic id="424" resource_code="byui_produ-377895,byui_produ-389706,byui_produ-390308,byui_produ-393112,byui_produ-412024,byui_produ-413175,byui_produ-511072,byui_produ-515791,byui_produ-578506,byui_produ-579239,byui_produ-579944,byui_produ-580276,byui_produ-580345,byui_produ-585868,byui_produ-588993,byui_produ-593875,byui_produ-594199,byui_produ-594522,byui_produ-594878,byui_produ-595396,byui_produ-598499,byui_produ-598709,byui_produ-599367,byui_produ-599713"><properties><allow_anon>False</allow_anon><display_order>4</display_order><is_hidden>False</is_hidden><requires_approval>False</requires_approval><must_post_to_participate>False</must_post_to_participate><is_locked>False</is_locked><is_auto_score>False</is_auto_score><include_nonscored_values>False</include_nonscored_values><rating_type_id>0</rating_type_id></properties><content><title>Weekly Discussion - Group 4</title></content></topic><topic id="425" resource_code="byui_produ-377896,byui_produ-389707,byui_produ-390309,byui_produ-393113,byui_produ-412025,byui_produ-413176,byui_produ-511073,byui_produ-515792,byui_produ-578507,byui_produ-579240,byui_produ-579945,byui_produ-580277,byui_produ-580346,byui_produ-585869,byui_produ-588994,byui_produ-593876,byui_produ-594200,byui_produ-594523,byui_produ-594879,byui_produ-595397,byui_produ-598500,byui_produ-598710,byui_produ-599368,byui_produ-599714"><properties><allow_anon>False</allow_anon><display_order>5</display_order><is_hidden>False</is_hidden><requires_approval>False</requires_approval><must_post_to_participate>False</must_post_to_participate><is_locked>False</is_locked><is_auto_score>False</is_auto_score><include_nonscored_values>False</include_nonscored_values><rating_type_id>0</rating_type_id></properties><content><title>Weekly Discussion - Group 5</title></content></topic><topic id="426" resource_code="byui_produ-377897,byui_produ-389708,byui_produ-390310,byui_produ-393114,byui_produ-412026,byui_produ-413177,byui_produ-511074,byui_produ-515793,byui_produ-578508,byui_produ-579241,byui_produ-579946,byui_produ-580278,byui_produ-580347,byui_produ-585870,byui_produ-588995,byui_produ-593877,byui_produ-594201,byui_produ-594524,byui_produ-594880,byui_produ-595398,byui_produ-598501,byui_produ-598711,byui_produ-599369,byui_produ-599715"><properties><allow_anon>False</allow_anon><display_order>6</display_order><is_hidden>False</is_hidden><requires_approval>False</requires_approval><must_post_to_participate>False</must_post_to_participate><is_locked>False</is_locked><is_auto_score>False</is_auto_score><include_nonscored_values>False</include_nonscored_values><rating_type_id>0</rating_type_id></properties><content><title>Weekly Discussion - Group 6</title></content></topic></topics></forum></discussion>