﻿<discussion><forum id="285"><properties><allow_anon>False</allow_anon><display_order>44</display_order><is_hidden>False</is_hidden><requires_approval>False</requires_approval><is_locked>False</is_locked><must_post_to_participate>False</must_post_to_participate><show_description_in_topics>False</show_description_in_topics></properties><content><title>Troubleshooting Forum #4</title></content><topics><topic id="286" resource_code="byui_production-1575222"><properties><allow_anon>False</allow_anon><display_order>1</display_order><is_hidden>False</is_hidden><requires_approval>False</requires_approval><must_post_to_participate>False</must_post_to_participate><is_locked>False</is_locked><is_auto_score>False</is_auto_score><include_nonscored_values>False</include_nonscored_values><rating_type_id>0</rating_type_id></properties><content><title>Troubleshooting #4 Group 1</title></content></topic><topic id="287" resource_code="byui_production-1575223"><properties><allow_anon>False</allow_anon><display_order>2</display_order><is_hidden>False</is_hidden><requires_approval>False</requires_approval><must_post_to_participate>False</must_post_to_participate><is_locked>False</is_locked><is_auto_score>False</is_auto_score><include_nonscored_values>False</include_nonscored_values><rating_type_id>0</rating_type_id></properties><content><title>Troubleshooting #4 Group 2</title></content></topic><topic id="288" resource_code="byui_production-1575224"><properties><allow_anon>False</allow_anon><display_order>3</display_order><is_hidden>False</is_hidden><requires_approval>False</requires_approval><must_post_to_participate>False</must_post_to_participate><is_locked>False</is_locked><is_auto_score>False</is_auto_score><include_nonscored_values>False</include_nonscored_values><rating_type_id>0</rating_type_id></properties><content><title>Troubleshooting #4 Group 3</title></content></topic><topic id="289" resource_code="byui_production-1575225"><properties><allow_anon>False</allow_anon><display_order>4</display_order><is_hidden>False</is_hidden><requires_approval>False</requires_approval><must_post_to_participate>False</must_post_to_participate><is_locked>False</is_locked><is_auto_score>False</is_auto_score><include_nonscored_values>False</include_nonscored_values><rating_type_id>0</rating_type_id></properties><content><title>Troubleshooting #4 Group 4</title></content></topic></topics></forum></discussion>