﻿<discussion><forum id="345" resource_code="byui_produ-600539,byui_produ-600849,byui_produ-602934,byui_produ-609538"><properties><allow_anon>False</allow_anon><display_order>58</display_order><is_hidden>False</is_hidden><requires_approval>False</requires_approval><is_locked>False</is_locked><must_post_to_participate>False</must_post_to_participate><show_description_in_topics>False</show_description_in_topics></properties><content><title>Weekly Discussion - Week 4</title></content><topics><topic id="346" resource_code="byui_produ-600540,byui_produ-600850,byui_produ-602935,byui_produ-609539"><properties><allow_anon>False</allow_anon><display_order>1</display_order><is_hidden>False</is_hidden><requires_approval>False</requires_approval><must_post_to_participate>False</must_post_to_participate><is_locked>False</is_locked><is_auto_score>False</is_auto_score><include_nonscored_values>False</include_nonscored_values><rating_type_id>0</rating_type_id></properties><content><title>Weekly Discussion - Group 1</title></content></topic><topic id="347" resource_code="byui_produ-600541,byui_produ-600851,byui_produ-602936,byui_produ-609540"><properties><allow_anon>False</allow_anon><display_order>2</display_order><is_hidden>False</is_hidden><requires_approval>False</requires_approval><must_post_to_participate>False</must_post_to_participate><is_locked>False</is_locked><is_auto_score>False</is_auto_score><include_nonscored_values>False</include_nonscored_values><rating_type_id>0</rating_type_id></properties><content><title>Weekly Discussion - Group 2</title></content></topic><topic id="348" resource_code="byui_produ-600542,byui_produ-600852,byui_produ-602937,byui_produ-609541"><properties><allow_anon>False</allow_anon><display_order>3</display_order><is_hidden>False</is_hidden><requires_approval>False</requires_approval><must_post_to_participate>False</must_post_to_participate><is_locked>False</is_locked><is_auto_score>False</is_auto_score><include_nonscored_values>False</include_nonscored_values><rating_type_id>0</rating_type_id></properties><content><title>Weekly Discussion - Group 3</title></content></topic><topic id="349" resource_code="byui_produ-600543,byui_produ-600853,byui_produ-602938,byui_produ-609542"><properties><allow_anon>False</allow_anon><display_order>4</display_order><is_hidden>False</is_hidden><requires_approval>False</requires_approval><must_post_to_participate>False</must_post_to_participate><is_locked>False</is_locked><is_auto_score>False</is_auto_score><include_nonscored_values>False</include_nonscored_values><rating_type_id>0</rating_type_id></properties><content><title>Weekly Discussion - Group 4</title></content></topic><topic id="350" resource_code="byui_produ-600544,byui_produ-600854,byui_produ-602939,byui_produ-609543"><properties><allow_anon>False</allow_anon><display_order>5</display_order><is_hidden>False</is_hidden><requires_approval>False</requires_approval><must_post_to_participate>False</must_post_to_participate><is_locked>False</is_locked><is_auto_score>False</is_auto_score><include_nonscored_values>False</include_nonscored_values><rating_type_id>0</rating_type_id></properties><content><title>Weekly Discussion - Group 5</title></content></topic><topic id="351" resource_code="byui_produ-600545,byui_produ-600855,byui_produ-602940,byui_produ-609544"><properties><allow_anon>False</allow_anon><display_order>6</display_order><is_hidden>False</is_hidden><requires_approval>False</requires_approval><must_post_to_participate>False</must_post_to_participate><is_locked>False</is_locked><is_auto_score>False</is_auto_score><include_nonscored_values>False</include_nonscored_values><rating_type_id>0</rating_type_id></properties><content><title>Weekly Discussion - Group 6</title></content></topic><topic id="352" resource_code="byui_production-1351793"><properties><allow_anon>False</allow_anon><display_order>7</display_order><is_hidden>False</is_hidden><requires_approval>False</requires_approval><must_post_to_participate>False</must_post_to_participate><is_locked>False</is_locked><score_out_of>10</score_out_of><is_auto_score>False</is_auto_score><include_nonscored_values>False</include_nonscored_values><rating_type_id>0</rating_type_id></properties><content><title>Troubleshooting Group</title></content></topic></topics></forum></discussion>