﻿<discussion><forum id="509" resource_code="byui_production-1230333"><properties><allow_anon>False</allow_anon><display_order>100</display_order><is_hidden>False</is_hidden><requires_approval>False</requires_approval><is_locked>False</is_locked><must_post_to_participate>False</must_post_to_participate><show_description_in_topics>False</show_description_in_topics></properties><content><title>Lesson 14</title></content><topics><topic id="510" resource_code="byui_production-1230334"><properties><allow_anon>False</allow_anon><display_order>1</display_order><is_hidden>False</is_hidden><requires_approval>False</requires_approval><must_post_to_participate>False</must_post_to_participate><is_locked>False</is_locked><is_auto_score>False</is_auto_score><include_nonscored_values>False</include_nonscored_values><rating_type_id>0</rating_type_id></properties><content><title>L14 Questions and Conversations</title></content></topic></topics></forum></discussion>