﻿<discussion><forum id="468" resource_code="byui_produ-404967,byui_produ-413191,byui_produ-511088,byui_produ-515832,byui_produ-580317,byui_produ-580386,byui_produ-593916,byui_produ-594240,byui_produ-594563,byui_produ-594919,byui_produ-595437"><properties><allow_anon>False</allow_anon><display_order>84</display_order><is_hidden>False</is_hidden><requires_approval>False</requires_approval><is_locked>False</is_locked><must_post_to_participate>False</must_post_to_participate><show_description_in_topics>False</show_description_in_topics></properties><content><title>Troubleshooting Forum #8</title></content><topics><topic id="469" resource_code="byui_produ-408107,byui_produ-413192,byui_produ-511089,byui_produ-515833,byui_produ-580318,byui_produ-580387,byui_produ-593917,byui_produ-594241,byui_produ-594564,byui_produ-594920,byui_produ-595438"><properties><allow_anon>False</allow_anon><display_order>1</display_order><is_hidden>False</is_hidden><requires_approval>False</requires_approval><must_post_to_participate>False</must_post_to_participate><is_locked>False</is_locked><score_out_of>10</score_out_of><is_auto_score>False</is_auto_score><grade_item_id>byui_produ-408090</grade_item_id><include_nonscored_values>False</include_nonscored_values><rating_type_id>0</rating_type_id></properties><content><title>Troubleshooting #8 - Group 1</title></content></topic><topic id="470" resource_code="byui_produ-408108,byui_produ-413193,byui_produ-511090,byui_produ-515834,byui_produ-580319,byui_produ-580388,byui_produ-593918,byui_produ-594242,byui_produ-594565,byui_produ-594921,byui_produ-595439"><properties><allow_anon>False</allow_anon><display_order>2</display_order><is_hidden>False</is_hidden><requires_approval>False</requires_approval><must_post_to_participate>False</must_post_to_participate><is_locked>False</is_locked><score_out_of>10</score_out_of><is_auto_score>False</is_auto_score><grade_item_id>byui_produ-408091</grade_item_id><include_nonscored_values>False</include_nonscored_values><rating_type_id>0</rating_type_id></properties><content><title>Troubleshooting #8 - Group 2</title></content></topic><topic id="471" resource_code="byui_produ-408109,byui_produ-413194,byui_produ-511091,byui_produ-515835,byui_produ-580320,byui_produ-580389,byui_produ-593919,byui_produ-594243,byui_produ-594566,byui_produ-594922,byui_produ-595440"><properties><allow_anon>False</allow_anon><display_order>3</display_order><is_hidden>False</is_hidden><requires_approval>False</requires_approval><must_post_to_participate>False</must_post_to_participate><is_locked>False</is_locked><score_out_of>10</score_out_of><is_auto_score>False</is_auto_score><grade_item_id>byui_produ-408093</grade_item_id><include_nonscored_values>False</include_nonscored_values><rating_type_id>0</rating_type_id></properties><content><title>Troubleshooting #8 - Group 3</title></content></topic><topic id="472" resource_code="byui_produ-408110,byui_produ-413195,byui_produ-511092,byui_produ-515836,byui_produ-580321,byui_produ-580390,byui_produ-593920,byui_produ-594244,byui_produ-594567,byui_produ-594923,byui_produ-595441"><properties><allow_anon>False</allow_anon><display_order>4</display_order><is_hidden>False</is_hidden><requires_approval>False</requires_approval><must_post_to_participate>False</must_post_to_participate><is_locked>False</is_locked><score_out_of>10</score_out_of><is_auto_score>False</is_auto_score><grade_item_id>byui_produ-408092</grade_item_id><include_nonscored_values>False</include_nonscored_values><rating_type_id>0</rating_type_id></properties><content><title>Troubleshooting #8 - Group 4</title></content></topic></topics></forum></discussion>