﻿<discussion><forum id="295"><properties><allow_anon>False</allow_anon><display_order>46</display_order><is_hidden>False</is_hidden><requires_approval>False</requires_approval><is_locked>False</is_locked><must_post_to_participate>False</must_post_to_participate><show_description_in_topics>False</show_description_in_topics></properties><content><title>Troubleshooting Forum #6</title></content><topics><topic id="296" resource_code="byui_production-1575230"><properties><allow_anon>False</allow_anon><display_order>1</display_order><is_hidden>False</is_hidden><requires_approval>False</requires_approval><must_post_to_participate>False</must_post_to_participate><is_locked>False</is_locked><is_auto_score>False</is_auto_score><include_nonscored_values>False</include_nonscored_values><rating_type_id>0</rating_type_id></properties><content><title>Troubleshooting #6 - Group 1</title></content></topic><topic id="297" resource_code="byui_production-1575231"><properties><allow_anon>False</allow_anon><display_order>2</display_order><is_hidden>False</is_hidden><requires_approval>False</requires_approval><must_post_to_participate>False</must_post_to_participate><is_locked>False</is_locked><is_auto_score>False</is_auto_score><include_nonscored_values>False</include_nonscored_values><rating_type_id>0</rating_type_id></properties><content><title>Troubleshooting #6 - Group 2</title></content></topic><topic id="298" resource_code="byui_production-1575232"><properties><allow_anon>False</allow_anon><display_order>3</display_order><is_hidden>False</is_hidden><requires_approval>False</requires_approval><must_post_to_participate>False</must_post_to_participate><is_locked>False</is_locked><is_auto_score>False</is_auto_score><include_nonscored_values>False</include_nonscored_values><rating_type_id>0</rating_type_id></properties><content><title>Troubleshooting #6 - Group 3</title></content></topic><topic id="299" resource_code="byui_production-1575233"><properties><allow_anon>False</allow_anon><display_order>4</display_order><is_hidden>False</is_hidden><requires_approval>False</requires_approval><must_post_to_participate>False</must_post_to_participate><is_locked>False</is_locked><is_auto_score>False</is_auto_score><include_nonscored_values>False</include_nonscored_values><rating_type_id>0</rating_type_id></properties><content><title>Troubleshooting #6 - Group 4</title></content></topic></topics></forum></discussion>