﻿<discussion><forum id="466" resource_code="byui_produ-408102,byui_produ-413185,byui_produ-511082,byui_produ-515830,byui_produ-580315,byui_produ-580384,byui_produ-593914,byui_produ-594238,byui_produ-594561,byui_produ-594917,byui_produ-595435"><properties><allow_anon>False</allow_anon><display_order>83</display_order><is_hidden>False</is_hidden><requires_approval>False</requires_approval><is_locked>False</is_locked><must_post_to_participate>False</must_post_to_participate><show_description_in_topics>False</show_description_in_topics></properties><content><title>Troubleshooting Forum #7</title></content><topics><topic id="467" resource_code="byui_produ-404948,byui_produ-413186,byui_produ-511083,byui_produ-515831,byui_produ-580316,byui_produ-580385,byui_produ-593915,byui_produ-594239,byui_produ-594562,byui_produ-594918,byui_produ-595436"><properties><allow_anon>False</allow_anon><display_order>1</display_order><is_hidden>False</is_hidden><requires_approval>False</requires_approval><must_post_to_participate>False</must_post_to_participate><is_locked>False</is_locked><is_auto_score>False</is_auto_score><include_nonscored_values>False</include_nonscored_values><rating_type_id>0</rating_type_id></properties><content><title>Troubleshooting  #7</title></content></topic></topics></forum></discussion>