﻿<dropbox><folder name="Chapter 02 Charms" id="519" folder_type="2" sort_order="2" folder_is_retricted="false" files_per_submission="0" submissions="2" resource_code="byui_production-1352456" is_hidden="false"><date_end>2016-02-19T19:03:00</date_end><date_due>2016-02-19T15:00:00</date_due></folder><folder name="Syllabus" id="520" folder_type="2" sort_order="3" folder_is_retricted="false" files_per_submission="0" submissions="2" resource_code="byui_production-1575271" is_hidden="false"><instructions text_type="text/html"><text /></instructions></folder><folder name="Unit One Group Report" id="521" folder_type="1" folder_group_type="11420" sort_order="4" folder_is_retricted="false" files_per_submission="1" submissions="4" resource_code="byui_production-1575272" is_hidden="false"><date_due>2032-02-02T15:00:00</date_due></folder><folder name="XC Opportunity - Muggle Documentary on Vampires" id="522" folder_type="1" folder_group_type="11419" sort_order="5" out_of="10.000000000" grade_item="byui_production-1575273" folder_is_retricted="false" files_per_submission="0" submissions="2" resource_code="byui_produ-664994" is_hidden="false" /><folder name="Chapter 01 Charms" id="523" folder_type="2" sort_order="7" out_of="10.000000000" grade_item="byui_production-1575274" folder_is_retricted="false" files_per_submission="0" submissions="2" resource_code="byui_production-1575275" is_hidden="false" /><folder name="Chapter 02 Charms" id="524" folder_type="2" sort_order="8" folder_is_retricted="false" files_per_submission="0" submissions="2" resource_code="byui_production-1391530" is_hidden="false"><date_due>2018-02-19T15:00:00</date_due></folder><folder name="Syllabus" id="525" folder_type="2" sort_order="9" folder_is_retricted="false" files_per_submission="0" submissions="2" resource_code="byui_production-1575276" is_hidden="false" /><folder name="Unit One Group Report" id="526" folder_type="1" folder_group_type="40241" sort_order="10" folder_is_retricted="false" files_per_submission="1" submissions="4" resource_code="byui_production-1575277" is_hidden="false"><date_due>2032-02-02T15:00:00</date_due></folder><folder name="JB - Force Dropbox" id="527" folder_type="1" folder_group_type="40248" sort_order="11" folder_is_retricted="false" files_per_submission="0" submissions="2" resource_code="byui_production-1575278" is_hidden="false"><instructions text_type="text/html"><text /></instructions></folder><folder name="Chapter 01 Charms" id="528" folder_type="2" sort_order="12" out_of="10.000000000" grade_item="byui_production-1575279" folder_is_retricted="false" files_per_submission="0" submissions="2" resource_code="byui_production-1575280" is_hidden="false" /><folder name="Chapter 02 Charms" id="529" folder_type="2" sort_order="13" folder_is_retricted="false" files_per_submission="0" submissions="2" resource_code="byui_production-1391531" is_hidden="false"><date_due>2018-02-19T15:00:00</date_due></folder><folder name="Syllabus" id="530" folder_type="2" sort_order="14" folder_is_retricted="false" files_per_submission="0" submissions="2" resource_code="byui_production-1575281" is_hidden="false"><instructions text_type="text/html"><text /></instructions></folder><folder name="Unit One Group Report" id="531" folder_type="1" folder_group_type="40251" sort_order="15" folder_is_retricted="false" files_per_submission="1" submissions="4" resource_code="byui_production-1575282" is_hidden="false"><date_due>2032-02-02T15:00:00</date_due></folder><folder name="JB - Force Dropbox" id="532" folder_type="1" folder_group_type="40258" sort_order="16" folder_is_retricted="false" files_per_submission="0" submissions="2" resource_code="byui_production-1575283" is_hidden="false"><instructions text_type="text/html"><text /></instructions></folder><folder name="Chapter 01 Charms" id="533" folder_type="2" sort_order="17" out_of="10.000000000" grade_item="byui_produ-600809" folder_is_retricted="false" files_per_submission="0" submissions="2" resource_code="byui_produ-600519,byui_produ-600690,byui_produ-600829,byui_produ-602914,byui_produ-609518" is_hidden="false" /><folder name="Chapter 02 Charms" id="534" folder_type="2" sort_order="18" folder_is_retricted="false" files_per_submission="0" submissions="2" resource_code="byui_produ-600520,byui_produ-600691,byui_produ-600830,byui_produ-602915,byui_produ-609519" is_hidden="false"><date_due>2018-02-19T15:00:00</date_due></folder><folder name="Syllabus" id="535" folder_type="2" sort_order="19" folder_is_retricted="false" files_per_submission="0" submissions="2" resource_code="byui_produ-600521,byui_produ-600831,byui_produ-602916,byui_produ-609520" is_hidden="false"><instructions text_type="text/html"><text /></instructions></folder><folder name="Unit One Group Report" id="536" folder_type="1" folder_group_type="40261" sort_order="20" folder_is_retricted="false" files_per_submission="1" submissions="4" resource_code="byui_produ-600522,byui_produ-600832,byui_produ-602917,byui_produ-609521" is_hidden="false"><date_due>2032-02-02T15:00:00</date_due></folder><folder name="JB - Force Dropbox" id="537" folder_type="1" folder_group_type="40268" sort_order="21" folder_is_retricted="false" files_per_submission="0" submissions="2" resource_code="byui_produ-632313" is_hidden="false"><instructions text_type="text/html"><text /></instructions></folder><folder name="Chapter 01 Charms" id="538" folder_type="2" sort_order="22" out_of="10.000000000" grade_item="byui_produ-377880" folder_is_retricted="false" files_per_submission="0" submissions="2" resource_code="byui_produ-27785,byui_produ-389687,byui_produ-390288,byui_produ-393093,byui_produ-412005,byui_produ-413156,byui_produ-511053,byui_produ-515774,byui_produ-578489,byui_produ-579222,byui_produ-579927,byui_produ-580255,byui_produ-580256,byui_produ-585851,byui_produ-588976,byui_produ-593725,byui_produ-593858,byui_produ-594182,byui_produ-594505,byui_produ-594861,byui_produ-595379,byui_produ-598482,byui_produ-598692,byui_produ-599350,byui_produ-599696" is_hidden="false" /><folder name="Chapter 02 Charms" id="539" folder_type="2" sort_order="23" folder_is_retricted="false" files_per_submission="0" submissions="2" resource_code="byui_produ-27799,byui_produ-389688,byui_produ-390289,byui_produ-393094,byui_produ-412006,byui_produ-413157,byui_produ-511054,byui_produ-515775,byui_produ-578490,byui_produ-579223,byui_produ-579928,byui_produ-580257,byui_produ-580258,byui_produ-585852,byui_produ-588977,byui_produ-593726,byui_produ-593859,byui_produ-594183,byui_produ-594506,byui_produ-594862,byui_produ-595380,byui_produ-598483,byui_produ-598693,byui_produ-599351,byui_produ-599697" is_hidden="false"><instructions text_type="text/html"><text /></instructions><date_due>2018-02-19T15:00:00</date_due></folder><folder name="Syllabus" id="540" folder_type="2" sort_order="24" folder_is_retricted="false" files_per_submission="0" submissions="2" resource_code="byui_produ-348354,byui_produ-389691,byui_produ-390292,byui_produ-393097,byui_produ-412009,byui_produ-413160,byui_produ-511057,byui_produ-515776,byui_produ-578491,byui_produ-579224,byui_produ-579929,byui_produ-580259,byui_produ-580260,byui_produ-585853,byui_produ-588978,byui_produ-593860,byui_produ-594184,byui_produ-594507,byui_produ-594863,byui_produ-595381,byui_produ-598484,byui_produ-598694,byui_produ-599352,byui_produ-599698" is_hidden="false"><instructions text_type="text/html"><text /></instructions></folder><folder name="Unit One Group Report" id="541" folder_type="1" folder_group_type="40279" sort_order="25" folder_is_retricted="false" files_per_submission="1" submissions="4" resource_code="byui_produ-370332,byui_produ-389692,byui_produ-390293,byui_produ-393098,byui_produ-412010,byui_produ-413161,byui_produ-511058,byui_produ-515777,byui_produ-578492,byui_produ-579225,byui_produ-579930,byui_produ-580261,byui_produ-580262,byui_produ-585854,byui_produ-588979,byui_produ-593861,byui_produ-594185,byui_produ-594508,byui_produ-594864,byui_produ-595382,byui_produ-598485,byui_produ-598695,byui_produ-599353,byui_produ-599699" is_hidden="false"><date_due>2032-02-02T15:00:00</date_due></folder><folder name="Potato" id="542" folder_type="2" sort_order="26" folder_is_retricted="false" files_per_submission="0" submissions="2" resource_code="byui_production-1357664" is_hidden="false" /><category name="Lesson 4" sort_order="1" id="543"><folder name="L04 Practice Assignment" id="544" folder_type="2" sort_order="6" folder_is_retricted="false" files_per_submission="0" submissions="2" resource_code="byui_production-1575284" is_hidden="false" /></category><category name="Chapter 01 Charms" sort_order="2" id="545"><folder name="Chapter 01 Charms" id="546" folder_type="2" sort_order="1" out_of="10.000000000" grade_item="byui_production-1575285" folder_is_retricted="false" files_per_submission="0" submissions="2" resource_code="byui_production-1352451" is_hidden="false" /></category></dropbox>