﻿<?xml version="1.0" encoding="UTF-8"?>
<manifest identifier="D2L_65437" xmlns:d2l_2p0="http://desire2learn.com/xsd/d2lcp_v2p0" xmlns:scorm_1p2="http://www.adlnet.org/xsd/adlcp_rootv1p2" xmlns="http://www.imsglobal.org/xsd/imscp_v1p1">
    <organizations default="d2l_orgs">
        <organization identifier="d2l_org">
            <item identifier="4846456" identifierref="RES_CONTENT_4846456" d2l_2p0:id="1" d2l_2p0:resource_code="byui_produ-156133" description="" completion_type="2">
                <title>Welcome</title>
                <item identifier="4846457" identifierref="RES_CONTENT_4846457" d2l_2p0:id="2" d2l_2p0:resource_code="byui_produ-13689" description="" completion_type="1" resource_type_key="">
                    <title>Syllabus</title>
                </item>
                <item identifier="4846458" identifierref="RES_CONTENT_4846458" d2l_2p0:id="3" d2l_2p0:resource_code="byui_production-1343779" description="" completion_type="1" resource_type_key="">
                    <title>How to Understand Due Dates</title>
                </item>
                <item identifier="4846459" identifierref="RES_CONTENT_4846459" d2l_2p0:id="4" d2l_2p0:resource_code="byui_production-1343780" description="" completion_type="1" resource_type_key="">
                    <title>Weekly Patterns and Expectations</title>
                </item>
                <item identifier="4846460" identifierref="RES_CONTENT_4846460" d2l_2p0:id="5" d2l_2p0:resource_code="byui_production-1343781" description="&lt;p&gt;&lt;span style=&quot;color: #cc0000;&quot;&gt;&lt;strong&gt;Optional: &lt;/strong&gt;To be included at the discretion of the Course Council.&lt;/span&gt;&lt;/p&gt;" completion_type="1" resource_type_key="">
                    <title>Student Study Plan</title>
                </item>
            </item>
            <item identifier="4846461" identifierref="RES_CONTENT_4846461" d2l_2p0:id="6" d2l_2p0:resource_code="byui_produ-3942" description="" completion_type="2">
                <title>Instructor Resources</title>
                <item identifier="4846462" identifierref="RES_CONTENT_4846462" d2l_2p0:id="7" d2l_2p0:resource_code="byui_produ-13683" description="" completion_type="3" resource_type_key="">
                    <title>Setup for Course Instructor</title>
                </item>
                <item identifier="4846463" identifierref="RES_CONTENT_4846463" d2l_2p0:id="8" d2l_2p0:resource_code="byui_produ-13685" description="" completion_type="3" resource_type_key="">
                    <title>General Lesson Notes</title>
                </item>
                <item identifier="4846464" identifierref="RES_CONTENT_4846464" d2l_2p0:id="9" d2l_2p0:resource_code="byui_produ-11854" description="" completion_type="3" resource_type_key="">
                    <title>Course Map</title>
                </item>
                <item identifier="4846465" identifierref="RES_CONTENT_4846465" d2l_2p0:id="10" d2l_2p0:resource_code="byui_produ-3945" description="" completion_type="3" resource_type_key="">
                    <title>Teaching Group Directory</title>
                </item>
                <item identifier="4846466" identifierref="RES_CONTENT_4846466" d2l_2p0:id="11" d2l_2p0:resource_code="byui_produ-3946" description="" completion_type="3" resource_type_key="">
                    <title>Online Instructor Community</title>
                </item>
                <item identifier="4846467" identifierref="RES_CONTENT_4846467" d2l_2p0:id="12" d2l_2p0:resource_code="byui_produ-3944" description="" completion_type="3" resource_type_key="">
                    <title>Course Maintenance Requests</title>
                </item>
                <item identifier="4846468" identifierref="RES_CONTENT_4846468" d2l_2p0:id="13" d2l_2p0:resource_code="byui_produ-13686" description="" completion_type="3" resource_type_key="">
                    <title>Release Notes</title>
                </item>
                <item identifier="4846469" identifierref="RES_CONTENT_4846469" d2l_2p0:id="14" d2l_2p0:resource_code="byui_production-1343777" description="" completion_type="2">
                    <title>Course Support</title>
                    <item identifier="4846470" identifierref="RES_CONTENT_4846470" d2l_2p0:id="15" d2l_2p0:resource_code="byui_produ-13684" description="" completion_type="3" resource_type_key="">
                        <title>Setup Notes for Development Team</title>
                    </item>
                </item>
                <item identifier="4846471" identifierref="RES_CONTENT_4846471" d2l_2p0:id="16" d2l_2p0:resource_code="byui_production-1343778" description="" completion_type="2">
                    <title>Course Development</title>
                    <item identifier="4846472" identifierref="RES_CONTENT_4846472" d2l_2p0:id="17" d2l_2p0:resource_code="byui_production-1585209" description="" completion_type="3" resource_type_key="">
                        <title>Copyediting Style Sheet</title>
                    </item>
                    <item identifier="4846473" identifierref="RES_CONTENT_4846473" d2l_2p0:id="18" d2l_2p0:resource_code="byui_production-1585210" description="&lt;p&gt;This Equella contribution houses all copyright documentation for this course. Designers can add to the contribution, as needed, during development and improvement projects. If this link doesn't take you to a course-specific contribution in Equella for copyright permission, please contact the LMS team in Technical Operations to have one created.&lt;/p&gt;" completion_type="3" resource_type_key="">
                        <title>Copyright Permissions</title>
                    </item>
                    <item identifier="4846474" identifierref="RES_CONTENT_4846474" d2l_2p0:id="19" d2l_2p0:resource_code="byui_production-1343785" description="" completion_type="3" resource_type_key="">
                        <title>Guidelines for Buttons</title>
                    </item>
                    <item identifier="4846475" identifierref="RES_CONTENT_4846475" d2l_2p0:id="20" d2l_2p0:resource_code="byui_production-1343786" description="&lt;p&gt;&lt;span style=&quot;color: #cf2a27;&quot;&gt;&lt;strong&gt;Optional:&amp;nbsp;&lt;/strong&gt;This tool is used on a course-by-course basis. It provides functionality to HTML pages for Syntax Highlighting, which may be especially useful in CIT, CS, ECEN, ME, and other courses. Please contact the LMS team if you would like this feature added. If not, just delete this page using the second option in the delete menu.&lt;/span&gt;&lt;/p&gt;" completion_type="3" resource_type_key="">
                        <title>Syntax Highlighter</title>
                    </item>
                </item>
            </item>
            <item identifier="4846476" identifierref="RES_CONTENT_4846476" d2l_2p0:id="21" d2l_2p0:resource_code="byui_produ-3952" description="&lt;h3&gt;Lesson&amp;nbsp;Sub-title&lt;/h3&gt;" completion_type="2">
                <title>Lesson 01</title>
                <item identifier="4846477" identifierref="RES_CONTENT_4846477" d2l_2p0:id="22" d2l_2p0:resource_code="byui_produ-3953" description="" completion_type="3" resource_type_key="">
                    <title>L01 Lesson Notes</title>
                </item>
                <item identifier="4846478" identifierref="RES_CONTENT_4846478" d2l_2p0:id="23" d2l_2p0:resource_code="byui_produ-3956" description="" completion_type="3" resource_type_key="">
                    <title>Notes From Instructor Q&amp;A</title>
                </item>
                <item identifier="4846479" identifierref="RES_CONTENT_4846479" d2l_2p0:id="24" d2l_2p0:resource_code="byui_produ-104290" description="" completion_type="1" resource_type_key="">
                    <title>L01 Orientation to Online Learning</title>
                </item>
                <item identifier="4846480" identifierref="RES_CONTENT_4846480" d2l_2p0:id="25" d2l_2p0:resource_code="byui_produ-21465" description="" completion_type="1" resource_type_key="">
                    <title>L01 Syllabus</title>
                </item>
                <item identifier="4846481" identifierref="RES_CONTENT_4846481" d2l_2p0:id="26" d2l_2p0:resource_code="byui_produ-179083" description="" completion_type="2" resource_type_key="">
                    <title>/d2l/common/dialogs/quickLink/quickLink.d2l?ou={orgUnitId}&amp;type=quiz&amp;rCode=byui_produ-162812</title>
                </item>
            </item>
            <item identifier="4846482" identifierref="RES_CONTENT_4846482" d2l_2p0:id="27" d2l_2p0:resource_code="byui_produ-3959" description="&lt;h3&gt;Lesson&amp;nbsp;Sub-title&lt;/h3&gt;" completion_type="2">
                <title>Lesson 02</title>
                <item identifier="4846483" identifierref="RES_CONTENT_4846483" d2l_2p0:id="28" d2l_2p0:resource_code="byui_produ-11856" description="" completion_type="3" resource_type_key="">
                    <title>L02 Lesson Notes</title>
                </item>
                <item identifier="4846484" identifierref="RES_CONTENT_4846484" d2l_2p0:id="29" d2l_2p0:resource_code="byui_produ-3961" description="" completion_type="3" resource_type_key="">
                    <title>Notes from Instructor Q&amp;A</title>
                </item>
            </item>
            <item identifier="4846485" identifierref="RES_CONTENT_4846485" d2l_2p0:id="30" d2l_2p0:resource_code="byui_produ-3962" description="&lt;h3&gt;Lesson&amp;nbsp;Sub-title&lt;/h3&gt;" completion_type="2">
                <title>Lesson 03</title>
                <item identifier="4846486" identifierref="RES_CONTENT_4846486" d2l_2p0:id="31" d2l_2p0:resource_code="byui_produ-11857" description="" completion_type="3" resource_type_key="">
                    <title>L03 Lesson Notes</title>
                </item>
                <item identifier="4846487" identifierref="RES_CONTENT_4846487" d2l_2p0:id="32" d2l_2p0:resource_code="byui_produ-3964" description="" completion_type="3" resource_type_key="">
                    <title>Notes from Instructor Q&amp;A</title>
                </item>
            </item>
            <item identifier="4846488" identifierref="RES_CONTENT_4846488" d2l_2p0:id="33" d2l_2p0:resource_code="byui_produ-3965" description="&lt;h3&gt;Lesson&amp;nbsp;Sub-title&lt;/h3&gt;" completion_type="2">
                <title>Lesson 04</title>
                <item identifier="4846489" identifierref="RES_CONTENT_4846489" d2l_2p0:id="34" d2l_2p0:resource_code="byui_produ-11858" description="" completion_type="3" resource_type_key="">
                    <title>L04 Lesson Notes</title>
                </item>
                <item identifier="4846490" identifierref="RES_CONTENT_4846490" d2l_2p0:id="35" d2l_2p0:resource_code="byui_produ-3967" description="" completion_type="3" resource_type_key="">
                    <title>Notes from Instructor Q&amp;A</title>
                </item>
            </item>
            <item identifier="4846491" identifierref="RES_CONTENT_4846491" d2l_2p0:id="36" d2l_2p0:resource_code="byui_produ-3968" description="&lt;h3&gt;Lesson Sub-title&lt;/h3&gt;" completion_type="2">
                <title>Lesson 05</title>
                <item identifier="4846492" identifierref="RES_CONTENT_4846492" d2l_2p0:id="37" d2l_2p0:resource_code="byui_produ-11859" description="" completion_type="3" resource_type_key="">
                    <title>L05 Lesson Notes</title>
                </item>
                <item identifier="4846493" identifierref="RES_CONTENT_4846493" d2l_2p0:id="38" d2l_2p0:resource_code="byui_produ-3970" description="" completion_type="3" resource_type_key="">
                    <title>Notes from Instructor Q&amp;A</title>
                </item>
            </item>
            <item identifier="4846494" identifierref="RES_CONTENT_4846494" d2l_2p0:id="39" d2l_2p0:resource_code="byui_produ-3971" description="&lt;h3&gt;Lesson Sub-title&lt;/h3&gt;" completion_type="2">
                <title>Lesson 06</title>
                <item identifier="4846495" identifierref="RES_CONTENT_4846495" d2l_2p0:id="40" d2l_2p0:resource_code="byui_produ-11860" description="" completion_type="3" resource_type_key="">
                    <title>L06 Lesson Notes</title>
                </item>
                <item identifier="4846496" identifierref="RES_CONTENT_4846496" d2l_2p0:id="41" d2l_2p0:resource_code="byui_produ-3973" description="" completion_type="3" resource_type_key="">
                    <title>Notes from Instructor Q&amp;A</title>
                </item>
                <item identifier="4846497" identifierref="RES_CONTENT_4846497" d2l_2p0:id="42" d2l_2p0:resource_code="byui_produ-3974" description="" completion_type="2" resource_type_key="">
                    <title>/d2l/common/dialogs/quickLink/quickLink.d2l?ou={orgUnitId}&amp;type=quiz&amp;rCode=byui_produ-2945</title>
                </item>
            </item>
            <item identifier="4846498" identifierref="RES_CONTENT_4846498" d2l_2p0:id="43" d2l_2p0:resource_code="byui_produ-3975" description="&lt;h3&gt;Lesson Sub-title&lt;/h3&gt;" completion_type="2">
                <title>Lesson 07</title>
                <item identifier="4846499" identifierref="RES_CONTENT_4846499" d2l_2p0:id="44" d2l_2p0:resource_code="byui_produ-11861" description="" completion_type="3" resource_type_key="">
                    <title>L07 Lesson Notes</title>
                </item>
                <item identifier="4846500" identifierref="RES_CONTENT_4846500" d2l_2p0:id="45" d2l_2p0:resource_code="byui_produ-3977" description="" completion_type="3" resource_type_key="">
                    <title>Notes from Instructor Q&amp;A</title>
                </item>
            </item>
            <item identifier="4846501" identifierref="RES_CONTENT_4846501" d2l_2p0:id="46" d2l_2p0:resource_code="byui_produ-3978" description="&lt;h3&gt;Lesson Sub-title&lt;/h3&gt;" completion_type="2">
                <title>Lesson 08</title>
                <item identifier="4846502" identifierref="RES_CONTENT_4846502" d2l_2p0:id="47" d2l_2p0:resource_code="byui_produ-11862" description="" completion_type="3" resource_type_key="">
                    <title>L08 Lesson Notes</title>
                </item>
                <item identifier="4846503" identifierref="RES_CONTENT_4846503" d2l_2p0:id="48" d2l_2p0:resource_code="byui_produ-3980" description="" completion_type="3" resource_type_key="">
                    <title>Notes from Instructor Q&amp;A</title>
                </item>
            </item>
            <item identifier="4846504" identifierref="RES_CONTENT_4846504" d2l_2p0:id="49" d2l_2p0:resource_code="byui_produ-3981" description="&lt;h3&gt;Lesson Sub-title&lt;/h3&gt;" completion_type="2">
                <title>Lesson 09</title>
                <item identifier="4846505" identifierref="RES_CONTENT_4846505" d2l_2p0:id="50" d2l_2p0:resource_code="byui_produ-11863" description="" completion_type="3" resource_type_key="">
                    <title>L09 Lesson Notes</title>
                </item>
                <item identifier="4846506" identifierref="RES_CONTENT_4846506" d2l_2p0:id="51" d2l_2p0:resource_code="byui_produ-3983" description="" completion_type="3" resource_type_key="">
                    <title>Notes from Instructor Q&amp;A</title>
                </item>
            </item>
            <item identifier="4846507" identifierref="RES_CONTENT_4846507" d2l_2p0:id="52" d2l_2p0:resource_code="byui_produ-3984" description="&lt;h3&gt;Lesson Sub-title&lt;/h3&gt;" completion_type="2">
                <title>Lesson 10</title>
                <item identifier="4846508" identifierref="RES_CONTENT_4846508" d2l_2p0:id="53" d2l_2p0:resource_code="byui_produ-11864" description="" completion_type="3" resource_type_key="">
                    <title>L10 Lesson Notes</title>
                </item>
                <item identifier="4846509" identifierref="RES_CONTENT_4846509" d2l_2p0:id="54" d2l_2p0:resource_code="byui_produ-3986" description="" completion_type="3" resource_type_key="">
                    <title>Notes from Instructor Q&amp;A</title>
                </item>
            </item>
            <item identifier="4846510" identifierref="RES_CONTENT_4846510" d2l_2p0:id="55" d2l_2p0:resource_code="byui_produ-3987" description="&lt;h3&gt;Lesson Sub-title&lt;/h3&gt;" completion_type="2">
                <title>Lesson 11</title>
                <item identifier="4846511" identifierref="RES_CONTENT_4846511" d2l_2p0:id="56" d2l_2p0:resource_code="byui_produ-11865" description="" completion_type="3" resource_type_key="">
                    <title>L11 Lesson Notes</title>
                </item>
                <item identifier="4846512" identifierref="RES_CONTENT_4846512" d2l_2p0:id="57" d2l_2p0:resource_code="byui_produ-3989" description="" completion_type="3" resource_type_key="">
                    <title>Notes from Instructor Q&amp;A</title>
                </item>
            </item>
            <item identifier="4846513" identifierref="RES_CONTENT_4846513" d2l_2p0:id="58" d2l_2p0:resource_code="byui_produ-3990" description="&lt;h3&gt;Lesson Sub-title&lt;/h3&gt;" completion_type="2">
                <title>Lesson 12</title>
                <item identifier="4846514" identifierref="RES_CONTENT_4846514" d2l_2p0:id="59" d2l_2p0:resource_code="byui_produ-11866" description="" completion_type="3" resource_type_key="">
                    <title>L12 Lesson Notes</title>
                </item>
                <item identifier="4846515" identifierref="RES_CONTENT_4846515" d2l_2p0:id="60" d2l_2p0:resource_code="byui_produ-3992" description="" completion_type="3" resource_type_key="">
                    <title>Notes from Instructor Q&amp;A</title>
                </item>
            </item>
            <item identifier="4846516" identifierref="RES_CONTENT_4846516" d2l_2p0:id="61" d2l_2p0:resource_code="byui_produ-3993" description="&lt;h3&gt;Lesson Sub-title&lt;/h3&gt;" completion_type="2">
                <title>Lesson 13</title>
                <item identifier="4846517" identifierref="RES_CONTENT_4846517" d2l_2p0:id="62" d2l_2p0:resource_code="byui_produ-11867" description="" completion_type="3" resource_type_key="">
                    <title>L13 Lesson Notes</title>
                </item>
                <item identifier="4846518" identifierref="RES_CONTENT_4846518" d2l_2p0:id="63" d2l_2p0:resource_code="byui_produ-3995" description="" completion_type="3" resource_type_key="">
                    <title>Notes from Instructor Q&amp;A</title>
                </item>
                <item identifier="4846519" identifierref="RES_CONTENT_4846519" d2l_2p0:id="64" d2l_2p0:resource_code="byui_produ-3999" description="" completion_type="1" resource_type_key="">
                    <title>L13 End of Course Evaluation</title>
                </item>
            </item>
            <item identifier="4846520" identifierref="RES_CONTENT_4846520" d2l_2p0:id="65" d2l_2p0:resource_code="byui_produ-3996" description="&lt;h3&gt;Lesson Sub-title&lt;/h3&gt;" completion_type="2">
                <title>Lesson 14</title>
                <item identifier="4846521" identifierref="RES_CONTENT_4846521" d2l_2p0:id="66" d2l_2p0:resource_code="byui_produ-11868" description="" completion_type="3" resource_type_key="">
                    <title>L14 Lesson Notes</title>
                </item>
                <item identifier="4846522" identifierref="RES_CONTENT_4846522" d2l_2p0:id="67" d2l_2p0:resource_code="byui_produ-3998" description="" completion_type="3" resource_type_key="">
                    <title>Notes from Instructor Q&amp;A</title>
                </item>
            </item>
            <item identifier="4846523" identifierref="RES_CONTENT_4846523" d2l_2p0:id="68" d2l_2p0:resource_code="byui_produ-104293" description="" completion_type="2">
                <title>Resources</title>
                <item identifier="4846524" identifierref="RES_CONTENT_4846524" d2l_2p0:id="69" d2l_2p0:resource_code="byui_produ-104291" description="" completion_type="3" resource_type_key="">
                    <title>University Policies</title>
                </item>
                <item identifier="4846525" identifierref="RES_CONTENT_4846525" d2l_2p0:id="70" d2l_2p0:resource_code="byui_produ-100881" description="" completion_type="3" resource_type_key="">
                    <title>Library Research Guides</title>
                </item>
                <item identifier="4846526" identifierref="RES_CONTENT_4846526" d2l_2p0:id="71" d2l_2p0:resource_code="byui_produ-100884" description="" completion_type="3" resource_type_key="">
                    <title>Academic Support Center</title>
                </item>
                <item identifier="4846527" identifierref="RES_CONTENT_4846527" d2l_2p0:id="72" d2l_2p0:resource_code="byui_produ-11869" description="" completion_type="3" resource_type_key="">
                    <title>Copyright and Source Info</title>
                </item>
            </item>
        </organization>
    </organizations>
    <resources>
        <resource identifier="RES_CONTENT_4846456" type="webcontent" d2l_2p0:material_type="contentmodule" d2l_2p0:link_target="" href="" title="" />
        <resource identifier="RES_CONTENT_4846457" type="webcontent" d2l_2p0:material_type="content" d2l_2p0:link_target="" href="Syllabus.html" title="" />
        <resource identifier="RES_CONTENT_4846458" type="webcontent" d2l_2p0:material_type="content" d2l_2p0:link_target="" href="How to Understand Due Dates.html" title="" />
        <resource identifier="RES_CONTENT_4846459" type="webcontent" d2l_2p0:material_type="content" d2l_2p0:link_target="" href="Weekly Patterns and Expectations.html" title="" />
        <resource identifier="RES_CONTENT_4846460" type="webcontent" d2l_2p0:material_type="content" d2l_2p0:link_target="" href="Student Study Plan.html" title="" />
        <resource identifier="RES_CONTENT_4846461" type="webcontent" d2l_2p0:material_type="contentmodule" d2l_2p0:link_target="" href="" title="" />
        <resource identifier="RES_CONTENT_4846462" type="webcontent" d2l_2p0:material_type="content" d2l_2p0:link_target="" href="Setup For Course Instructor.html" title="" />
        <resource identifier="RES_CONTENT_4846463" type="webcontent" d2l_2p0:material_type="content" d2l_2p0:link_target="" href="General Lesson Notes.html" title="" />
        <resource identifier="RES_CONTENT_4846464" type="webcontent" d2l_2p0:material_type="contentlink" d2l_2p0:link_target="_self" href="https://docs.google.com/spreadsheets/d/1fzox7nzuChbGoCKPuE9CNPwuizWI99wvMSvK6AKwnLI/edit#gid=1" title="" />
        <resource identifier="RES_CONTENT_4846465" type="webcontent" d2l_2p0:material_type="contentlink" d2l_2p0:link_target="_blank" href="https://onlineadmin.byui.edu/content/app/app.html#/group-directory/oim-directory" title="" />
        <resource identifier="RES_CONTENT_4846466" type="webcontent" d2l_2p0:material_type="contentlink" d2l_2p0:link_target="_blank" href="http://onlineinstruction.ning.com/" title="" />
        <resource identifier="RES_CONTENT_4846467" type="webcontent" d2l_2p0:material_type="contentlink" d2l_2p0:link_target="_self" href="https://content.byui.edu/integ/gen/51e9c23f-dd02-4578-b423-55dfea3f2c8d/0/Final.html" title="" />
        <resource identifier="RES_CONTENT_4846468" type="webcontent" d2l_2p0:material_type="content" d2l_2p0:link_target="" href="Release Notes.html" title="" />
        <resource identifier="RES_CONTENT_4846469" type="webcontent" d2l_2p0:material_type="contentmodule" d2l_2p0:link_target="" href="" title="" />
        <resource identifier="RES_CONTENT_4846470" type="webcontent" d2l_2p0:material_type="content" d2l_2p0:link_target="" href="Setup Notes for Development Team.html" title="" />
        <resource identifier="RES_CONTENT_4846471" type="webcontent" d2l_2p0:material_type="contentmodule" d2l_2p0:link_target="" href="" title="" />
        <resource identifier="RES_CONTENT_4846472" type="webcontent" d2l_2p0:material_type="contentlink" d2l_2p0:link_target="_self" href="https://docs.google.com/a/byui.edu/spreadsheets/d/1LxwIg0rU88ABPMPGSf8BFS7BFUAMRgDfNT2p5jM6bdE/edit?usp=sharing" title="" />
        <resource identifier="RES_CONTENT_4846473" type="webcontent" d2l_2p0:material_type="contentlink" d2l_2p0:link_target="_self" href="https://content.byui.edu/integ/gen/7e0025e8-253e-495d-9059-d50b61450811/0/" title="" />
        <resource identifier="RES_CONTENT_4846474" type="webcontent" d2l_2p0:material_type="content" d2l_2p0:link_target="" href="Guidelines for Buttons.html" title="" />
        <resource identifier="RES_CONTENT_4846475" type="webcontent" d2l_2p0:material_type="content" d2l_2p0:link_target="" href="Syntax Highlighter.html" title="" />
        <resource identifier="RES_CONTENT_4846476" type="webcontent" d2l_2p0:material_type="contentmodule" d2l_2p0:link_target="" href="" title="" />
        <resource identifier="RES_CONTENT_4846477" type="webcontent" d2l_2p0:material_type="content" d2l_2p0:link_target="" href="L01 Lesson Notes.html" title="" />
        <resource identifier="RES_CONTENT_4846478" type="webcontent" d2l_2p0:material_type="contentlink" d2l_2p0:link_target="" href="/d2l/common/dialogs/quickLink/quickLink.d2l?ou={orgUnitId}&amp;type=discuss&amp;rcode=byui_production-1230299" title="" />
        <resource identifier="RES_CONTENT_4846479" type="webcontent" d2l_2p0:material_type="contentlink" d2l_2p0:link_target="_self" href="https://content.byui.edu/integ/gen/d24f576f-d34b-47be-a466-d00bd4792fb6/0/orientation.html" title="" />
        <resource identifier="RES_CONTENT_4846480" type="webcontent" d2l_2p0:material_type="content" d2l_2p0:link_target="" href="Syllabus.html" title="" />
        <resource identifier="RES_CONTENT_4846481" type="webcontent" d2l_2p0:material_type="contentlink" d2l_2p0:link_target="_self" href="/d2l/common/dialogs/quickLink/quickLink.d2l?ou={orgUnitId}&amp;type=quiz&amp;rCode=byui_produ-162812" title="" />
        <resource identifier="RES_CONTENT_4846482" type="webcontent" d2l_2p0:material_type="contentmodule" d2l_2p0:link_target="" href="" title="" />
        <resource identifier="RES_CONTENT_4846483" type="webcontent" d2l_2p0:material_type="content" d2l_2p0:link_target="" href="L02 Lesson Notes.html" title="" />
        <resource identifier="RES_CONTENT_4846484" type="webcontent" d2l_2p0:material_type="contentlink" d2l_2p0:link_target="_self" href="/d2l/common/dialogs/quickLink/quickLink.d2l?ou={orgUnitId}&amp;type=discuss&amp;rcode=byui_production-1230305" title="" />
        <resource identifier="RES_CONTENT_4846485" type="webcontent" d2l_2p0:material_type="contentmodule" d2l_2p0:link_target="" href="" title="" />
        <resource identifier="RES_CONTENT_4846486" type="webcontent" d2l_2p0:material_type="content" d2l_2p0:link_target="" href="L03 Lesson Notes.html" title="" />
        <resource identifier="RES_CONTENT_4846487" type="webcontent" d2l_2p0:material_type="contentlink" d2l_2p0:link_target="_self" href="/d2l/common/dialogs/quickLink/quickLink.d2l?ou={orgUnitId}&amp;type=discuss&amp;rcode=byui_production-1230312" title="" />
        <resource identifier="RES_CONTENT_4846488" type="webcontent" d2l_2p0:material_type="contentmodule" d2l_2p0:link_target="" href="" title="" />
        <resource identifier="RES_CONTENT_4846489" type="webcontent" d2l_2p0:material_type="content" d2l_2p0:link_target="" href="L04 Lesson Notes.html" title="" />
        <resource identifier="RES_CONTENT_4846490" type="webcontent" d2l_2p0:material_type="contentlink" d2l_2p0:link_target="_self" href="/d2l/common/dialogs/quickLink/quickLink.d2l?ou={orgUnitId}&amp;type=discuss&amp;rcode=byui_production-1230314" title="" />
        <resource identifier="RES_CONTENT_4846491" type="webcontent" d2l_2p0:material_type="contentmodule" d2l_2p0:link_target="" href="" title="" />
        <resource identifier="RES_CONTENT_4846492" type="webcontent" d2l_2p0:material_type="content" d2l_2p0:link_target="" href="L05 Lesson Notes.html" title="" />
        <resource identifier="RES_CONTENT_4846493" type="webcontent" d2l_2p0:material_type="contentlink" d2l_2p0:link_target="_self" href="/d2l/common/dialogs/quickLink/quickLink.d2l?ou={orgUnitId}&amp;type=discuss&amp;rcode=byui_production-1230316" title="" />
        <resource identifier="RES_CONTENT_4846494" type="webcontent" d2l_2p0:material_type="contentmodule" d2l_2p0:link_target="" href="" title="" />
        <resource identifier="RES_CONTENT_4846495" type="webcontent" d2l_2p0:material_type="content" d2l_2p0:link_target="" href="L06 Lesson Notes.html" title="" />
        <resource identifier="RES_CONTENT_4846496" type="webcontent" d2l_2p0:material_type="contentlink" d2l_2p0:link_target="_self" href="/d2l/common/dialogs/quickLink/quickLink.d2l?ou={orgUnitId}&amp;type=discuss&amp;rcode=byui_production-1230318" title="" />
        <resource identifier="RES_CONTENT_4846497" type="webcontent" d2l_2p0:material_type="contentlink" d2l_2p0:link_target="_self" href="/d2l/common/dialogs/quickLink/quickLink.d2l?ou={orgUnitId}&amp;type=quiz&amp;rCode=byui_produ-2945" title="" />
        <resource identifier="RES_CONTENT_4846498" type="webcontent" d2l_2p0:material_type="contentmodule" d2l_2p0:link_target="" href="" title="" />
        <resource identifier="RES_CONTENT_4846499" type="webcontent" d2l_2p0:material_type="content" d2l_2p0:link_target="" href="L07 Lesson Notes.html" title="" />
        <resource identifier="RES_CONTENT_4846500" type="webcontent" d2l_2p0:material_type="contentlink" d2l_2p0:link_target="_self" href="/d2l/common/dialogs/quickLink/quickLink.d2l?ou={orgUnitId}&amp;type=discuss&amp;rcode=byui_production-1230320" title="" />
        <resource identifier="RES_CONTENT_4846501" type="webcontent" d2l_2p0:material_type="contentmodule" d2l_2p0:link_target="" href="" title="" />
        <resource identifier="RES_CONTENT_4846502" type="webcontent" d2l_2p0:material_type="content" d2l_2p0:link_target="" href="L08 Lesson Notes.html" title="" />
        <resource identifier="RES_CONTENT_4846503" type="webcontent" d2l_2p0:material_type="contentlink" d2l_2p0:link_target="_self" href="/d2l/common/dialogs/quickLink/quickLink.d2l?ou={orgUnitId}&amp;type=discuss&amp;rcode=byui_production-1230322" title="" />
        <resource identifier="RES_CONTENT_4846504" type="webcontent" d2l_2p0:material_type="contentmodule" d2l_2p0:link_target="" href="" title="" />
        <resource identifier="RES_CONTENT_4846505" type="webcontent" d2l_2p0:material_type="content" d2l_2p0:link_target="" href="L09 Lesson Notes.html" title="" />
        <resource identifier="RES_CONTENT_4846506" type="webcontent" d2l_2p0:material_type="contentlink" d2l_2p0:link_target="_self" href="/d2l/common/dialogs/quickLink/quickLink.d2l?ou={orgUnitId}&amp;type=discuss&amp;rcode=byui_production-1230324" title="" />
        <resource identifier="RES_CONTENT_4846507" type="webcontent" d2l_2p0:material_type="contentmodule" d2l_2p0:link_target="" href="" title="" />
        <resource identifier="RES_CONTENT_4846508" type="webcontent" d2l_2p0:material_type="content" d2l_2p0:link_target="" href="L10 Lesson Notes.html" title="" />
        <resource identifier="RES_CONTENT_4846509" type="webcontent" d2l_2p0:material_type="contentlink" d2l_2p0:link_target="_self" href="/d2l/common/dialogs/quickLink/quickLink.d2l?ou={orgUnitId}&amp;type=discuss&amp;rcode=byui_production-1230326" title="" />
        <resource identifier="RES_CONTENT_4846510" type="webcontent" d2l_2p0:material_type="contentmodule" d2l_2p0:link_target="" href="" title="" />
        <resource identifier="RES_CONTENT_4846511" type="webcontent" d2l_2p0:material_type="content" d2l_2p0:link_target="" href="L11 Lesson Notes.html" title="" />
        <resource identifier="RES_CONTENT_4846512" type="webcontent" d2l_2p0:material_type="contentlink" d2l_2p0:link_target="_self" href="/d2l/common/dialogs/quickLink/quickLink.d2l?ou={orgUnitId}&amp;type=discuss&amp;rcode=byui_production-1230328" title="" />
        <resource identifier="RES_CONTENT_4846513" type="webcontent" d2l_2p0:material_type="contentmodule" d2l_2p0:link_target="" href="" title="" />
        <resource identifier="RES_CONTENT_4846514" type="webcontent" d2l_2p0:material_type="content" d2l_2p0:link_target="" href="L12 Lesson Notes.html" title="" />
        <resource identifier="RES_CONTENT_4846515" type="webcontent" d2l_2p0:material_type="contentlink" d2l_2p0:link_target="_self" href="/d2l/common/dialogs/quickLink/quickLink.d2l?ou={orgUnitId}&amp;type=discuss&amp;rcode=byui_production-1230330" title="" />
        <resource identifier="RES_CONTENT_4846516" type="webcontent" d2l_2p0:material_type="contentmodule" d2l_2p0:link_target="" href="" title="" />
        <resource identifier="RES_CONTENT_4846517" type="webcontent" d2l_2p0:material_type="content" d2l_2p0:link_target="" href="L13 Lesson Notes.html" title="" />
        <resource identifier="RES_CONTENT_4846518" type="webcontent" d2l_2p0:material_type="contentlink" d2l_2p0:link_target="_self" href="/d2l/common/dialogs/quickLink/quickLink.d2l?ou={orgUnitId}&amp;type=discuss&amp;rcode=byui_production-1230332" title="" />
        <resource identifier="RES_CONTENT_4846519" type="webcontent" d2l_2p0:material_type="contentlink" d2l_2p0:link_target="_blank" href="http://abish.byui.edu/berg/evaluation/select.cfm" title="" />
        <resource identifier="RES_CONTENT_4846520" type="webcontent" d2l_2p0:material_type="contentmodule" d2l_2p0:link_target="" href="" title="" />
        <resource identifier="RES_CONTENT_4846521" type="webcontent" d2l_2p0:material_type="content" d2l_2p0:link_target="" href="L14 Lesson Notes.html" title="" />
        <resource identifier="RES_CONTENT_4846522" type="webcontent" d2l_2p0:material_type="contentlink" d2l_2p0:link_target="_self" href="/d2l/common/dialogs/quickLink/quickLink.d2l?ou={orgUnitId}&amp;type=discuss&amp;rcode=byui_production-1230334" title="" />
        <resource identifier="RES_CONTENT_4846523" type="webcontent" d2l_2p0:material_type="contentmodule" d2l_2p0:link_target="" href="" title="" />
        <resource identifier="RES_CONTENT_4846524" type="webcontent" d2l_2p0:material_type="contentlink" d2l_2p0:link_target="_self" href="https://content.byui.edu/integ/gen/d24f576f-d34b-47be-a466-d00bd4792fb6/0/universitypolicies.html" title="" />
        <resource identifier="RES_CONTENT_4846525" type="webcontent" d2l_2p0:material_type="contentlink" d2l_2p0:link_target="_self" href="https://content.byui.edu/integ/gen/8872d2b2-91d5-4953-a357-3097ef2aa5d0/0/libraryresearchguide.html" title="" />
        <resource identifier="RES_CONTENT_4846526" type="webcontent" d2l_2p0:material_type="contentlink" d2l_2p0:link_target="_self" href="https://content.byui.edu/integ/gen/8872d2b2-91d5-4953-a357-3097ef2aa5d0/0/academicsupcenter.html" title="" />
        <resource identifier="RES_CONTENT_4846527" type="webcontent" d2l_2p0:material_type="contentlink" d2l_2p0:link_target="_self" href="https://docs.google.com/spreadsheets/d/1qBM-Q1537Yuc8VFnUNzzU2rgN4yTihFbUnKekMTXXas/edit#gid=0" title="" />
        <resource identifier="res_syllabus" type="webcontent" d2l_2p0:material_type="d2lsyllabus" d2l_2p0:link_target="" href="syllabus_d2l.xml" title="" />
        <resource identifier="res_question_library" type="webcontent" d2l_2p0:material_type="d2lquestionlibrary" d2l_2p0:link_target="" href="questiondb.xml" title="Question Library" />
        <resource identifier="res_quiz_246937" type="webcontent" d2l_2p0:material_type="d2lquiz" d2l_2p0:link_target="" href="quiz_d2l_246937.xml" title="Syllabus Quiz" />
        <resource identifier="res_quiz_246938" type="webcontent" d2l_2p0:material_type="d2lquiz" d2l_2p0:link_target="" href="quiz_d2l_246938.xml" title="Syllabus Quiz" />
        <resource identifier="res_quiz_246939" type="webcontent" d2l_2p0:material_type="d2lquiz" d2l_2p0:link_target="" href="quiz_d2l_246939.xml" title="Chapter 01 Quiz" />
        <resource identifier="res_quiz_246940" type="webcontent" d2l_2p0:material_type="d2lquiz" d2l_2p0:link_target="" href="quiz_d2l_246940.xml" title="Chapter 02 Quiz" />
        <resource identifier="res_quiz_246941" type="webcontent" d2l_2p0:material_type="d2lquiz" d2l_2p0:link_target="" href="quiz_d2l_246941.xml" title="Chapter 03 Quiz" />
        <resource identifier="res_quiz_246942" type="webcontent" d2l_2p0:material_type="d2lquiz" d2l_2p0:link_target="" href="quiz_d2l_246942.xml" title="Chapter 03 Quiz" />
        <resource identifier="res_quiz_246943" type="webcontent" d2l_2p0:material_type="d2lquiz" d2l_2p0:link_target="" href="quiz_d2l_246943.xml" title="Week 02 Reading and Participation Quiz" />
        <resource identifier="res_quiz_246944" type="webcontent" d2l_2p0:material_type="d2lquiz" d2l_2p0:link_target="" href="quiz_d2l_246944.xml" title="Week 03 Reading and Participation Quiz" />
        <resource identifier="res_quiz_246945" type="webcontent" d2l_2p0:material_type="d2lquiz" d2l_2p0:link_target="" href="quiz_d2l_246945.xml" title="Week 04 Reading and Participation" />
        <resource identifier="res_quiz_246946" type="webcontent" d2l_2p0:material_type="d2lquiz" d2l_2p0:link_target="" href="quiz_d2l_246946.xml" title="Lesson 02 Reading and Participation" />
        <resource identifier="res_quiz_246947" type="webcontent" d2l_2p0:material_type="d2lquiz" d2l_2p0:link_target="" href="quiz_d2l_246947.xml" title="Bi-Weekly Meditation Journal" />
        <resource identifier="res_quiz_246948" type="webcontent" d2l_2p0:material_type="d2lquiz" d2l_2p0:link_target="" href="quiz_d2l_246948.xml" title="Week 01 Reading and Participation Quiz" />
        <resource identifier="res_quiz_246949" type="webcontent" d2l_2p0:material_type="d2lquiz" d2l_2p0:link_target="" href="quiz_d2l_246949.xml" title="Test Quiz Exam" />
        <resource identifier="res_quiz_246950" type="webcontent" d2l_2p0:material_type="d2lquiz" d2l_2p0:link_target="" href="quiz_d2l_246950.xml" title="Week 04 Reading and Participation Course" />
        <resource identifier="res_quiz_600326" type="webcontent" d2l_2p0:material_type="d2lquiz" d2l_2p0:link_target="" href="quiz_d2l_600326.xml" title="Syllabus Quiz" />
        <resource identifier="res_quiz_600327" type="webcontent" d2l_2p0:material_type="d2lquiz" d2l_2p0:link_target="" href="quiz_d2l_600327.xml" title="Syllabus Quiz" />
        <resource identifier="res_quiz_600328" type="webcontent" d2l_2p0:material_type="d2lquiz" d2l_2p0:link_target="" href="quiz_d2l_600328.xml" title="Chapter 01 Quiz" />
        <resource identifier="res_quiz_600329" type="webcontent" d2l_2p0:material_type="d2lquiz" d2l_2p0:link_target="" href="quiz_d2l_600329.xml" title="Chapter 02 Quiz" />
        <resource identifier="res_quiz_600330" type="webcontent" d2l_2p0:material_type="d2lquiz" d2l_2p0:link_target="" href="quiz_d2l_600330.xml" title="Chapter 03 Quiz" />
        <resource identifier="res_quiz_600331" type="webcontent" d2l_2p0:material_type="d2lquiz" d2l_2p0:link_target="" href="quiz_d2l_600331.xml" title="Chapter 03 Quiz" />
        <resource identifier="res_quiz_600332" type="webcontent" d2l_2p0:material_type="d2lquiz" d2l_2p0:link_target="" href="quiz_d2l_600332.xml" title="Week 02 Reading and Participation Quiz" />
        <resource identifier="res_quiz_600333" type="webcontent" d2l_2p0:material_type="d2lquiz" d2l_2p0:link_target="" href="quiz_d2l_600333.xml" title="Week 03 Reading and Participation Quiz" />
        <resource identifier="res_quiz_600334" type="webcontent" d2l_2p0:material_type="d2lquiz" d2l_2p0:link_target="" href="quiz_d2l_600334.xml" title="Week 04 Reading and Participation" />
        <resource identifier="res_quiz_600335" type="webcontent" d2l_2p0:material_type="d2lquiz" d2l_2p0:link_target="" href="quiz_d2l_600335.xml" title="Lesson 02 Reading and Participation" />
        <resource identifier="res_quiz_600336" type="webcontent" d2l_2p0:material_type="d2lquiz" d2l_2p0:link_target="" href="quiz_d2l_600336.xml" title="Bi-Weekly Meditation Journal" />
        <resource identifier="res_quiz_600337" type="webcontent" d2l_2p0:material_type="d2lquiz" d2l_2p0:link_target="" href="quiz_d2l_600337.xml" title="Week 01 Reading and Participation Quiz" />
        <resource identifier="res_quiz_600338" type="webcontent" d2l_2p0:material_type="d2lquiz" d2l_2p0:link_target="" href="quiz_d2l_600338.xml" title="Test Quiz Exam" />
        <resource identifier="res_quiz_600339" type="webcontent" d2l_2p0:material_type="d2lquiz" d2l_2p0:link_target="" href="quiz_d2l_600339.xml" title="Week 04 Reading and Participation Course" />
        <resource identifier="res_quiz_600340" type="webcontent" d2l_2p0:material_type="d2lquiz" d2l_2p0:link_target="" href="quiz_d2l_600340.xml" title="Week 04 Reading and Participation Quiz" />
        <resource identifier="res_quiz_600341" type="webcontent" d2l_2p0:material_type="d2lquiz" d2l_2p0:link_target="" href="quiz_d2l_600341.xml" title="Week 04 Reading and Participation Quiz" />
        <resource identifier="res_quiz_600342" type="webcontent" d2l_2p0:material_type="d2lquiz" d2l_2p0:link_target="" href="quiz_d2l_600342.xml" title="Test quiz" />
        <resource identifier="res_quiz_600343" type="webcontent" d2l_2p0:material_type="d2lquiz" d2l_2p0:link_target="" href="quiz_d2l_600343.xml" title="Syllabus Quiz" />
        <resource identifier="res_quiz_600344" type="webcontent" d2l_2p0:material_type="d2lquiz" d2l_2p0:link_target="" href="quiz_d2l_600344.xml" title="Syllabus Quiz" />
        <resource identifier="res_quiz_600345" type="webcontent" d2l_2p0:material_type="d2lquiz" d2l_2p0:link_target="" href="quiz_d2l_600345.xml" title="Chapter 01 Quiz" />
        <resource identifier="res_quiz_600346" type="webcontent" d2l_2p0:material_type="d2lquiz" d2l_2p0:link_target="" href="quiz_d2l_600346.xml" title="Chapter 02 Quiz" />
        <resource identifier="res_quiz_600347" type="webcontent" d2l_2p0:material_type="d2lquiz" d2l_2p0:link_target="" href="quiz_d2l_600347.xml" title="Chapter 03 Quiz" />
        <resource identifier="res_quiz_600348" type="webcontent" d2l_2p0:material_type="d2lquiz" d2l_2p0:link_target="" href="quiz_d2l_600348.xml" title="Chapter 03 Quiz" />
        <resource identifier="res_quiz_600349" type="webcontent" d2l_2p0:material_type="d2lquiz" d2l_2p0:link_target="" href="quiz_d2l_600349.xml" title="Week 02 Reading and Participation Quiz" />
        <resource identifier="res_quiz_600350" type="webcontent" d2l_2p0:material_type="d2lquiz" d2l_2p0:link_target="" href="quiz_d2l_600350.xml" title="Week 03 Reading and Participation Quiz" />
        <resource identifier="res_quiz_600351" type="webcontent" d2l_2p0:material_type="d2lquiz" d2l_2p0:link_target="" href="quiz_d2l_600351.xml" title="Week 04 Reading and Participation" />
        <resource identifier="res_quiz_600352" type="webcontent" d2l_2p0:material_type="d2lquiz" d2l_2p0:link_target="" href="quiz_d2l_600352.xml" title="Lesson 02 Reading and Participation" />
        <resource identifier="res_quiz_600353" type="webcontent" d2l_2p0:material_type="d2lquiz" d2l_2p0:link_target="" href="quiz_d2l_600353.xml" title="Bi-Weekly Meditation Journal" />
        <resource identifier="res_quiz_600354" type="webcontent" d2l_2p0:material_type="d2lquiz" d2l_2p0:link_target="" href="quiz_d2l_600354.xml" title="Week 01 Reading and Participation Quiz" />
        <resource identifier="res_quiz_600355" type="webcontent" d2l_2p0:material_type="d2lquiz" d2l_2p0:link_target="" href="quiz_d2l_600355.xml" title="Test Quiz Exam" />
        <resource identifier="res_quiz_600356" type="webcontent" d2l_2p0:material_type="d2lquiz" d2l_2p0:link_target="" href="quiz_d2l_600356.xml" title="Week 04 Reading and Participation Course" />
        <resource identifier="res_quiz_600357" type="webcontent" d2l_2p0:material_type="d2lquiz" d2l_2p0:link_target="" href="quiz_d2l_600357.xml" title="Week 04 Reading and Participation Quiz" />
        <resource identifier="res_quiz_600358" type="webcontent" d2l_2p0:material_type="d2lquiz" d2l_2p0:link_target="" href="quiz_d2l_600358.xml" title="Week 04 Reading and Participation Quiz" />
        <resource identifier="res_quiz_600359" type="webcontent" d2l_2p0:material_type="d2lquiz" d2l_2p0:link_target="" href="quiz_d2l_600359.xml" title="Test quiz" />
        <resource identifier="res_quiz_600361" type="webcontent" d2l_2p0:material_type="d2lquiz" d2l_2p0:link_target="" href="quiz_d2l_600361.xml" title="Syllabus Quiz" />
        <resource identifier="res_quiz_600362" type="webcontent" d2l_2p0:material_type="d2lquiz" d2l_2p0:link_target="" href="quiz_d2l_600362.xml" title="Syllabus Quiz" />
        <resource identifier="res_quiz_600363" type="webcontent" d2l_2p0:material_type="d2lquiz" d2l_2p0:link_target="" href="quiz_d2l_600363.xml" title="Chapter 01 Quiz" />
        <resource identifier="res_quiz_600364" type="webcontent" d2l_2p0:material_type="d2lquiz" d2l_2p0:link_target="" href="quiz_d2l_600364.xml" title="Chapter 02 Quiz" />
        <resource identifier="res_quiz_600365" type="webcontent" d2l_2p0:material_type="d2lquiz" d2l_2p0:link_target="" href="quiz_d2l_600365.xml" title="Chapter 03 Quiz" />
        <resource identifier="res_quiz_600366" type="webcontent" d2l_2p0:material_type="d2lquiz" d2l_2p0:link_target="" href="quiz_d2l_600366.xml" title="Chapter 03 Quiz" />
        <resource identifier="res_quiz_600367" type="webcontent" d2l_2p0:material_type="d2lquiz" d2l_2p0:link_target="" href="quiz_d2l_600367.xml" title="Week 02 Reading and Participation Quiz" />
        <resource identifier="res_quiz_600368" type="webcontent" d2l_2p0:material_type="d2lquiz" d2l_2p0:link_target="" href="quiz_d2l_600368.xml" title="Week 03 Reading and Participation Quiz" />
        <resource identifier="res_quiz_600369" type="webcontent" d2l_2p0:material_type="d2lquiz" d2l_2p0:link_target="" href="quiz_d2l_600369.xml" title="Week 04 Reading and Participation" />
        <resource identifier="res_quiz_600370" type="webcontent" d2l_2p0:material_type="d2lquiz" d2l_2p0:link_target="" href="quiz_d2l_600370.xml" title="Lesson 02 Reading and Participation" />
        <resource identifier="res_quiz_600371" type="webcontent" d2l_2p0:material_type="d2lquiz" d2l_2p0:link_target="" href="quiz_d2l_600371.xml" title="Bi-Weekly Meditation Journal" />
        <resource identifier="res_quiz_600372" type="webcontent" d2l_2p0:material_type="d2lquiz" d2l_2p0:link_target="" href="quiz_d2l_600372.xml" title="Week 01 Reading and Participation Quiz" />
        <resource identifier="res_quiz_600373" type="webcontent" d2l_2p0:material_type="d2lquiz" d2l_2p0:link_target="" href="quiz_d2l_600373.xml" title="Test Quiz Exam" />
        <resource identifier="res_quiz_600374" type="webcontent" d2l_2p0:material_type="d2lquiz" d2l_2p0:link_target="" href="quiz_d2l_600374.xml" title="Week 04 Reading and Participation Course" />
        <resource identifier="res_quiz_600375" type="webcontent" d2l_2p0:material_type="d2lquiz" d2l_2p0:link_target="" href="quiz_d2l_600375.xml" title="Week 04 Reading and Participation Quiz" />
        <resource identifier="res_quiz_600376" type="webcontent" d2l_2p0:material_type="d2lquiz" d2l_2p0:link_target="" href="quiz_d2l_600376.xml" title="Week 04 Reading and Participation Quiz" />
        <resource identifier="res_quiz_600377" type="webcontent" d2l_2p0:material_type="d2lquiz" d2l_2p0:link_target="" href="quiz_d2l_600377.xml" title="Test quiz" />
        <resource identifier="res_quiz_600459" type="webcontent" d2l_2p0:material_type="d2lquiz" d2l_2p0:link_target="" href="quiz_d2l_600459.xml" title="Syllabus Quiz" />
        <resource identifier="res_quiz_600460" type="webcontent" d2l_2p0:material_type="d2lquiz" d2l_2p0:link_target="" href="quiz_d2l_600460.xml" title="Syllabus Quiz" />
        <resource identifier="res_quiz_600461" type="webcontent" d2l_2p0:material_type="d2lquiz" d2l_2p0:link_target="" href="quiz_d2l_600461.xml" title="Chapter 01 Quiz" />
        <resource identifier="res_quiz_600462" type="webcontent" d2l_2p0:material_type="d2lquiz" d2l_2p0:link_target="" href="quiz_d2l_600462.xml" title="Chapter 02 Quiz" />
        <resource identifier="res_quiz_600463" type="webcontent" d2l_2p0:material_type="d2lquiz" d2l_2p0:link_target="" href="quiz_d2l_600463.xml" title="Chapter 03 Quiz" />
        <resource identifier="res_quiz_600464" type="webcontent" d2l_2p0:material_type="d2lquiz" d2l_2p0:link_target="" href="quiz_d2l_600464.xml" title="Chapter 03 Quiz" />
        <resource identifier="res_quiz_600465" type="webcontent" d2l_2p0:material_type="d2lquiz" d2l_2p0:link_target="" href="quiz_d2l_600465.xml" title="Week 02 Reading and Participation Quiz" />
        <resource identifier="res_quiz_600466" type="webcontent" d2l_2p0:material_type="d2lquiz" d2l_2p0:link_target="" href="quiz_d2l_600466.xml" title="Week 03 Reading and Participation Quiz" />
        <resource identifier="res_quiz_600467" type="webcontent" d2l_2p0:material_type="d2lquiz" d2l_2p0:link_target="" href="quiz_d2l_600467.xml" title="Week 04 Reading and Participation" />
        <resource identifier="res_quiz_600468" type="webcontent" d2l_2p0:material_type="d2lquiz" d2l_2p0:link_target="" href="quiz_d2l_600468.xml" title="Lesson 02 Reading and Participation" />
        <resource identifier="res_quiz_600469" type="webcontent" d2l_2p0:material_type="d2lquiz" d2l_2p0:link_target="" href="quiz_d2l_600469.xml" title="Bi-Weekly Meditation Journal" />
        <resource identifier="res_quiz_600470" type="webcontent" d2l_2p0:material_type="d2lquiz" d2l_2p0:link_target="" href="quiz_d2l_600470.xml" title="Week 01 Reading and Participation Quiz" />
        <resource identifier="res_quiz_600471" type="webcontent" d2l_2p0:material_type="d2lquiz" d2l_2p0:link_target="" href="quiz_d2l_600471.xml" title="Test Quiz Exam" />
        <resource identifier="res_quiz_600472" type="webcontent" d2l_2p0:material_type="d2lquiz" d2l_2p0:link_target="" href="quiz_d2l_600472.xml" title="Week 04 Reading and Participation Course" />
        <resource identifier="res_quiz_605039" type="webcontent" d2l_2p0:material_type="d2lquiz" d2l_2p0:link_target="" href="quiz_d2l_605039.xml" title="End Date Test" />
        <resource identifier="res_quiz_580102" type="webcontent" d2l_2p0:material_type="d2lquiz" d2l_2p0:link_target="" href="quiz_d2l_580102.xml" title="Quiz 01" />
        <resource identifier="res_quiz_580103" type="webcontent" d2l_2p0:material_type="d2lquiz" d2l_2p0:link_target="" href="quiz_d2l_580103.xml" title="Quiz 01" />
        <resource identifier="res_quiz_580104" type="webcontent" d2l_2p0:material_type="d2lquiz" d2l_2p0:link_target="" href="quiz_d2l_580104.xml" title="Quiz 01" />
        <resource identifier="res_quiz_700610" type="webcontent" d2l_2p0:material_type="d2lquiz" d2l_2p0:link_target="" href="quiz_d2l_700610.xml" title="L01 Syllabus Quiz" />
        <resource identifier="res_quiz_700609" type="webcontent" d2l_2p0:material_type="d2lquiz" d2l_2p0:link_target="" href="quiz_d2l_700609.xml" title="L06 Mid-Course Evaluation" />
        <resource identifier="res_discuss_1" type="webcontent" d2l_2p0:material_type="d2ldiscussion" d2l_2p0:link_target="" href="discussion_d2l_1.xml" title="" />
        <resource identifier="res_discuss_2" type="webcontent" d2l_2p0:material_type="d2ldiscussion" d2l_2p0:link_target="" href="discussion_d2l_2.xml" title="" />
        <resource identifier="res_discuss_3" type="webcontent" d2l_2p0:material_type="d2ldiscussion" d2l_2p0:link_target="" href="discussion_d2l_3.xml" title="" />
        <resource identifier="res_discuss_4" type="webcontent" d2l_2p0:material_type="d2ldiscussion" d2l_2p0:link_target="" href="discussion_d2l_4.xml" title="" />
        <resource identifier="res_discuss_5" type="webcontent" d2l_2p0:material_type="d2ldiscussion" d2l_2p0:link_target="" href="discussion_d2l_5.xml" title="" />
        <resource identifier="res_discuss_6" type="webcontent" d2l_2p0:material_type="d2ldiscussion" d2l_2p0:link_target="" href="discussion_d2l_6.xml" title="" />
        <resource identifier="res_discuss_7" type="webcontent" d2l_2p0:material_type="d2ldiscussion" d2l_2p0:link_target="" href="discussion_d2l_7.xml" title="" />
        <resource identifier="res_discuss_8" type="webcontent" d2l_2p0:material_type="d2ldiscussion" d2l_2p0:link_target="" href="discussion_d2l_8.xml" title="" />
        <resource identifier="res_discuss_9" type="webcontent" d2l_2p0:material_type="d2ldiscussion" d2l_2p0:link_target="" href="discussion_d2l_9.xml" title="" />
        <resource identifier="res_discuss_10" type="webcontent" d2l_2p0:material_type="d2ldiscussion" d2l_2p0:link_target="" href="discussion_d2l_10.xml" title="" />
        <resource identifier="res_discuss_11" type="webcontent" d2l_2p0:material_type="d2ldiscussion" d2l_2p0:link_target="" href="discussion_d2l_11.xml" title="" />
        <resource identifier="res_discuss_12" type="webcontent" d2l_2p0:material_type="d2ldiscussion" d2l_2p0:link_target="" href="discussion_d2l_12.xml" title="" />
        <resource identifier="res_discuss_13" type="webcontent" d2l_2p0:material_type="d2ldiscussion" d2l_2p0:link_target="" href="discussion_d2l_13.xml" title="" />
        <resource identifier="res_discuss_14" type="webcontent" d2l_2p0:material_type="d2ldiscussion" d2l_2p0:link_target="" href="discussion_d2l_14.xml" title="" />
        <resource identifier="res_discuss_15" type="webcontent" d2l_2p0:material_type="d2ldiscussion" d2l_2p0:link_target="" href="discussion_d2l_15.xml" title="" />
        <resource identifier="res_discuss_16" type="webcontent" d2l_2p0:material_type="d2ldiscussion" d2l_2p0:link_target="" href="discussion_d2l_16.xml" title="" />
        <resource identifier="res_discuss_17" type="webcontent" d2l_2p0:material_type="d2ldiscussion" d2l_2p0:link_target="" href="discussion_d2l_17.xml" title="" />
        <resource identifier="res_discuss_18" type="webcontent" d2l_2p0:material_type="d2ldiscussion" d2l_2p0:link_target="" href="discussion_d2l_18.xml" title="" />
        <resource identifier="res_discuss_19" type="webcontent" d2l_2p0:material_type="d2ldiscussion" d2l_2p0:link_target="" href="discussion_d2l_19.xml" title="" />
        <resource identifier="res_discuss_20" type="webcontent" d2l_2p0:material_type="d2ldiscussion" d2l_2p0:link_target="" href="discussion_d2l_20.xml" title="" />
        <resource identifier="res_discuss_21" type="webcontent" d2l_2p0:material_type="d2ldiscussion" d2l_2p0:link_target="" href="discussion_d2l_21.xml" title="" />
        <resource identifier="res_discuss_22" type="webcontent" d2l_2p0:material_type="d2ldiscussion" d2l_2p0:link_target="" href="discussion_d2l_22.xml" title="" />
        <resource identifier="res_discuss_23" type="webcontent" d2l_2p0:material_type="d2ldiscussion" d2l_2p0:link_target="" href="discussion_d2l_23.xml" title="" />
        <resource identifier="res_discuss_24" type="webcontent" d2l_2p0:material_type="d2ldiscussion" d2l_2p0:link_target="" href="discussion_d2l_24.xml" title="" />
        <resource identifier="res_discuss_25" type="webcontent" d2l_2p0:material_type="d2ldiscussion" d2l_2p0:link_target="" href="discussion_d2l_25.xml" title="" />
        <resource identifier="res_discuss_26" type="webcontent" d2l_2p0:material_type="d2ldiscussion" d2l_2p0:link_target="" href="discussion_d2l_26.xml" title="" />
        <resource identifier="res_discuss_27" type="webcontent" d2l_2p0:material_type="d2ldiscussion" d2l_2p0:link_target="" href="discussion_d2l_27.xml" title="" />
        <resource identifier="res_discuss_28" type="webcontent" d2l_2p0:material_type="d2ldiscussion" d2l_2p0:link_target="" href="discussion_d2l_28.xml" title="" />
        <resource identifier="res_discuss_29" type="webcontent" d2l_2p0:material_type="d2ldiscussion" d2l_2p0:link_target="" href="discussion_d2l_29.xml" title="" />
        <resource identifier="res_discuss_30" type="webcontent" d2l_2p0:material_type="d2ldiscussion" d2l_2p0:link_target="" href="discussion_d2l_30.xml" title="" />
        <resource identifier="res_discuss_31" type="webcontent" d2l_2p0:material_type="d2ldiscussion" d2l_2p0:link_target="" href="discussion_d2l_31.xml" title="" />
        <resource identifier="res_discuss_32" type="webcontent" d2l_2p0:material_type="d2ldiscussion" d2l_2p0:link_target="" href="discussion_d2l_32.xml" title="" />
        <resource identifier="res_discuss_33" type="webcontent" d2l_2p0:material_type="d2ldiscussion" d2l_2p0:link_target="" href="discussion_d2l_33.xml" title="" />
        <resource identifier="res_discuss_34" type="webcontent" d2l_2p0:material_type="d2ldiscussion" d2l_2p0:link_target="" href="discussion_d2l_34.xml" title="" />
        <resource identifier="res_discuss_35" type="webcontent" d2l_2p0:material_type="d2ldiscussion" d2l_2p0:link_target="" href="discussion_d2l_35.xml" title="" />
        <resource identifier="res_discuss_36" type="webcontent" d2l_2p0:material_type="d2ldiscussion" d2l_2p0:link_target="" href="discussion_d2l_36.xml" title="" />
        <resource identifier="res_discuss_37" type="webcontent" d2l_2p0:material_type="d2ldiscussion" d2l_2p0:link_target="" href="discussion_d2l_37.xml" title="" />
        <resource identifier="res_discuss_38" type="webcontent" d2l_2p0:material_type="d2ldiscussion" d2l_2p0:link_target="" href="discussion_d2l_38.xml" title="" />
        <resource identifier="res_discuss_39" type="webcontent" d2l_2p0:material_type="d2ldiscussion" d2l_2p0:link_target="" href="discussion_d2l_39.xml" title="" />
        <resource identifier="res_discuss_40" type="webcontent" d2l_2p0:material_type="d2ldiscussion" d2l_2p0:link_target="" href="discussion_d2l_40.xml" title="" />
        <resource identifier="res_discuss_41" type="webcontent" d2l_2p0:material_type="d2ldiscussion" d2l_2p0:link_target="" href="discussion_d2l_41.xml" title="" />
        <resource identifier="res_discuss_42" type="webcontent" d2l_2p0:material_type="d2ldiscussion" d2l_2p0:link_target="" href="discussion_d2l_42.xml" title="" />
        <resource identifier="res_discuss_43" type="webcontent" d2l_2p0:material_type="d2ldiscussion" d2l_2p0:link_target="" href="discussion_d2l_43.xml" title="" />
        <resource identifier="res_discuss_44" type="webcontent" d2l_2p0:material_type="d2ldiscussion" d2l_2p0:link_target="" href="discussion_d2l_44.xml" title="" />
        <resource identifier="res_discuss_45" type="webcontent" d2l_2p0:material_type="d2ldiscussion" d2l_2p0:link_target="" href="discussion_d2l_45.xml" title="" />
        <resource identifier="res_discuss_46" type="webcontent" d2l_2p0:material_type="d2ldiscussion" d2l_2p0:link_target="" href="discussion_d2l_46.xml" title="" />
        <resource identifier="res_discuss_47" type="webcontent" d2l_2p0:material_type="d2ldiscussion" d2l_2p0:link_target="" href="discussion_d2l_47.xml" title="" />
        <resource identifier="res_discuss_48" type="webcontent" d2l_2p0:material_type="d2ldiscussion" d2l_2p0:link_target="" href="discussion_d2l_48.xml" title="" />
        <resource identifier="res_discuss_49" type="webcontent" d2l_2p0:material_type="d2ldiscussion" d2l_2p0:link_target="" href="discussion_d2l_49.xml" title="" />
        <resource identifier="res_discuss_50" type="webcontent" d2l_2p0:material_type="d2ldiscussion" d2l_2p0:link_target="" href="discussion_d2l_50.xml" title="" />
        <resource identifier="res_discuss_51" type="webcontent" d2l_2p0:material_type="d2ldiscussion" d2l_2p0:link_target="" href="discussion_d2l_51.xml" title="" />
        <resource identifier="res_discuss_52" type="webcontent" d2l_2p0:material_type="d2ldiscussion" d2l_2p0:link_target="" href="discussion_d2l_52.xml" title="" />
        <resource identifier="res_discuss_53" type="webcontent" d2l_2p0:material_type="d2ldiscussion" d2l_2p0:link_target="" href="discussion_d2l_53.xml" title="" />
        <resource identifier="res_discuss_54" type="webcontent" d2l_2p0:material_type="d2ldiscussion" d2l_2p0:link_target="" href="discussion_d2l_54.xml" title="" />
        <resource identifier="res_discuss_55" type="webcontent" d2l_2p0:material_type="d2ldiscussion" d2l_2p0:link_target="" href="discussion_d2l_55.xml" title="" />
        <resource identifier="res_discuss_56" type="webcontent" d2l_2p0:material_type="d2ldiscussion" d2l_2p0:link_target="" href="discussion_d2l_56.xml" title="" />
        <resource identifier="res_discuss_57" type="webcontent" d2l_2p0:material_type="d2ldiscussion" d2l_2p0:link_target="" href="discussion_d2l_57.xml" title="" />
        <resource identifier="res_discuss_58" type="webcontent" d2l_2p0:material_type="d2ldiscussion" d2l_2p0:link_target="" href="discussion_d2l_58.xml" title="" />
        <resource identifier="res_discuss_59" type="webcontent" d2l_2p0:material_type="d2ldiscussion" d2l_2p0:link_target="" href="discussion_d2l_59.xml" title="" />
        <resource identifier="res_discuss_60" type="webcontent" d2l_2p0:material_type="d2ldiscussion" d2l_2p0:link_target="" href="discussion_d2l_60.xml" title="" />
        <resource identifier="res_discuss_61" type="webcontent" d2l_2p0:material_type="d2ldiscussion" d2l_2p0:link_target="" href="discussion_d2l_61.xml" title="" />
        <resource identifier="res_discuss_62" type="webcontent" d2l_2p0:material_type="d2ldiscussion" d2l_2p0:link_target="" href="discussion_d2l_62.xml" title="" />
        <resource identifier="res_discuss_63" type="webcontent" d2l_2p0:material_type="d2ldiscussion" d2l_2p0:link_target="" href="discussion_d2l_63.xml" title="" />
        <resource identifier="res_discuss_64" type="webcontent" d2l_2p0:material_type="d2ldiscussion" d2l_2p0:link_target="" href="discussion_d2l_64.xml" title="" />
        <resource identifier="res_discuss_65" type="webcontent" d2l_2p0:material_type="d2ldiscussion" d2l_2p0:link_target="" href="discussion_d2l_65.xml" title="" />
        <resource identifier="res_discuss_66" type="webcontent" d2l_2p0:material_type="d2ldiscussion" d2l_2p0:link_target="" href="discussion_d2l_66.xml" title="" />
        <resource identifier="res_discuss_67" type="webcontent" d2l_2p0:material_type="d2ldiscussion" d2l_2p0:link_target="" href="discussion_d2l_67.xml" title="" />
        <resource identifier="res_discuss_68" type="webcontent" d2l_2p0:material_type="d2ldiscussion" d2l_2p0:link_target="" href="discussion_d2l_68.xml" title="" />
        <resource identifier="res_discuss_69" type="webcontent" d2l_2p0:material_type="d2ldiscussion" d2l_2p0:link_target="" href="discussion_d2l_69.xml" title="" />
        <resource identifier="res_discuss_70" type="webcontent" d2l_2p0:material_type="d2ldiscussion" d2l_2p0:link_target="" href="discussion_d2l_70.xml" title="" />
        <resource identifier="res_discuss_71" type="webcontent" d2l_2p0:material_type="d2ldiscussion" d2l_2p0:link_target="" href="discussion_d2l_71.xml" title="" />
        <resource identifier="res_discuss_72" type="webcontent" d2l_2p0:material_type="d2ldiscussion" d2l_2p0:link_target="" href="discussion_d2l_72.xml" title="" />
        <resource identifier="res_discuss_73" type="webcontent" d2l_2p0:material_type="d2ldiscussion" d2l_2p0:link_target="" href="discussion_d2l_73.xml" title="" />
        <resource identifier="res_discuss_74" type="webcontent" d2l_2p0:material_type="d2ldiscussion" d2l_2p0:link_target="" href="discussion_d2l_74.xml" title="" />
        <resource identifier="res_discuss_75" type="webcontent" d2l_2p0:material_type="d2ldiscussion" d2l_2p0:link_target="" href="discussion_d2l_75.xml" title="" />
        <resource identifier="res_discuss_76" type="webcontent" d2l_2p0:material_type="d2ldiscussion" d2l_2p0:link_target="" href="discussion_d2l_76.xml" title="" />
        <resource identifier="res_discuss_77" type="webcontent" d2l_2p0:material_type="d2ldiscussion" d2l_2p0:link_target="" href="discussion_d2l_77.xml" title="" />
        <resource identifier="res_discuss_78" type="webcontent" d2l_2p0:material_type="d2ldiscussion" d2l_2p0:link_target="" href="discussion_d2l_78.xml" title="" />
        <resource identifier="res_discuss_79" type="webcontent" d2l_2p0:material_type="d2ldiscussion" d2l_2p0:link_target="" href="discussion_d2l_79.xml" title="" />
        <resource identifier="res_discuss_80" type="webcontent" d2l_2p0:material_type="d2ldiscussion" d2l_2p0:link_target="" href="discussion_d2l_80.xml" title="" />
        <resource identifier="res_discuss_81" type="webcontent" d2l_2p0:material_type="d2ldiscussion" d2l_2p0:link_target="" href="discussion_d2l_81.xml" title="" />
        <resource identifier="res_discuss_82" type="webcontent" d2l_2p0:material_type="d2ldiscussion" d2l_2p0:link_target="" href="discussion_d2l_82.xml" title="" />
        <resource identifier="res_news" type="webcontent" d2l_2p0:material_type="d2lnews" d2l_2p0:link_target="" href="news_d2l.xml" title="" />
        <resource identifier="res_dropbox" type="webcontent" d2l_2p0:material_type="d2ldropbox" d2l_2p0:link_target="" href="dropbox_d2l.xml" title="" />
        <resource identifier="res_chklist" type="webcontent" d2l_2p0:material_type="d2lchecklist" d2l_2p0:link_target="" href="checklist_d2l.xml" title="" />
        <resource identifier="res_schedule" type="webcontent" d2l_2p0:material_type="d2lschedule" d2l_2p0:link_target="" href="schedule_d2l.xml" title="" />
        <resource identifier="RES_LTI_CONTENT_28909" type="webcontent" d2l_2p0:material_type="imsbasiclti_xmlv1p0" d2l_2p0:link_target="" href="basic_lti_link_28909.xml" title="" />
        <resource identifier="RES_LTI_CONTENT_28910" type="webcontent" d2l_2p0:material_type="imsbasiclti_xmlv1p0" d2l_2p0:link_target="" href="basic_lti_link_28910.xml" title="" />
        <resource identifier="RES_LTI_CONTENT_28911" type="webcontent" d2l_2p0:material_type="imsbasiclti_xmlv1p0" d2l_2p0:link_target="" href="basic_lti_link_28911.xml" title="" />
        <resource identifier="RES_LTI_CONTENT_28912" type="webcontent" d2l_2p0:material_type="imsbasiclti_xmlv1p0" d2l_2p0:link_target="" href="basic_lti_link_28912.xml" title="" />
        <resource identifier="RES_LTI_CONTENT_28913" type="webcontent" d2l_2p0:material_type="imsbasiclti_xmlv1p0" d2l_2p0:link_target="" href="basic_lti_link_28913.xml" title="" />
        <resource identifier="RES_LTI_CONTENT_28914" type="webcontent" d2l_2p0:material_type="imsbasiclti_xmlv1p0" d2l_2p0:link_target="" href="basic_lti_link_28914.xml" title="" />
        <resource identifier="RES_LTI_CONTENT_28915" type="webcontent" d2l_2p0:material_type="imsbasiclti_xmlv1p0" d2l_2p0:link_target="" href="basic_lti_link_28915.xml" title="" />
        <resource identifier="RES_LTI_CONTENT_28916" type="webcontent" d2l_2p0:material_type="imsbasiclti_xmlv1p0" d2l_2p0:link_target="" href="basic_lti_link_28916.xml" title="" />
        <resource identifier="RES_LTI_CONTENT_28917" type="webcontent" d2l_2p0:material_type="imsbasiclti_xmlv1p0" d2l_2p0:link_target="" href="basic_lti_link_28917.xml" title="" />
        <resource identifier="RES_LTI_CONTENT_28918" type="webcontent" d2l_2p0:material_type="imsbasiclti_xmlv1p0" d2l_2p0:link_target="" href="basic_lti_link_28918.xml" title="" />
        <resource identifier="RES_LTI_CONTENT_28919" type="webcontent" d2l_2p0:material_type="imsbasiclti_xmlv1p0" d2l_2p0:link_target="" href="basic_lti_link_28919.xml" title="" />
        <resource identifier="RES_LTI_CONTENT_28920" type="webcontent" d2l_2p0:material_type="imsbasiclti_xmlv1p0" d2l_2p0:link_target="" href="basic_lti_link_28920.xml" title="" />
        <resource identifier="RES_LTI_CONTENT_28921" type="webcontent" d2l_2p0:material_type="imsbasiclti_xmlv1p0" d2l_2p0:link_target="" href="basic_lti_link_28921.xml" title="" />
        <resource identifier="RES_LTI_CONTENT_28922" type="webcontent" d2l_2p0:material_type="imsbasiclti_xmlv1p0" d2l_2p0:link_target="" href="basic_lti_link_28922.xml" title="" />
        <resource identifier="RES_LTI_CONTENT_28923" type="webcontent" d2l_2p0:material_type="imsbasiclti_xmlv1p0" d2l_2p0:link_target="" href="basic_lti_link_28923.xml" title="" />
        <resource identifier="RES_LTI_CONTENT_28924" type="webcontent" d2l_2p0:material_type="imsbasiclti_xmlv1p0" d2l_2p0:link_target="" href="basic_lti_link_28924.xml" title="" />
        <resource identifier="RES_LTI_CONTENT_28925" type="webcontent" d2l_2p0:material_type="imsbasiclti_xmlv1p0" d2l_2p0:link_target="" href="basic_lti_link_28925.xml" title="" />
        <resource identifier="RES_LTI_CONTENT_28926" type="webcontent" d2l_2p0:material_type="imsbasiclti_xmlv1p0" d2l_2p0:link_target="" href="basic_lti_link_28926.xml" title="" />
        <resource identifier="RES_LTI_CONTENT_28927" type="webcontent" d2l_2p0:material_type="imsbasiclti_xmlv1p0" d2l_2p0:link_target="" href="basic_lti_link_28927.xml" title="" />
        <resource identifier="RES_LTI_CONTENT_28928" type="webcontent" d2l_2p0:material_type="imsbasiclti_xmlv1p0" d2l_2p0:link_target="" href="basic_lti_link_28928.xml" title="" />
        <resource identifier="RES_LTI_CONTENT_28929" type="webcontent" d2l_2p0:material_type="imsbasiclti_xmlv1p0" d2l_2p0:link_target="" href="basic_lti_link_28929.xml" title="" />
        <resource identifier="RES_LTI_CONTENT_28930" type="webcontent" d2l_2p0:material_type="imsbasiclti_xmlv1p0" d2l_2p0:link_target="" href="basic_lti_link_28930.xml" title="" />
        <resource identifier="RES_LTI_CONTENT_28931" type="webcontent" d2l_2p0:material_type="imsbasiclti_xmlv1p0" d2l_2p0:link_target="" href="basic_lti_link_28931.xml" title="" />
        <resource identifier="RES_LTI_CONTENT_28932" type="webcontent" d2l_2p0:material_type="imsbasiclti_xmlv1p0" d2l_2p0:link_target="" href="basic_lti_link_28932.xml" title="" />
        <resource identifier="RES_LTI_CONTENT_28933" type="webcontent" d2l_2p0:material_type="imsbasiclti_xmlv1p0" d2l_2p0:link_target="" href="basic_lti_link_28933.xml" title="" />
        <resource identifier="RES_LTI_CONTENT_28934" type="webcontent" d2l_2p0:material_type="imsbasiclti_xmlv1p0" d2l_2p0:link_target="" href="basic_lti_link_28934.xml" title="" />
        <resource identifier="RES_LTI_CONTENT_28935" type="webcontent" d2l_2p0:material_type="imsbasiclti_xmlv1p0" d2l_2p0:link_target="" href="basic_lti_link_28935.xml" title="" />
        <resource identifier="RES_LTI_CONTENT_28936" type="webcontent" d2l_2p0:material_type="imsbasiclti_xmlv1p0" d2l_2p0:link_target="" href="basic_lti_link_28936.xml" title="" />
        <resource identifier="RES_LTI_CONTENT_28937" type="webcontent" d2l_2p0:material_type="imsbasiclti_xmlv1p0" d2l_2p0:link_target="" href="basic_lti_link_28937.xml" title="" />
        <resource identifier="RES_LTI_CONTENT_28938" type="webcontent" d2l_2p0:material_type="imsbasiclti_xmlv1p0" d2l_2p0:link_target="" href="basic_lti_link_28938.xml" title="" />
        <resource identifier="RES_LTI_CONTENT_28939" type="webcontent" d2l_2p0:material_type="imsbasiclti_xmlv1p0" d2l_2p0:link_target="" href="basic_lti_link_28939.xml" title="" />
        <resource identifier="RES_LTI_CONTENT_28940" type="webcontent" d2l_2p0:material_type="imsbasiclti_xmlv1p0" d2l_2p0:link_target="" href="basic_lti_link_28940.xml" title="" />
        <resource identifier="RES_LTI_CONTENT_28941" type="webcontent" d2l_2p0:material_type="imsbasiclti_xmlv1p0" d2l_2p0:link_target="" href="basic_lti_link_28941.xml" title="" />
        <resource identifier="RES_LTI_CONTENT_28942" type="webcontent" d2l_2p0:material_type="imsbasiclti_xmlv1p0" d2l_2p0:link_target="" href="basic_lti_link_28942.xml" title="" />
        <resource identifier="RES_LTI_CONTENT_28943" type="webcontent" d2l_2p0:material_type="imsbasiclti_xmlv1p0" d2l_2p0:link_target="" href="basic_lti_link_28943.xml" title="" />
        <resource identifier="RES_LTI_CONTENT_28944" type="webcontent" d2l_2p0:material_type="imsbasiclti_xmlv1p0" d2l_2p0:link_target="" href="basic_lti_link_28944.xml" title="" />
        <resource identifier="RES_LTI_CONTENT_28945" type="webcontent" d2l_2p0:material_type="imsbasiclti_xmlv1p0" d2l_2p0:link_target="" href="basic_lti_link_28945.xml" title="" />
        <resource identifier="RES_LTI_CONTENT_28946" type="webcontent" d2l_2p0:material_type="imsbasiclti_xmlv1p0" d2l_2p0:link_target="" href="basic_lti_link_28946.xml" title="" />
        <resource identifier="RES_LTI_CONTENT_28947" type="webcontent" d2l_2p0:material_type="imsbasiclti_xmlv1p0" d2l_2p0:link_target="" href="basic_lti_link_28947.xml" title="" />
        <resource identifier="RES_LTI_CONTENT_28948" type="webcontent" d2l_2p0:material_type="imsbasiclti_xmlv1p0" d2l_2p0:link_target="" href="basic_lti_link_28948.xml" title="" />
        <resource identifier="RES_LTI_CONTENT_28949" type="webcontent" d2l_2p0:material_type="imsbasiclti_xmlv1p0" d2l_2p0:link_target="" href="basic_lti_link_28949.xml" title="" />
        <resource identifier="RES_LTI_CONTENT_28950" type="webcontent" d2l_2p0:material_type="imsbasiclti_xmlv1p0" d2l_2p0:link_target="" href="basic_lti_link_28950.xml" title="" />
        <resource identifier="RES_LTI_CONTENT_28951" type="webcontent" d2l_2p0:material_type="imsbasiclti_xmlv1p0" d2l_2p0:link_target="" href="basic_lti_link_28951.xml" title="" />
        <resource identifier="RES_LTI_CONTENT_28952" type="webcontent" d2l_2p0:material_type="imsbasiclti_xmlv1p0" d2l_2p0:link_target="" href="basic_lti_link_28952.xml" title="" />
        <resource identifier="RES_LTI_CONTENT_28953" type="webcontent" d2l_2p0:material_type="imsbasiclti_xmlv1p0" d2l_2p0:link_target="" href="basic_lti_link_28953.xml" title="" />
        <resource identifier="RES_LTI_CONTENT_28954" type="webcontent" d2l_2p0:material_type="imsbasiclti_xmlv1p0" d2l_2p0:link_target="" href="basic_lti_link_28954.xml" title="" />
        <resource identifier="RES_LTI_CONTENT_28955" type="webcontent" d2l_2p0:material_type="imsbasiclti_xmlv1p0" d2l_2p0:link_target="" href="basic_lti_link_28955.xml" title="" />
        <resource identifier="RES_LTI_CONTENT_28956" type="webcontent" d2l_2p0:material_type="imsbasiclti_xmlv1p0" d2l_2p0:link_target="" href="basic_lti_link_28956.xml" title="" />
        <resource identifier="RES_LTI_CONTENT_28957" type="webcontent" d2l_2p0:material_type="imsbasiclti_xmlv1p0" d2l_2p0:link_target="" href="basic_lti_link_28957.xml" title="" />
        <resource identifier="RES_LTI_CONTENT_28958" type="webcontent" d2l_2p0:material_type="imsbasiclti_xmlv1p0" d2l_2p0:link_target="" href="basic_lti_link_28958.xml" title="" />
        <resource identifier="RES_LTI_CONTENT_28959" type="webcontent" d2l_2p0:material_type="imsbasiclti_xmlv1p0" d2l_2p0:link_target="" href="basic_lti_link_28959.xml" title="" />
        <resource identifier="RES_LTI_CONTENT_28960" type="webcontent" d2l_2p0:material_type="imsbasiclti_xmlv1p0" d2l_2p0:link_target="" href="basic_lti_link_28960.xml" title="" />
        <resource identifier="RES_LTI_CONTENT_28961" type="webcontent" d2l_2p0:material_type="imsbasiclti_xmlv1p0" d2l_2p0:link_target="" href="basic_lti_link_28961.xml" title="" />
        <resource identifier="RES_LTI_CONTENT_28962" type="webcontent" d2l_2p0:material_type="imsbasiclti_xmlv1p0" d2l_2p0:link_target="" href="basic_lti_link_28962.xml" title="" />
        <resource identifier="RES_LTI_CONTENT_28963" type="webcontent" d2l_2p0:material_type="imsbasiclti_xmlv1p0" d2l_2p0:link_target="" href="basic_lti_link_28963.xml" title="" />
        <resource identifier="RES_LTI_CONTENT_28964" type="webcontent" d2l_2p0:material_type="imsbasiclti_xmlv1p0" d2l_2p0:link_target="" href="basic_lti_link_28964.xml" title="" />
        <resource identifier="res_grades" type="webcontent" d2l_2p0:material_type="d2lgrades" d2l_2p0:link_target="" href="grades_d2l.xml" title="" />
        <resource identifier="res_courseimage" type="webcontent" d2l_2p0:material_type="d2lcourseimage" d2l_2p0:link_target="" href="courseimage_d2l.xml" title="" />
        <resource identifier="res_rubrics" type="webcontent" d2l_2p0:material_type="d2lrubrics" d2l_2p0:link_target="" href="rubrics_d2l.xml" title="" />
    </resources>
</manifest>