﻿<news><item id="511"><headline>Accessing Your Training Environment</headline><content text_type="text/html">&lt;div style="background: #23354b;"&gt;
&lt;div style="margin: auto; width: 40em; background: none repeat scroll 0% 0% #f1f1d4; border: 8px solid white; border-radius: 10px;"&gt;
&lt;div style="padding: 16px;"&gt;
&lt;p&gt;&lt;span style="color: #2b4277; font-family: tahoma, arial, helvetica, sans-serif;"&gt;&lt;span style="font-size: 32px;"&gt;Your Training Environment&lt;/span&gt;&lt;/span&gt;&lt;/p&gt;
&lt;hr /&gt;
&lt;p&gt;&lt;span style="font-size: 12pt;"&gt;&lt;/span&gt;&lt;/p&gt;
&lt;p&gt;Welcome to the Course Support Training environment. There are three different "Courses" contained within: FDDA 240, FDHUM BB-8, and FDLIT 111. Each course corresponds to the theme of the training program you are currently enrolled in.&lt;/p&gt;
&lt;p&gt;Remember that this is&amp;nbsp;&lt;em&gt;&lt;strong&gt;your&lt;/strong&gt;&lt;/em&gt; sandbox and you are the only one who will be accessing these trainings. Feel free to mess around with them once you have gone through the training for that level!&lt;/p&gt;
&lt;p&gt;If you would like to test an idea or play with the settings on a particular type of assignment, do it! Try out new things or to explore the various settings on different types of assignments. You can even change the settings of items that are already in your sandbox!&lt;/p&gt;
&lt;/div&gt;
&lt;/div&gt;
&lt;/div&gt;</content><show_date_posted>True</show_date_posted><is_global>False</is_global><is_draft>False</is_draft><only_show_in_course>False</only_show_in_course><sort_order>1</sort_order><date_start>2015-10-28T14:53:00</date_start></item><item id="512"><headline>Halloween Safety Reminder</headline><content text_type="text/html">&lt;div style="background: #23354b;"&gt;
&lt;div style="margin: auto; width: 40em; background: none repeat scroll 0% 0% #f1f1d4; border: 8px solid white; border-radius: 10px;"&gt;&lt;img src="banner1.gif" width="100%" alt="" title="" /&gt;&lt;br /&gt;
&lt;div style="padding: 16px;"&gt;
&lt;p&gt;&lt;span style="color: #2b4277; font-family: tahoma, arial, helvetica, sans-serif;"&gt;&lt;span style="font-size: 32px;"&gt;Halloween Safety 10/28/2015&lt;/span&gt;&lt;/span&gt;&lt;/p&gt;
&lt;hr /&gt;
&lt;p&gt;&lt;span style="font-size: 12pt;"&gt;Students,&lt;/span&gt;&lt;/p&gt;
&lt;p&gt;&lt;span style="font-size: 12pt;"&gt;With the approach of All Hallow's Eve I must urge you all to treat muggles with kindness and respect. Many of them will be parading about neighborhoods purporting to be witches and wizards and demanding sweets. While these portrayals of our kind are offensive and shameful one must not give in to the temptation to use magic outside of a classroom setting. Muggles are, for the most part, still very superstitious and do not understand our ways. It is likely that if they discovered a true-to-life witch or wizard, they would be cruel and unforgiving.&amp;nbsp;&lt;/span&gt;&lt;/p&gt;
&lt;p&gt;&lt;span style="font-size: 12pt;"&gt;Practice safety this Halloween by:&lt;/span&gt;&lt;/p&gt;
&lt;ul&gt;
&lt;li&gt;&lt;span style="font-size: 12pt;"&gt;Staying indoors&lt;/span&gt;&lt;/li&gt;
&lt;li&gt;&lt;span style="font-size: 12pt;"&gt;Keeping magic practice to a minimum&lt;/span&gt;&lt;/li&gt;
&lt;li&gt;&lt;span style="font-size: 12pt;"&gt;Avoiding any act that would draw attention to yourself.&lt;/span&gt;&lt;/li&gt;
&lt;/ul&gt;
&lt;p&gt;&lt;span style="font-size: 12pt;"&gt;If you must go out on Halloween, the school advises wearing your robes and hat in an attempt to blend in with the muggle crowds.&lt;/span&gt;&lt;/p&gt;
&lt;p&gt;&lt;span style="font-size: 12pt;"&gt;I will be accepting late work this week as I know the stress and discretion that need to be taken during the holiday season.&lt;/span&gt;&lt;/p&gt;
&lt;p&gt;&lt;span style="font-size: 12pt;"&gt;-McG&lt;/span&gt;&lt;/p&gt;
&lt;hr /&gt;
&lt;p&gt;&lt;span style="color: #5e75a9;"&gt;&lt;span style="font-size: 18pt;"&gt;&lt;span style="font-family: tahoma, arial, helvetica, sans-serif;"&gt;&amp;nbsp;&lt;/span&gt;&lt;/span&gt;&lt;/span&gt;&lt;/p&gt;
&lt;/div&gt;
&lt;/div&gt;
&lt;/div&gt;</content><show_date_posted>True</show_date_posted><is_global>False</is_global><is_draft>False</is_draft><only_show_in_course>False</only_show_in_course><sort_order>1</sort_order><date_start>2015-10-28T14:53:00</date_start></item><item id="513"><headline>Accessing Your Training Environment</headline><content text_type="text/html">&lt;div style="background: #23354b;"&gt;
&lt;div style="margin: auto; width: 40em; background: none repeat scroll 0% 0% #f1f1d4; border: 8px solid white; border-radius: 10px;"&gt;
&lt;div style="padding: 16px;"&gt;
&lt;p&gt;&lt;span style="color: #2b4277; font-family: tahoma, arial, helvetica, sans-serif;"&gt;&lt;span style="font-size: 32px;"&gt;Your Training Environment&lt;/span&gt;&lt;/span&gt;&lt;/p&gt;
&lt;hr /&gt;
&lt;p&gt;&lt;span style="font-size: 12pt;"&gt;&lt;/span&gt;&lt;/p&gt;
&lt;p&gt;Welcome to the Course Support Training environment. There are three different "Courses" contained within: FDDA 240, FDHUM BB-8, and FDLIT 111. Each course corresponds to the theme of the training program you are currently enrolled in.&lt;/p&gt;
&lt;p&gt;Remember that this is&amp;nbsp;&lt;em&gt;&lt;strong&gt;your&lt;/strong&gt;&lt;/em&gt; sandbox and you are the only one who will be accessing these trainings. Feel free to mess around with them once you have gone through the training for that level!&lt;/p&gt;
&lt;p&gt;If you would like to test an idea or play with the settings on a particular type of assignment, do it! Try out new things or to explore the various settings on different types of assignments. You can even change the settings of items that are already in your sandbox!&lt;/p&gt;
&lt;/div&gt;
&lt;/div&gt;
&lt;/div&gt;</content><show_date_posted>True</show_date_posted><is_global>False</is_global><is_draft>False</is_draft><only_show_in_course>False</only_show_in_course><sort_order>1</sort_order><date_start>2015-10-28T14:53:00</date_start></item><item id="514"><headline>Halloween Safety Reminder</headline><content text_type="text/html">&lt;div style="background: #23354b;"&gt;
&lt;div style="margin: auto; width: 40em; background: none repeat scroll 0% 0% #f1f1d4; border: 8px solid white; border-radius: 10px;"&gt;&lt;img src="banner1.gif" width="100%" alt="" title="" /&gt;&lt;br /&gt;
&lt;div style="padding: 16px;"&gt;
&lt;p&gt;&lt;span style="color: #2b4277; font-family: tahoma, arial, helvetica, sans-serif;"&gt;&lt;span style="font-size: 32px;"&gt;Halloween Safety 10/28/2015&lt;/span&gt;&lt;/span&gt;&lt;/p&gt;
&lt;hr /&gt;
&lt;p&gt;&lt;span style="font-size: 12pt;"&gt;Students,&lt;/span&gt;&lt;/p&gt;
&lt;p&gt;&lt;span style="font-size: 12pt;"&gt;With the approach of All Hallow's Eve I must urge you all to treat muggles with kindness and respect. Many of them will be parading about neighborhoods purporting to be witches and wizards and demanding sweets. While these portrayals of our kind are offensive and shameful one must not give in to the temptation to use magic outside of a classroom setting. Muggles are, for the most part, still very superstitious and do not understand our ways. It is likely that if they discovered a true-to-life witch or wizard, they would be cruel and unforgiving.&amp;nbsp;&lt;/span&gt;&lt;/p&gt;
&lt;p&gt;&lt;span style="font-size: 12pt;"&gt;Practice safety this Halloween by:&lt;/span&gt;&lt;/p&gt;
&lt;ul&gt;
&lt;li&gt;&lt;span style="font-size: 12pt;"&gt;Staying indoors&lt;/span&gt;&lt;/li&gt;
&lt;li&gt;&lt;span style="font-size: 12pt;"&gt;Keeping magic practice to a minimum&lt;/span&gt;&lt;/li&gt;
&lt;li&gt;&lt;span style="font-size: 12pt;"&gt;Avoiding any act that would draw attention to yourself.&lt;/span&gt;&lt;/li&gt;
&lt;/ul&gt;
&lt;p&gt;&lt;span style="font-size: 12pt;"&gt;If you must go out on Halloween, the school advises wearing your robes and hat in an attempt to blend in with the muggle crowds.&lt;/span&gt;&lt;/p&gt;
&lt;p&gt;&lt;span style="font-size: 12pt;"&gt;I will be accepting late work this week as I know the stress and discretion that need to be taken during the holiday season.&lt;/span&gt;&lt;/p&gt;
&lt;p&gt;&lt;span style="font-size: 12pt;"&gt;-McG&lt;/span&gt;&lt;/p&gt;
&lt;hr /&gt;
&lt;p&gt;&lt;span style="color: #5e75a9;"&gt;&lt;span style="font-size: 18pt;"&gt;&lt;span style="font-family: tahoma, arial, helvetica, sans-serif;"&gt;&amp;nbsp;&lt;/span&gt;&lt;/span&gt;&lt;/span&gt;&lt;/p&gt;
&lt;/div&gt;
&lt;/div&gt;
&lt;/div&gt;</content><show_date_posted>True</show_date_posted><is_global>False</is_global><is_draft>False</is_draft><only_show_in_course>False</only_show_in_course><sort_order>1</sort_order><date_start>2015-10-28T14:53:00</date_start></item><item id="515"><headline>Accessing Your Training Environment</headline><content text_type="text/html">&lt;div style="background: #23354b;"&gt;
&lt;div style="margin: auto; width: 40em; background: none repeat scroll 0% 0% #f1f1d4; border: 8px solid white; border-radius: 10px;"&gt;
&lt;div style="padding: 16px;"&gt;
&lt;p&gt;&lt;span style="color: #2b4277; font-family: tahoma, arial, helvetica, sans-serif;"&gt;&lt;span style="font-size: 32px;"&gt;Your Training Environment&lt;/span&gt;&lt;/span&gt;&lt;/p&gt;
&lt;hr /&gt;
&lt;p&gt;&lt;span style="font-size: 12pt;"&gt;&lt;/span&gt;&lt;/p&gt;
&lt;p&gt;Welcome to the Course Support Training environment. There are three different "Courses" contained within: FDDA 240, FDHUM BB-8, and FDLIT 111. Each course corresponds to the theme of the training program you are currently enrolled in.&lt;/p&gt;
&lt;p&gt;Remember that this is&amp;nbsp;&lt;em&gt;&lt;strong&gt;your&lt;/strong&gt;&lt;/em&gt; sandbox and you are the only one who will be accessing these trainings. Feel free to mess around with them once you have gone through the training for that level!&lt;/p&gt;
&lt;p&gt;If you would like to test an idea or play with the settings on a particular type of assignment, do it! Try out new things or to explore the various settings on different types of assignments. You can even change the settings of items that are already in your sandbox!&lt;/p&gt;
&lt;/div&gt;
&lt;/div&gt;
&lt;/div&gt;</content><show_date_posted>True</show_date_posted><is_global>False</is_global><is_draft>False</is_draft><only_show_in_course>False</only_show_in_course><sort_order>1</sort_order><date_start>2015-10-28T14:53:00</date_start></item><item id="516"><headline>Halloween Safety Reminder</headline><content text_type="text/html">&lt;div style="background: #23354b;"&gt;
&lt;div style="margin: auto; width: 40em; background: none repeat scroll 0% 0% #f1f1d4; border: 8px solid white; border-radius: 10px;"&gt;&lt;img src="banner1.gif" width="100%" alt="" title="" /&gt;&lt;br /&gt;
&lt;div style="padding: 16px;"&gt;
&lt;p&gt;&lt;span style="color: #2b4277; font-family: tahoma, arial, helvetica, sans-serif;"&gt;&lt;span style="font-size: 32px;"&gt;Halloween Safety 10/28/2015&lt;/span&gt;&lt;/span&gt;&lt;/p&gt;
&lt;hr /&gt;
&lt;p&gt;&lt;span style="font-size: 12pt;"&gt;Students,&lt;/span&gt;&lt;/p&gt;
&lt;p&gt;&lt;span style="font-size: 12pt;"&gt;With the approach of All Hallow's Eve I must urge you all to treat muggles with kindness and respect. Many of them will be parading about neighborhoods purporting to be witches and wizards and demanding sweets. While these portrayals of our kind are offensive and shameful one must not give in to the temptation to use magic outside of a classroom setting. Muggles are, for the most part, still very superstitious and do not understand our ways. It is likely that if they discovered a true-to-life witch or wizard, they would be cruel and unforgiving.&amp;nbsp;&lt;/span&gt;&lt;/p&gt;
&lt;p&gt;&lt;span style="font-size: 12pt;"&gt;Practice safety this Halloween by:&lt;/span&gt;&lt;/p&gt;
&lt;ul&gt;
&lt;li&gt;&lt;span style="font-size: 12pt;"&gt;Staying indoors&lt;/span&gt;&lt;/li&gt;
&lt;li&gt;&lt;span style="font-size: 12pt;"&gt;Keeping magic practice to a minimum&lt;/span&gt;&lt;/li&gt;
&lt;li&gt;&lt;span style="font-size: 12pt;"&gt;Avoiding any act that would draw attention to yourself.&lt;/span&gt;&lt;/li&gt;
&lt;/ul&gt;
&lt;p&gt;&lt;span style="font-size: 12pt;"&gt;If you must go out on Halloween, the school advises wearing your robes and hat in an attempt to blend in with the muggle crowds.&lt;/span&gt;&lt;/p&gt;
&lt;p&gt;&lt;span style="font-size: 12pt;"&gt;I will be accepting late work this week as I know the stress and discretion that need to be taken during the holiday season.&lt;/span&gt;&lt;/p&gt;
&lt;p&gt;&lt;span style="font-size: 12pt;"&gt;-McG&lt;/span&gt;&lt;/p&gt;
&lt;hr /&gt;
&lt;p&gt;&lt;span style="color: #5e75a9;"&gt;&lt;span style="font-size: 18pt;"&gt;&lt;span style="font-family: tahoma, arial, helvetica, sans-serif;"&gt;&amp;nbsp;&lt;/span&gt;&lt;/span&gt;&lt;/span&gt;&lt;/p&gt;
&lt;/div&gt;
&lt;/div&gt;
&lt;/div&gt;</content><show_date_posted>True</show_date_posted><is_global>False</is_global><is_draft>False</is_draft><only_show_in_course>False</only_show_in_course><sort_order>1</sort_order><date_start>2015-10-28T14:53:00</date_start></item><item id="517"><headline>Accessing Your Training Environment</headline><content text_type="text/html">&lt;div style="background: #23354b;"&gt;
&lt;div style="margin: auto; width: 40em; background: none repeat scroll 0% 0% #f1f1d4; border: 8px solid white; border-radius: 10px;"&gt;
&lt;div style="padding: 16px;"&gt;
&lt;p&gt;&lt;span style="color: #2b4277; font-family: tahoma, arial, helvetica, sans-serif;"&gt;&lt;span style="font-size: 32px;"&gt;Your Training Environment&lt;/span&gt;&lt;/span&gt;&lt;/p&gt;
&lt;hr /&gt;
&lt;p&gt;&lt;span style="font-size: 12pt;"&gt;&lt;/span&gt;&lt;/p&gt;
&lt;p&gt;Welcome to the Course Support Training environment. There are three different "Courses" contained within: FDDA 240, FDHUM BB-8, and FDLIT 111. Each course corresponds to the theme of the training program you are currently enrolled in.&lt;/p&gt;
&lt;p&gt;Remember that this is&amp;nbsp;&lt;em&gt;&lt;strong&gt;your&lt;/strong&gt;&lt;/em&gt; sandbox and you are the only one who will be accessing these trainings. Feel free to mess around with them once you have gone through the training for that level!&lt;/p&gt;
&lt;p&gt;If you would like to test an idea or play with the settings on a particular type of assignment, do it! Try out new things or to explore the various settings on different types of assignments. You can even change the settings of items that are already in your sandbox!&lt;/p&gt;
&lt;/div&gt;
&lt;/div&gt;
&lt;/div&gt;</content><show_date_posted>True</show_date_posted><is_global>False</is_global><is_draft>False</is_draft><only_show_in_course>False</only_show_in_course><sort_order>1</sort_order><date_start>2015-10-28T14:53:00</date_start></item><item id="518"><headline>Accessing Your Training Environment</headline><content text_type="text/html">&lt;div style="background: #23354b;"&gt;
&lt;div style="margin: auto; width: 40em; background: none repeat scroll 0% 0% #f1f1d4; border: 8px solid white; border-radius: 10px;"&gt;
&lt;div style="padding: 16px;"&gt;
&lt;p&gt;&lt;span style="color: #2b4277; font-family: tahoma, arial, helvetica, sans-serif;"&gt;&lt;span style="font-size: 32px;"&gt;Your Training Environment&lt;/span&gt;&lt;/span&gt;&lt;/p&gt;
&lt;hr /&gt;
&lt;p&gt;&lt;span style="font-size: 12pt;"&gt;&lt;/span&gt;&lt;/p&gt;
&lt;p&gt;Welcome to the Course Support Training environment. There are three different "Courses" contained within: FDDA 240, FDHUM BB-8, and FDLIT 111. Each course corresponds to the theme of the training program you are currently enrolled in.&lt;/p&gt;
&lt;p&gt;Remember that this is&amp;nbsp;&lt;em&gt;&lt;strong&gt;your&lt;/strong&gt;&lt;/em&gt; sandbox and you are the only one who will be accessing these trainings. Feel free to mess around with them once you have gone through the training for that level!&lt;/p&gt;
&lt;p&gt;If you would like to test an idea or play with the settings on a particular type of assignment, do it! Try out new things or to explore the various settings on different types of assignments. You can even change the settings of items that are already in your sandbox!&lt;/p&gt;
&lt;/div&gt;
&lt;/div&gt;
&lt;/div&gt;</content><show_date_posted>True</show_date_posted><is_global>False</is_global><is_draft>False</is_draft><only_show_in_course>False</only_show_in_course><sort_order>1</sort_order><date_start>2015-10-28T14:53:00</date_start></item></news>