﻿<?xml version="1.0" encoding="UTF-8"?><questestinterop xmlns:d2l_2p0="http://desire2learn.com/xsd/d2lcp_v2p0"><assessment d2l_2p0:id="90" title="Week 04 Reading and Participation Course" ident="res_quiz_246950" d2l_2p0:resource_code="byui_production-1402556"><rubric><flow_mat><material><mattext d2l_2p0:isdisplayed="yes" texttype="text/html" /></material></flow_mat></rubric><assessmentcontrol hintswitch="no" solutionswitch="no" feedbackswitch="no" /><presentation_material><flow_mat><material label="page header"><mattext d2l_2p0:isdisplayed="no" texttype="text/html" /></material><material label="page footer"><mattext d2l_2p0:isdisplayed="no" texttype="text/html" /></material></flow_mat></presentation_material><assess_procextension><d2l_2p0:intro_message d2l_2p0:isdisplayed="no" texttype="text/html" /><grade_item d2l_2p0:is_autoexport="no" resource_code="byui_production-1575070">497760</grade_item><d2l_2p0:disable_right_click>no</d2l_2p0:disable_right_click><d2l_2p0:disable_pager_access>yes</d2l_2p0:disable_pager_access><is_active>yes</is_active><d2l_2p0:date_start /><d2l_2p0:date_end /><d2l_2p0:has_schedule_event>no</d2l_2p0:has_schedule_event><d2l_2p0:is_attempt_Rldb>no</d2l_2p0:is_attempt_Rldb><d2l_2p0:is_subview_Rldb>no</d2l_2p0:is_subview_Rldb><d2l_2p0:time_limit>120</d2l_2p0:time_limit><d2l_2p0:show_clock>no</d2l_2p0:show_clock><d2l_2p0:enforce_time_limit>no</d2l_2p0:enforce_time_limit><d2l_2p0:grace_period>5</d2l_2p0:grace_period><d2l_2p0:late_limit>0</d2l_2p0:late_limit><d2l_2p0:attempts_allowed>1</d2l_2p0:attempts_allowed><d2l_2p0:attempt_restrictions /><d2l_2p0:mark_calculation_type>1</d2l_2p0:mark_calculation_type><d2l_2p0:is_forward_only>no</d2l_2p0:is_forward_only></assess_procextension><assessfeedback><rubric><flow_mat><material><mattext texttype="no">Your quiz has been submitted successfully.</mattext></material></flow_mat></rubric><d2l_2p0:duration>0</d2l_2p0:duration><d2l_2p0:response_display_type_id>1</d2l_2p0:response_display_type_id><d2l_2p0:show_correct_answers>no</d2l_2p0:show_correct_answers><d2l_2p0:submission_restrictip>no</d2l_2p0:submission_restrictip><d2l_2p0:show_class_average>no</d2l_2p0:show_class_average><d2l_2p0:show_score_distribution>no</d2l_2p0:show_score_distribution></assessfeedback><section ident="CONTAINER_SECTION"><item ident="OBJ_4449375" label="QUES_950872_1029138" d2l_2p0:page="1"><itemmetadata><qtimetadata><qti_metadatafield><fieldlabel>qmd_computerscored</fieldlabel><fieldentry>yes</fieldentry></qti_metadatafield><qti_metadatafield><fieldlabel>qmd_questiontype</fieldlabel><fieldentry>True/False</fieldentry></qti_metadatafield><qti_metadatafield><fieldlabel>qmd_weighting</fieldlabel><fieldentry>1.000000000</fieldentry></qti_metadatafield><qti_metadatafield><fieldlabel>qmd_globalid</fieldlabel><fieldentry>32736282-feab-4260-abf3-0251d1a374ec</fieldentry></qti_metadatafield><qti_metadatafield><fieldlabel>qmd_displayid</fieldlabel><fieldentry>STEDI-Environment-Master-68</fieldentry></qti_metadatafield></qtimetadata></itemmetadata><itemproc_extension><d2l_2p0:difficulty>1</d2l_2p0:difficulty><d2l_2p0:isbonus>no</d2l_2p0:isbonus><d2l_2p0:ismandatory>no</d2l_2p0:ismandatory></itemproc_extension><presentation><flow><material><mattext texttype="text/html">&lt;p&gt;I completed all of the assigned readings on time and participated to the best of my ability in all class activities this week.&lt;/p&gt;</mattext></material><response_extension><d2l_2p0:display_style>2</d2l_2p0:display_style><d2l_2p0:enumeration>6</d2l_2p0:enumeration><d2l_2p0:grading_type>0</d2l_2p0:grading_type></response_extension><response_lid ident="QUES_950872_1029138_LID" rcardinality="Single"><render_choice shuffle="no"><flow_label class="Block"><response_label ident="QUES_950872_1029138_A3388092"><flow_mat><material><mattext texttype="text/plain">True</mattext></material></flow_mat></response_label></flow_label><flow_label class="Block"><response_label ident="QUES_950872_1029138_A3388093"><flow_mat><material><mattext texttype="text/plain">False</mattext></material></flow_mat></response_label></flow_label></render_choice></response_lid></flow></presentation><resprocessing><respcondition title="Response Condition 1"><conditionvar><varequal respident="QUES_950872_1029138_LID">QUES_950872_1029138_A3388092</varequal></conditionvar><setvar action="Set">100.000000000</setvar><displayfeedback feedbacktype="Response" linkrefid="QUES_950872_1029138_IF3388092" /></respcondition><respcondition title="Response Condition 2"><conditionvar><varequal respident="QUES_950872_1029138_LID">QUES_950872_1029138_A3388093</varequal></conditionvar><setvar action="Set">0.000000000</setvar><displayfeedback feedbacktype="Response" linkrefid="QUES_950872_1029138_IF3388093" /></respcondition></resprocessing><itemfeedback ident="QUES_950872_1029138_IF3388092"><material><mattext texttype="text/html" /></material></itemfeedback><itemfeedback ident="QUES_950872_1029138_IF3388093"><material><mattext texttype="text/html" /></material></itemfeedback></item><item ident="OBJ_4449376" label="QUES_950873_1029139" d2l_2p0:page="1"><itemmetadata><qtimetadata><qti_metadatafield><fieldlabel>qmd_computerscored</fieldlabel><fieldentry>yes</fieldentry></qti_metadatafield><qti_metadatafield><fieldlabel>qmd_questiontype</fieldlabel><fieldentry>Multiple Choice</fieldentry></qti_metadatafield><qti_metadatafield><fieldlabel>qmd_weighting</fieldlabel><fieldentry>1.000000000</fieldentry></qti_metadatafield><qti_metadatafield><fieldlabel>qmd_globalid</fieldlabel><fieldentry>60832ed5-0d6e-409e-86ff-c8d7c5dbf087</fieldentry></qti_metadatafield><qti_metadatafield><fieldlabel>qmd_displayid</fieldlabel><fieldentry>STEDI-Environment-Master-69</fieldentry></qti_metadatafield></qtimetadata></itemmetadata><itemproc_extension><d2l_2p0:difficulty>1</d2l_2p0:difficulty><d2l_2p0:isbonus>no</d2l_2p0:isbonus><d2l_2p0:ismandatory>no</d2l_2p0:ismandatory></itemproc_extension><presentation><flow><material><mattext texttype="text/html">&lt;p&gt;What crystals power the blade of a lightsaber?&lt;/p&gt;</mattext></material><response_extension><d2l_2p0:display_style>2</d2l_2p0:display_style><d2l_2p0:enumeration>6</d2l_2p0:enumeration><d2l_2p0:grading_type>0</d2l_2p0:grading_type></response_extension><response_lid ident="QUES_950873_1029139_LID" rcardinality="Single"><render_choice shuffle="no"><flow_label class="Block"><response_label ident="QUES_950873_1029139_A3388094"><flow_mat><material><mattext texttype="text/html">&lt;p&gt;Kyber&lt;/p&gt;</mattext></material></flow_mat></response_label></flow_label><flow_label class="Block"><response_label ident="QUES_950873_1029139_A3388095"><flow_mat><material><mattext texttype="text/html">&lt;p&gt;Nova&lt;/p&gt;</mattext></material></flow_mat></response_label></flow_label><flow_label class="Block"><response_label ident="QUES_950873_1029139_A3388096"><flow_mat><material><mattext texttype="text/html">&lt;p&gt;Kessel&lt;/p&gt;</mattext></material></flow_mat></response_label></flow_label><flow_label class="Block"><response_label ident="QUES_950873_1029139_A3388097"><flow_mat><material><mattext texttype="text/html">&lt;p&gt;Cristopsis&lt;/p&gt;</mattext></material></flow_mat></response_label></flow_label></render_choice></response_lid></flow></presentation><resprocessing><respcondition title="Response Condition 1"><conditionvar><varequal respident="QUES_950873_1029139_LID">QUES_950873_1029139_A3388094</varequal></conditionvar><setvar action="Set">100.000000000</setvar><displayfeedback feedbacktype="Response" linkrefid="QUES_950873_1029139_IF3388094" /></respcondition><respcondition title="Response Condition 2"><conditionvar><varequal respident="QUES_950873_1029139_LID">QUES_950873_1029139_A3388095</varequal></conditionvar><setvar action="Set">0.000000000</setvar><displayfeedback feedbacktype="Response" linkrefid="QUES_950873_1029139_IF3388095" /></respcondition><respcondition title="Response Condition 3"><conditionvar><varequal respident="QUES_950873_1029139_LID">QUES_950873_1029139_A3388096</varequal></conditionvar><setvar action="Set">0.000000000</setvar><displayfeedback feedbacktype="Response" linkrefid="QUES_950873_1029139_IF3388096" /></respcondition><respcondition title="Response Condition 4"><conditionvar><varequal respident="QUES_950873_1029139_LID">QUES_950873_1029139_A3388097</varequal></conditionvar><setvar action="Set">0.000000000</setvar><displayfeedback feedbacktype="Response" linkrefid="QUES_950873_1029139_IF3388097" /></respcondition></resprocessing><itemfeedback ident="QUES_950873_1029139_IF3388094"><material><mattext texttype="text/html" /></material></itemfeedback><itemfeedback ident="QUES_950873_1029139_IF3388095"><material><mattext texttype="text/html" /></material></itemfeedback><itemfeedback ident="QUES_950873_1029139_IF3388096"><material><mattext texttype="text/html" /></material></itemfeedback><itemfeedback ident="QUES_950873_1029139_IF3388097"><material><mattext texttype="text/html" /></material></itemfeedback></item><item ident="OBJ_4449377" label="QUES_950874_1029141" d2l_2p0:page="1"><itemmetadata><qtimetadata><qti_metadatafield><fieldlabel>qmd_computerscored</fieldlabel><fieldentry>yes</fieldentry></qti_metadatafield><qti_metadatafield><fieldlabel>qmd_questiontype</fieldlabel><fieldentry>Multi-Select</fieldentry></qti_metadatafield><qti_metadatafield><fieldlabel>qmd_weighting</fieldlabel><fieldentry>1.000000000</fieldentry></qti_metadatafield><qti_metadatafield><fieldlabel>qmd_globalid</fieldlabel><fieldentry>8003e045-2986-464e-b552-ac4d40b9c6f4</fieldentry></qti_metadatafield><qti_metadatafield><fieldlabel>qmd_displayid</fieldlabel><fieldentry>STEDI-Environment-Master-70</fieldentry></qti_metadatafield></qtimetadata></itemmetadata><itemproc_extension><d2l_2p0:difficulty>1</d2l_2p0:difficulty><d2l_2p0:isbonus>no</d2l_2p0:isbonus><d2l_2p0:ismandatory>no</d2l_2p0:ismandatory></itemproc_extension><presentation><flow><material><mattext texttype="text/html">&lt;p&gt;Which of the following are the proper names of lightsaber combat forms?&lt;/p&gt;</mattext></material><response_extension><d2l_2p0:display_style>2</d2l_2p0:display_style><d2l_2p0:enumeration>6</d2l_2p0:enumeration><d2l_2p0:grading_type>0</d2l_2p0:grading_type></response_extension><response_lid ident="QUES_950874_1029141_LID" rcardinality="Multiple"><render_choice shuffle="no"><flow_label class="Block"><response_label ident="QUES_950874_1029141_A3388104"><flow_mat><material><mattext texttype="text/html">&lt;p&gt;Ataru&lt;/p&gt;</mattext></material></flow_mat></response_label></flow_label><flow_label class="Block"><response_label ident="QUES_950874_1029141_A3388105"><flow_mat><material><mattext texttype="text/html">&lt;p&gt;Shii-Cho&lt;/p&gt;</mattext></material></flow_mat></response_label></flow_label><flow_label class="Block"><response_label ident="QUES_950874_1029141_A3388106"><flow_mat><material><mattext texttype="text/html">&lt;p&gt;Wang-Chung&lt;/p&gt;</mattext></material></flow_mat></response_label></flow_label><flow_label class="Block"><response_label ident="QUES_950874_1029141_A3388107"><flow_mat><material><mattext texttype="text/html">&lt;p&gt;Makashi&lt;/p&gt;</mattext></material></flow_mat></response_label></flow_label></render_choice></response_lid></flow></presentation><resprocessing><outcomes><decvar vartype="Integer" defaultval="0" /></outcomes><respcondition title="Scoring for the correct answers" continue="yes"><conditionvar><varequal respident="QUES_950874_1029141_LID">QUES_950874_1029141_A3388104</varequal><varequal respident="QUES_950874_1029141_LID">QUES_950874_1029141_A3388105</varequal><varequal respident="QUES_950874_1029141_LID">QUES_950874_1029141_A3388107</varequal><not><varequal respident="QUES_950874_1029141_LID">QUES_950874_1029141_A3388106</varequal></not></conditionvar><setvar action="Add">1</setvar></respcondition><respcondition title="Scoring for the incorrect answers" continue="no"><conditionvar><and><not><varequal respident="QUES_950874_1029141_LID">QUES_950874_1029141_A3388104</varequal><varequal respident="QUES_950874_1029141_LID">QUES_950874_1029141_A3388105</varequal><varequal respident="QUES_950874_1029141_LID">QUES_950874_1029141_A3388107</varequal><not><varequal respident="QUES_950874_1029141_LID">QUES_950874_1029141_A3388106</varequal></not></not></and></conditionvar><setvar action="Add">0</setvar></respcondition></resprocessing><itemfeedback ident="QUES_950874_1029141_IF3388104"><material><mattext texttype="text/html" /></material></itemfeedback><itemfeedback ident="QUES_950874_1029141_IF3388105"><material><mattext texttype="text/html" /></material></itemfeedback><itemfeedback ident="QUES_950874_1029141_IF3388106"><material><mattext texttype="text/html" /></material></itemfeedback><itemfeedback ident="QUES_950874_1029141_IF3388107"><material><mattext texttype="text/html" /></material></itemfeedback></item><item ident="OBJ_4449378" label="QUES_950875_1029159" d2l_2p0:page="1"><itemmetadata><qtimetadata><qti_metadatafield><fieldlabel>qmd_computerscored</fieldlabel><fieldentry>yes</fieldentry></qti_metadatafield><qti_metadatafield><fieldlabel>qmd_questiontype</fieldlabel><fieldentry>Multiple Choice</fieldentry></qti_metadatafield><qti_metadatafield><fieldlabel>qmd_weighting</fieldlabel><fieldentry>1.000000000</fieldentry></qti_metadatafield><qti_metadatafield><fieldlabel>qmd_globalid</fieldlabel><fieldentry>af5cb510-5163-4c62-be8c-52376c42575b</fieldentry></qti_metadatafield><qti_metadatafield><fieldlabel>qmd_displayid</fieldlabel><fieldentry>STEDI-Environment-Master-71</fieldentry></qti_metadatafield></qtimetadata></itemmetadata><itemproc_extension><d2l_2p0:difficulty>1</d2l_2p0:difficulty><d2l_2p0:isbonus>no</d2l_2p0:isbonus><d2l_2p0:ismandatory>no</d2l_2p0:ismandatory></itemproc_extension><presentation><flow><material><mattext texttype="text/html">&lt;p&gt;What type of lightsaber is this?&amp;nbsp;&lt;/p&gt;</mattext><matimage d2l_2p0:is_hidden="true" uri="quizzing\lightsaber.png">lightsaber.png</matimage></material><response_extension><d2l_2p0:display_style>2</d2l_2p0:display_style><d2l_2p0:enumeration>6</d2l_2p0:enumeration><d2l_2p0:grading_type>0</d2l_2p0:grading_type></response_extension><response_lid ident="QUES_950875_1029159_LID" rcardinality="Single"><render_choice shuffle="no"><flow_label class="Block"><response_label ident="QUES_950875_1029159_A3388151"><flow_mat><material><mattext texttype="text/html">&lt;p&gt;Lighsaber pike&lt;/p&gt;</mattext></material></flow_mat></response_label></flow_label><flow_label class="Block"><response_label ident="QUES_950875_1029159_A3388152"><flow_mat><material><mattext texttype="text/html">&lt;p&gt;Shoto Style&lt;/p&gt;</mattext></material></flow_mat></response_label></flow_label><flow_label class="Block"><response_label ident="QUES_950875_1029159_A3388153"><flow_mat><material><mattext texttype="text/html">&lt;p&gt;Protosaber&lt;/p&gt;</mattext></material></flow_mat></response_label></flow_label><flow_label class="Block"><response_label ident="QUES_950875_1029159_A3388154"><flow_mat><material><mattext texttype="text/html">&lt;p&gt;VIbroblade&lt;/p&gt;</mattext></material></flow_mat></response_label></flow_label></render_choice></response_lid></flow></presentation><resprocessing><respcondition title="Response Condition 1"><conditionvar><varequal respident="QUES_950875_1029159_LID">QUES_950875_1029159_A3388151</varequal></conditionvar><setvar action="Set">0.000000000</setvar><displayfeedback feedbacktype="Response" linkrefid="QUES_950875_1029159_IF3388151" /></respcondition><respcondition title="Response Condition 2"><conditionvar><varequal respident="QUES_950875_1029159_LID">QUES_950875_1029159_A3388152</varequal></conditionvar><setvar action="Set">0.000000000</setvar><displayfeedback feedbacktype="Response" linkrefid="QUES_950875_1029159_IF3388152" /></respcondition><respcondition title="Response Condition 3"><conditionvar><varequal respident="QUES_950875_1029159_LID">QUES_950875_1029159_A3388153</varequal></conditionvar><setvar action="Set">100.000000000</setvar><displayfeedback feedbacktype="Response" linkrefid="QUES_950875_1029159_IF3388153" /></respcondition><respcondition title="Response Condition 4"><conditionvar><varequal respident="QUES_950875_1029159_LID">QUES_950875_1029159_A3388154</varequal></conditionvar><setvar action="Set">0.000000000</setvar><displayfeedback feedbacktype="Response" linkrefid="QUES_950875_1029159_IF3388154" /></respcondition></resprocessing><itemfeedback ident="QUES_950875_1029159_IF3388151"><material><mattext texttype="text/html" /></material></itemfeedback><itemfeedback ident="QUES_950875_1029159_IF3388152"><material><mattext texttype="text/html" /></material></itemfeedback><itemfeedback ident="QUES_950875_1029159_IF3388153"><material><mattext texttype="text/html" /></material></itemfeedback><itemfeedback ident="QUES_950875_1029159_IF3388154"><material><mattext texttype="text/html" /></material></itemfeedback></item><item ident="OBJ_4449379" label="QUES_950876_1029161" d2l_2p0:page="1"><itemmetadata><qtimetadata><qti_metadatafield><fieldlabel>qmd_computerscored</fieldlabel><fieldentry>yes</fieldentry></qti_metadatafield><qti_metadatafield><fieldlabel>qmd_questiontype</fieldlabel><fieldentry>Short Answer</fieldentry></qti_metadatafield><qti_metadatafield><fieldlabel>qmd_weighting</fieldlabel><fieldentry>1.000000000</fieldentry></qti_metadatafield><qti_metadatafield><fieldlabel>qmd_globalid</fieldlabel><fieldentry>c807ea98-4a0d-41e9-9794-352b41ecd625</fieldentry></qti_metadatafield><qti_metadatafield><fieldlabel>qmd_displayid</fieldlabel><fieldentry>STEDI-Environment-Master-72</fieldentry></qti_metadatafield></qtimetadata></itemmetadata><itemproc_extension><d2l_2p0:difficulty>1</d2l_2p0:difficulty><d2l_2p0:isbonus>no</d2l_2p0:isbonus><d2l_2p0:ismandatory>no</d2l_2p0:ismandatory></itemproc_extension><presentation><flow><material><mattext texttype="text/html">&lt;p&gt;Which Je-daii Master created the First Blade?&lt;/p&gt;</mattext></material><response_extension><d2l_2p0:grading_type>0</d2l_2p0:grading_type></response_extension><response_str ident="QUES_950876_1029161_A3388158_STR" rcardinality="Single"><render_fib rows="3" columns="60" prompt="Box" fibtype="String"><response_label ident="QUES_950876_1029161_A3388158_ANS" /></render_fib></response_str></flow></presentation><resprocessing><outcomes><decvar vartype="Integer" minvalue="0" maxvalue="100" varname="Blank_1" /></outcomes><respcondition><conditionvar><varequal respident="QUES_950876_1029161_A3388158_ANS" case="no">Weapon Master</varequal></conditionvar><setvar action="Set">100.000000000</setvar></respcondition><respcondition><conditionvar><other /></conditionvar><setvar varname="que_score" action="Set">D2L_Correct</setvar></respcondition></resprocessing></item><item ident="OBJ_4449380" label="QUES_950877_1029192" d2l_2p0:page="1"><itemmetadata><qtimetadata><qti_metadatafield><fieldlabel>qmd_computerscored</fieldlabel><fieldentry>yes</fieldentry></qti_metadatafield><qti_metadatafield><fieldlabel>qmd_questiontype</fieldlabel><fieldentry>Fill in the Blanks</fieldentry></qti_metadatafield><qti_metadatafield><fieldlabel>qmd_weighting</fieldlabel><fieldentry>1.000000000</fieldentry></qti_metadatafield><qti_metadatafield><fieldlabel>qmd_globalid</fieldlabel><fieldentry>b133b6ac-ef85-4da7-b9e5-aaa01b91e570</fieldentry></qti_metadatafield><qti_metadatafield><fieldlabel>qmd_displayid</fieldlabel><fieldentry>STEDI-Environment-Master-73</fieldentry></qti_metadatafield></qtimetadata></itemmetadata><itemproc_extension><d2l_2p0:difficulty>1</d2l_2p0:difficulty><d2l_2p0:isbonus>no</d2l_2p0:isbonus><d2l_2p0:ismandatory>no</d2l_2p0:ismandatory></itemproc_extension><presentation><flow><material><mattext texttype="text/html">According to the in-class discussion&amp;nbsp;</mattext></material><response_str ident="QUES_950877_1029192_A3388235_STR" rcardinality="Single"><render_fib rows="1" columns="30" prompt="Box" fibtype="String"><response_label ident="QUES_950877_1029192_A3388235_ANS" /></render_fib></response_str><material><mattext texttype="text/html">is the oldest and most rudimentary form of lightsaber combat</mattext></material></flow></presentation><resprocessing><outcomes><decvar vartype="Integer" minvalue="0" maxvalue="100" varname="Blank_1" /></outcomes><respcondition><conditionvar><varequal respident="QUES_950877_1029192_A3388235_ANS" case="no">Shii-Cho</varequal></conditionvar><setvar action="Set">100.000000000</setvar></respcondition></resprocessing></item></section></assessment></questestinterop>