﻿<?xml version="1.0" encoding="UTF-8"?><questestinterop xmlns:d2l_2p0="http://desire2learn.com/xsd/d2lcp_v2p0"><assessment d2l_2p0:id="93" title="Chapter 01 Quiz" ident="res_quiz_600328" d2l_2p0:resource_code="byui_production-1402558"><rubric><flow_mat><material><mattext d2l_2p0:isdisplayed="no" texttype="text/html" /></material></flow_mat></rubric><assessmentcontrol hintswitch="no" solutionswitch="yes" feedbackswitch="no" /><presentation_material><flow_mat><material label="page header"><mattext d2l_2p0:isdisplayed="no" texttype="text/html" /></material><material label="page footer"><mattext d2l_2p0:isdisplayed="no" texttype="text/html" /></material></flow_mat></presentation_material><assess_procextension><d2l_2p0:intro_message d2l_2p0:isdisplayed="no" texttype="text/html" /><grade_item d2l_2p0:is_autoexport="yes" resource_code="byui_production-1575072">1454276</grade_item><d2l_2p0:disable_right_click>no</d2l_2p0:disable_right_click><d2l_2p0:disable_pager_access>yes</d2l_2p0:disable_pager_access><is_active>yes</is_active><d2l_2p0:date_start /><d2l_2p0:date_end /><d2l_2p0:has_schedule_event>no</d2l_2p0:has_schedule_event><d2l_2p0:is_attempt_Rldb>no</d2l_2p0:is_attempt_Rldb><d2l_2p0:is_subview_Rldb>no</d2l_2p0:is_subview_Rldb><d2l_2p0:time_limit>120</d2l_2p0:time_limit><d2l_2p0:show_clock>no</d2l_2p0:show_clock><d2l_2p0:enforce_time_limit>no</d2l_2p0:enforce_time_limit><d2l_2p0:grace_period>5</d2l_2p0:grace_period><d2l_2p0:late_limit>0</d2l_2p0:late_limit><d2l_2p0:attempts_allowed>1</d2l_2p0:attempts_allowed><d2l_2p0:attempt_restrictions /><d2l_2p0:mark_calculation_type>1</d2l_2p0:mark_calculation_type><d2l_2p0:is_forward_only>no</d2l_2p0:is_forward_only></assess_procextension><assessfeedback title=""><rubric><flow_mat><material><mattext texttype="yes">&lt;p&gt;Your quiz has been submitted successfully.&lt;/p&gt;</mattext></material></flow_mat></rubric><d2l_2p0:duration>0</d2l_2p0:duration><d2l_2p0:response_display_type_id>2</d2l_2p0:response_display_type_id><d2l_2p0:show_correct_answers>yes</d2l_2p0:show_correct_answers><d2l_2p0:submission_restrictip>no</d2l_2p0:submission_restrictip><d2l_2p0:show_class_average>no</d2l_2p0:show_class_average><d2l_2p0:show_score_distribution>no</d2l_2p0:show_score_distribution></assessfeedback><section ident="CONTAINER_SECTION"><itemref linkrefid="QUES_257220_821658" d2l_2p0:page="1"><d2l_2p0:file href="quiz_d2l_246939.xml" /><d2l_2p0:points>1.000000000</d2l_2p0:points><d2l_2p0:difficulty>1</d2l_2p0:difficulty><d2l_2p0:isbonus>no</d2l_2p0:isbonus><d2l_2p0:ismandatory>no</d2l_2p0:ismandatory></itemref><itemref linkrefid="QUES_257221_281423" d2l_2p0:page="1"><d2l_2p0:file href="quiz_d2l_246939.xml" /><d2l_2p0:points>1.000000000</d2l_2p0:points><d2l_2p0:difficulty>1</d2l_2p0:difficulty><d2l_2p0:isbonus>no</d2l_2p0:isbonus><d2l_2p0:ismandatory>no</d2l_2p0:ismandatory></itemref><itemref linkrefid="QUES_257222_281424" d2l_2p0:page="1"><d2l_2p0:file href="quiz_d2l_246939.xml" /><d2l_2p0:points>1.000000000</d2l_2p0:points><d2l_2p0:difficulty>1</d2l_2p0:difficulty><d2l_2p0:isbonus>no</d2l_2p0:isbonus><d2l_2p0:ismandatory>no</d2l_2p0:ismandatory></itemref><item ident="OBJ_12337122" label="QUES_1522512_1727334" d2l_2p0:page="1"><itemmetadata><qtimetadata><qti_metadatafield><fieldlabel>qmd_computerscored</fieldlabel><fieldentry>yes</fieldentry></qti_metadatafield><qti_metadatafield><fieldlabel>qmd_questiontype</fieldlabel><fieldentry>Matching</fieldentry></qti_metadatafield><qti_metadatafield><fieldlabel>qmd_weighting</fieldlabel><fieldentry>1.000000000</fieldentry></qti_metadatafield><qti_metadatafield><fieldlabel>qmd_globalid</fieldlabel><fieldentry>36f56ae5-9b8e-451d-be99-74b5c4cf68d2</fieldentry></qti_metadatafield><qti_metadatafield><fieldlabel>qmd_displayid</fieldlabel><fieldentry>one11002-12</fieldentry></qti_metadatafield></qtimetadata></itemmetadata><itemproc_extension><d2l_2p0:difficulty>1</d2l_2p0:difficulty><d2l_2p0:isbonus>no</d2l_2p0:isbonus><d2l_2p0:ismandatory>no</d2l_2p0:ismandatory></itemproc_extension><presentation><flow><material><mattext texttype="text/html">&lt;p&gt;Match the answers&lt;/p&gt;</mattext></material><response_extension><d2l_2p0:grading_type>0</d2l_2p0:grading_type></response_extension><response_grp respident="QUES_1522512_1727334_C5797977" rcardinality="Single"><material><mattext texttype="text/html">&lt;p&gt;1&lt;/p&gt;</mattext></material><render_choice shuffle="yes"><flow_label class="Block"><response_label ident="QUES_1522512_1727334_M5797973"><flow_mat><material><mattext texttype="text/html">&lt;p&gt;one&lt;/p&gt;</mattext></material></flow_mat></response_label><response_label ident="QUES_1522512_1727334_M5797974"><flow_mat><material><mattext texttype="text/html">&lt;p&gt;two&lt;/p&gt;</mattext></material></flow_mat></response_label><response_label ident="QUES_1522512_1727334_M5797975"><flow_mat><material><mattext texttype="text/html">&lt;p&gt;three&lt;/p&gt;</mattext></material></flow_mat></response_label><response_label ident="QUES_1522512_1727334_M5797976"><flow_mat><material><mattext texttype="text/html">&lt;p&gt;four&lt;/p&gt;</mattext></material></flow_mat></response_label></flow_label></render_choice></response_grp><response_grp respident="QUES_1522512_1727334_C5797978" rcardinality="Single"><material><mattext texttype="text/html">&lt;p&gt;2&lt;/p&gt;</mattext></material><render_choice shuffle="yes"><flow_label class="Block"><response_label ident="QUES_1522512_1727334_M5797973"><flow_mat><material><mattext texttype="text/html">&lt;p&gt;one&lt;/p&gt;</mattext></material></flow_mat></response_label><response_label ident="QUES_1522512_1727334_M5797974"><flow_mat><material><mattext texttype="text/html">&lt;p&gt;two&lt;/p&gt;</mattext></material></flow_mat></response_label><response_label ident="QUES_1522512_1727334_M5797975"><flow_mat><material><mattext texttype="text/html">&lt;p&gt;three&lt;/p&gt;</mattext></material></flow_mat></response_label><response_label ident="QUES_1522512_1727334_M5797976"><flow_mat><material><mattext texttype="text/html">&lt;p&gt;four&lt;/p&gt;</mattext></material></flow_mat></response_label></flow_label></render_choice></response_grp><response_grp respident="QUES_1522512_1727334_C5797979" rcardinality="Single"><material><mattext texttype="text/html">&lt;p&gt;3&lt;/p&gt;</mattext></material><render_choice shuffle="yes"><flow_label class="Block"><response_label ident="QUES_1522512_1727334_M5797973"><flow_mat><material><mattext texttype="text/html">&lt;p&gt;one&lt;/p&gt;</mattext></material></flow_mat></response_label><response_label ident="QUES_1522512_1727334_M5797974"><flow_mat><material><mattext texttype="text/html">&lt;p&gt;two&lt;/p&gt;</mattext></material></flow_mat></response_label><response_label ident="QUES_1522512_1727334_M5797975"><flow_mat><material><mattext texttype="text/html">&lt;p&gt;three&lt;/p&gt;</mattext></material></flow_mat></response_label><response_label ident="QUES_1522512_1727334_M5797976"><flow_mat><material><mattext texttype="text/html">&lt;p&gt;four&lt;/p&gt;</mattext></material></flow_mat></response_label></flow_label></render_choice></response_grp><response_grp respident="QUES_1522512_1727334_C5797980" rcardinality="Single"><material><mattext texttype="text/html">&lt;p&gt;4&lt;/p&gt;</mattext></material><render_choice shuffle="yes"><flow_label class="Block"><response_label ident="QUES_1522512_1727334_M5797973"><flow_mat><material><mattext texttype="text/html">&lt;p&gt;one&lt;/p&gt;</mattext></material></flow_mat></response_label><response_label ident="QUES_1522512_1727334_M5797974"><flow_mat><material><mattext texttype="text/html">&lt;p&gt;two&lt;/p&gt;</mattext></material></flow_mat></response_label><response_label ident="QUES_1522512_1727334_M5797975"><flow_mat><material><mattext texttype="text/html">&lt;p&gt;three&lt;/p&gt;</mattext></material></flow_mat></response_label><response_label ident="QUES_1522512_1727334_M5797976"><flow_mat><material><mattext texttype="text/html">&lt;p&gt;four&lt;/p&gt;</mattext></material></flow_mat></response_label></flow_label></render_choice></response_grp></flow></presentation><resprocessing><outcomes><decvar vartype="Integer" defaultval="0" varname="D2L_Correct" minvalue="0" maxvalue="100" /><decvar vartype="Integer" defaultval="0" varname="D2L_Incorrect" minvalue="0" maxvalue="100" /><decvar vartype="Decimal" defaultval="0" varname="que_score" minvalue="0" maxvalue="100" /></outcomes><respcondition><conditionvar><varequal respident="QUES_1522512_1727334_C5797977">QUES_1522512_1727334_M5797973</varequal></conditionvar><setvar varname="D2L_Correct" action="Add">1</setvar></respcondition><respcondition><conditionvar><varequal respident="QUES_1522512_1727334_C5797977">QUES_1522512_1727334_M5797974</varequal></conditionvar><setvar varname="D2L_Incorrect" action="Add">1</setvar></respcondition><respcondition><conditionvar><varequal respident="QUES_1522512_1727334_C5797977">QUES_1522512_1727334_M5797975</varequal></conditionvar><setvar varname="D2L_Incorrect" action="Add">1</setvar></respcondition><respcondition><conditionvar><varequal respident="QUES_1522512_1727334_C5797977">QUES_1522512_1727334_M5797976</varequal></conditionvar><setvar varname="D2L_Incorrect" action="Add">1</setvar></respcondition><respcondition><conditionvar><varequal respident="QUES_1522512_1727334_C5797978">QUES_1522512_1727334_M5797973</varequal></conditionvar><setvar varname="D2L_Incorrect" action="Add">1</setvar></respcondition><respcondition><conditionvar><varequal respident="QUES_1522512_1727334_C5797978">QUES_1522512_1727334_M5797974</varequal></conditionvar><setvar varname="D2L_Correct" action="Add">1</setvar></respcondition><respcondition><conditionvar><varequal respident="QUES_1522512_1727334_C5797978">QUES_1522512_1727334_M5797975</varequal></conditionvar><setvar varname="D2L_Incorrect" action="Add">1</setvar></respcondition><respcondition><conditionvar><varequal respident="QUES_1522512_1727334_C5797978">QUES_1522512_1727334_M5797976</varequal></conditionvar><setvar varname="D2L_Incorrect" action="Add">1</setvar></respcondition><respcondition><conditionvar><varequal respident="QUES_1522512_1727334_C5797979">QUES_1522512_1727334_M5797973</varequal></conditionvar><setvar varname="D2L_Incorrect" action="Add">1</setvar></respcondition><respcondition><conditionvar><varequal respident="QUES_1522512_1727334_C5797979">QUES_1522512_1727334_M5797974</varequal></conditionvar><setvar varname="D2L_Incorrect" action="Add">1</setvar></respcondition><respcondition><conditionvar><varequal respident="QUES_1522512_1727334_C5797979">QUES_1522512_1727334_M5797975</varequal></conditionvar><setvar varname="D2L_Correct" action="Add">1</setvar></respcondition><respcondition><conditionvar><varequal respident="QUES_1522512_1727334_C5797979">QUES_1522512_1727334_M5797976</varequal></conditionvar><setvar varname="D2L_Incorrect" action="Add">1</setvar></respcondition><respcondition><conditionvar><varequal respident="QUES_1522512_1727334_C5797980">QUES_1522512_1727334_M5797973</varequal></conditionvar><setvar varname="D2L_Incorrect" action="Add">1</setvar></respcondition><respcondition><conditionvar><varequal respident="QUES_1522512_1727334_C5797980">QUES_1522512_1727334_M5797974</varequal></conditionvar><setvar varname="D2L_Incorrect" action="Add">1</setvar></respcondition><respcondition><conditionvar><varequal respident="QUES_1522512_1727334_C5797980">QUES_1522512_1727334_M5797975</varequal></conditionvar><setvar varname="D2L_Incorrect" action="Add">1</setvar></respcondition><respcondition><conditionvar><varequal respident="QUES_1522512_1727334_C5797980">QUES_1522512_1727334_M5797976</varequal></conditionvar><setvar varname="D2L_Correct" action="Add">1</setvar></respcondition><respcondition><conditionvar><other /></conditionvar><setvar varname="que_score" action="Set">D2L_Correct</setvar></respcondition></resprocessing></item></section></assessment></questestinterop>