﻿<?xml version="1.0" encoding="UTF-8"?><questestinterop xmlns:d2l_2p0="http://desire2learn.com/xsd/d2lcp_v2p0"><assessment d2l_2p0:id="77" title="Syllabus Quiz" ident="res_quiz_246937" d2l_2p0:resource_code="byui_production-1352455"><rubric><flow_mat><material><mattext d2l_2p0:isdisplayed="no" texttype="text/html" /></material></flow_mat></rubric><assessmentcontrol hintswitch="no" solutionswitch="no" feedbackswitch="no" /><presentation_material><flow_mat><material label="page header"><mattext d2l_2p0:isdisplayed="no" texttype="text/html" /></material><material label="page footer"><mattext d2l_2p0:isdisplayed="no" texttype="text/html" /></material></flow_mat></presentation_material><assess_procextension><d2l_2p0:intro_message d2l_2p0:isdisplayed="no" texttype="text/html" /><d2l_2p0:disable_right_click>no</d2l_2p0:disable_right_click><d2l_2p0:disable_pager_access>yes</d2l_2p0:disable_pager_access><is_active>yes</is_active><d2l_2p0:date_start /><d2l_2p0:date_end /><d2l_2p0:has_schedule_event>no</d2l_2p0:has_schedule_event><d2l_2p0:is_attempt_Rldb>no</d2l_2p0:is_attempt_Rldb><d2l_2p0:is_subview_Rldb>no</d2l_2p0:is_subview_Rldb><d2l_2p0:time_limit>120</d2l_2p0:time_limit><d2l_2p0:show_clock>no</d2l_2p0:show_clock><d2l_2p0:enforce_time_limit>no</d2l_2p0:enforce_time_limit><d2l_2p0:grace_period>5</d2l_2p0:grace_period><d2l_2p0:late_limit>0</d2l_2p0:late_limit><d2l_2p0:attempts_allowed>1</d2l_2p0:attempts_allowed><d2l_2p0:attempt_restrictions /><d2l_2p0:mark_calculation_type>1</d2l_2p0:mark_calculation_type><d2l_2p0:is_forward_only>no</d2l_2p0:is_forward_only></assess_procextension><assessfeedback><rubric><flow_mat><material><mattext texttype="no">Your quiz has been submitted successfully.</mattext></material></flow_mat></rubric><d2l_2p0:duration>0</d2l_2p0:duration><d2l_2p0:response_display_type_id>1</d2l_2p0:response_display_type_id><d2l_2p0:show_correct_answers>no</d2l_2p0:show_correct_answers><d2l_2p0:submission_restrictip>no</d2l_2p0:submission_restrictip><d2l_2p0:show_class_average>no</d2l_2p0:show_class_average><d2l_2p0:show_score_distribution>no</d2l_2p0:show_score_distribution></assessfeedback><section ident="CONTAINER_SECTION"><item ident="OBJ_4449327" label="QUES_151454_161589" d2l_2p0:page="1"><itemmetadata><qtimetadata><qti_metadatafield><fieldlabel>qmd_computerscored</fieldlabel><fieldentry>yes</fieldentry></qti_metadatafield><qti_metadatafield><fieldlabel>qmd_questiontype</fieldlabel><fieldentry>Multiple Choice</fieldentry></qti_metadatafield><qti_metadatafield><fieldlabel>qmd_weighting</fieldlabel><fieldentry>1.000000000</fieldentry></qti_metadatafield><qti_metadatafield><fieldlabel>qmd_globalid</fieldlabel><fieldentry>18dbdf33-2c5d-4059-9cdc-363d6305d075</fieldentry></qti_metadatafield><qti_metadatafield><fieldlabel>qmd_displayid</fieldlabel><fieldentry>STEDI-Environment-Master-1</fieldentry></qti_metadatafield></qtimetadata></itemmetadata><itemproc_extension><d2l_2p0:difficulty>1</d2l_2p0:difficulty><d2l_2p0:isbonus>no</d2l_2p0:isbonus><d2l_2p0:ismandatory>no</d2l_2p0:ismandatory></itemproc_extension><presentation><flow><material><mattext texttype="text/html">&lt;p&gt;Where can you find the syllabus for this class?&lt;/p&gt;</mattext></material><response_extension><d2l_2p0:display_style>2</d2l_2p0:display_style><d2l_2p0:enumeration>6</d2l_2p0:enumeration><d2l_2p0:grading_type>0</d2l_2p0:grading_type></response_extension><response_lid ident="QUES_151454_161589_LID" rcardinality="Single"><render_choice shuffle="no"><flow_label class="Block"><response_label ident="QUES_151454_161589_A480382"><flow_mat><material><mattext texttype="text/html">&lt;p&gt;In I-learn (Brightspace)&lt;/p&gt;</mattext></material></flow_mat></response_label></flow_label><flow_label class="Block"><response_label ident="QUES_151454_161589_A480383"><flow_mat><material><mattext texttype="text/html">&lt;p&gt;In the BYU-I email&lt;/p&gt;</mattext></material></flow_mat></response_label></flow_label><flow_label class="Block"><response_label ident="QUES_151454_161589_A480384"><flow_mat><material><mattext texttype="text/html">&lt;p&gt;In the reserve section of the library&lt;/p&gt;</mattext></material></flow_mat></response_label></flow_label><flow_label class="Block"><response_label ident="QUES_151454_161589_A480385"><flow_mat><material><mattext texttype="text/html">&lt;p&gt;There is no syllabus for this class&lt;/p&gt;</mattext></material></flow_mat></response_label></flow_label></render_choice></response_lid></flow></presentation><resprocessing><respcondition title="Response Condition 1"><conditionvar><varequal respident="QUES_151454_161589_LID">QUES_151454_161589_A480382</varequal></conditionvar><setvar action="Set">100.000000000</setvar><displayfeedback feedbacktype="Response" linkrefid="QUES_151454_161589_IF480382" /></respcondition><respcondition title="Response Condition 2"><conditionvar><varequal respident="QUES_151454_161589_LID">QUES_151454_161589_A480383</varequal></conditionvar><setvar action="Set">0.000000000</setvar><displayfeedback feedbacktype="Response" linkrefid="QUES_151454_161589_IF480383" /></respcondition><respcondition title="Response Condition 3"><conditionvar><varequal respident="QUES_151454_161589_LID">QUES_151454_161589_A480384</varequal></conditionvar><setvar action="Set">0.000000000</setvar><displayfeedback feedbacktype="Response" linkrefid="QUES_151454_161589_IF480384" /></respcondition><respcondition title="Response Condition 4"><conditionvar><varequal respident="QUES_151454_161589_LID">QUES_151454_161589_A480385</varequal></conditionvar><setvar action="Set">0.000000000</setvar><displayfeedback feedbacktype="Response" linkrefid="QUES_151454_161589_IF480385" /></respcondition></resprocessing><itemfeedback ident="QUES_151454_161589_IF480382"><material><mattext texttype="text/html" /></material></itemfeedback><itemfeedback ident="QUES_151454_161589_IF480383"><material><mattext texttype="text/html" /></material></itemfeedback><itemfeedback ident="QUES_151454_161589_IF480384"><material><mattext texttype="text/html" /></material></itemfeedback><itemfeedback ident="QUES_151454_161589_IF480385"><material><mattext texttype="text/html" /></material></itemfeedback></item><item ident="OBJ_4449328" label="QUES_151455_161590" d2l_2p0:page="1"><itemmetadata><qtimetadata><qti_metadatafield><fieldlabel>qmd_computerscored</fieldlabel><fieldentry>yes</fieldentry></qti_metadatafield><qti_metadatafield><fieldlabel>qmd_questiontype</fieldlabel><fieldentry>True/False</fieldentry></qti_metadatafield><qti_metadatafield><fieldlabel>qmd_weighting</fieldlabel><fieldentry>1.000000000</fieldentry></qti_metadatafield><qti_metadatafield><fieldlabel>qmd_globalid</fieldlabel><fieldentry>838ea1a5-dfbc-4fba-aa5b-f4facfe4f34e</fieldentry></qti_metadatafield><qti_metadatafield><fieldlabel>qmd_displayid</fieldlabel><fieldentry>STEDI-Environment-Master-2</fieldentry></qti_metadatafield></qtimetadata></itemmetadata><itemproc_extension><d2l_2p0:difficulty>1</d2l_2p0:difficulty><d2l_2p0:isbonus>no</d2l_2p0:isbonus><d2l_2p0:ismandatory>no</d2l_2p0:ismandatory></itemproc_extension><presentation><flow><material><mattext texttype="text/html">&lt;p&gt;In this class, our interactions with each other should be guided at all times by the following principles of personal honor.&lt;br /&gt; &lt;br /&gt; Principles of Personal Honor&amp;mdash;&amp;ldquo;True at all Times&amp;rdquo;&lt;br /&gt; &lt;br /&gt; &amp;mdash;Personal honor is integrity in fulfilling commitments, responsibilities, and covenants.&lt;br /&gt; &amp;mdash;Personal honor begins with willing obedience and is fully developed when we consistently govern ourselves by true principles.&lt;br /&gt; &amp;mdash;Personal honor increases spiritual strength through the ministry of the Holy Ghost.&lt;br /&gt; &amp;mdash;Personal honor is central to every aspect of our lives, including the BYU-Idaho experience.&lt;br /&gt; &amp;mdash;Personal honor brings us joy and happiness; deepens our desire to love, serve, and lift others; and ultimately helps us to become more like the Savior.&lt;br /&gt; &lt;br /&gt; I have read the above principles of personal honor, and I understand that it is important for me to strive to follow the above principles in my association with others in this class.&lt;/p&gt;</mattext></material><response_extension><d2l_2p0:display_style>2</d2l_2p0:display_style><d2l_2p0:enumeration>6</d2l_2p0:enumeration><d2l_2p0:grading_type>0</d2l_2p0:grading_type></response_extension><response_lid ident="QUES_151455_161590_LID" rcardinality="Single"><render_choice shuffle="no"><flow_label class="Block"><response_label ident="QUES_151455_161590_A480386"><flow_mat><material><mattext texttype="text/plain">True</mattext></material></flow_mat></response_label></flow_label><flow_label class="Block"><response_label ident="QUES_151455_161590_A480387"><flow_mat><material><mattext texttype="text/plain">False</mattext></material></flow_mat></response_label></flow_label></render_choice></response_lid></flow></presentation><resprocessing><respcondition title="Response Condition 1"><conditionvar><varequal respident="QUES_151455_161590_LID">QUES_151455_161590_A480386</varequal></conditionvar><setvar action="Set">100.000000000</setvar><displayfeedback feedbacktype="Response" linkrefid="QUES_151455_161590_IF480386" /></respcondition><respcondition title="Response Condition 2"><conditionvar><varequal respident="QUES_151455_161590_LID">QUES_151455_161590_A480387</varequal></conditionvar><setvar action="Set">0.000000000</setvar><displayfeedback feedbacktype="Response" linkrefid="QUES_151455_161590_IF480387" /></respcondition></resprocessing><itemfeedback ident="QUES_151455_161590_IF480386"><material><mattext texttype="text/html" /></material></itemfeedback><itemfeedback ident="QUES_151455_161590_IF480387"><material><mattext texttype="text/html" /></material></itemfeedback></item><item ident="OBJ_4449329" label="QUES_151456_161591" d2l_2p0:page="1"><itemmetadata><qtimetadata><qti_metadatafield><fieldlabel>qmd_computerscored</fieldlabel><fieldentry>yes</fieldentry></qti_metadatafield><qti_metadatafield><fieldlabel>qmd_questiontype</fieldlabel><fieldentry>Multiple Choice</fieldentry></qti_metadatafield><qti_metadatafield><fieldlabel>qmd_weighting</fieldlabel><fieldentry>1.000000000</fieldentry></qti_metadatafield><qti_metadatafield><fieldlabel>qmd_globalid</fieldlabel><fieldentry>0eb4a8fa-1594-4919-a68e-4310a5200187</fieldentry></qti_metadatafield><qti_metadatafield><fieldlabel>qmd_displayid</fieldlabel><fieldentry>STEDI-Environment-Master-3</fieldentry></qti_metadatafield></qtimetadata></itemmetadata><itemproc_extension><d2l_2p0:difficulty>1</d2l_2p0:difficulty><d2l_2p0:isbonus>no</d2l_2p0:isbonus><d2l_2p0:ismandatory>no</d2l_2p0:ismandatory></itemproc_extension><presentation><flow><material><mattext texttype="text/html">&lt;p&gt;What are the pre-requisites for this course?&lt;/p&gt;</mattext></material><response_extension><d2l_2p0:display_style>2</d2l_2p0:display_style><d2l_2p0:enumeration>6</d2l_2p0:enumeration><d2l_2p0:grading_type>0</d2l_2p0:grading_type></response_extension><response_lid ident="QUES_151456_161591_LID" rcardinality="Single"><render_choice shuffle="no"><flow_label class="Block"><response_label ident="QUES_151456_161591_A480388"><flow_mat><material><mattext texttype="text/html">&lt;p&gt;FDDA 101&lt;/p&gt;</mattext></material></flow_mat></response_label></flow_label><flow_label class="Block"><response_label ident="QUES_151456_161591_A480389"><flow_mat><material><mattext texttype="text/html">&lt;p&gt;Foundations Charms 110 and FDDA 101&lt;/p&gt;</mattext></material></flow_mat></response_label></flow_label><flow_label class="Block"><response_label ident="QUES_151456_161591_A480390"><flow_mat><material><mattext texttype="text/html">&lt;p&gt;There are no prerequisites.&lt;/p&gt;</mattext></material></flow_mat></response_label></flow_label><flow_label class="Block"><response_label ident="QUES_151456_161591_A480391"><flow_mat><material><mattext texttype="text/html">&lt;p&gt;Defense Against the Dark Arts Major&lt;/p&gt;</mattext></material></flow_mat></response_label></flow_label></render_choice></response_lid></flow></presentation><resprocessing><respcondition title="Response Condition 1"><conditionvar><varequal respident="QUES_151456_161591_LID">QUES_151456_161591_A480388</varequal></conditionvar><setvar action="Set">0.000000000</setvar><displayfeedback feedbacktype="Response" linkrefid="QUES_151456_161591_IF480388" /></respcondition><respcondition title="Response Condition 2"><conditionvar><varequal respident="QUES_151456_161591_LID">QUES_151456_161591_A480389</varequal></conditionvar><setvar action="Set">0.000000000</setvar><displayfeedback feedbacktype="Response" linkrefid="QUES_151456_161591_IF480389" /></respcondition><respcondition title="Response Condition 3"><conditionvar><varequal respident="QUES_151456_161591_LID">QUES_151456_161591_A480390</varequal></conditionvar><setvar action="Set">100.000000000</setvar><displayfeedback feedbacktype="Response" linkrefid="QUES_151456_161591_IF480390" /></respcondition><respcondition title="Response Condition 4"><conditionvar><varequal respident="QUES_151456_161591_LID">QUES_151456_161591_A480391</varequal></conditionvar><setvar action="Set">0.000000000</setvar><displayfeedback feedbacktype="Response" linkrefid="QUES_151456_161591_IF480391" /></respcondition></resprocessing><itemfeedback ident="QUES_151456_161591_IF480388"><material><mattext texttype="text/html" /></material></itemfeedback><itemfeedback ident="QUES_151456_161591_IF480389"><material><mattext texttype="text/html" /></material></itemfeedback><itemfeedback ident="QUES_151456_161591_IF480390"><material><mattext texttype="text/html" /></material></itemfeedback><itemfeedback ident="QUES_151456_161591_IF480391"><material><mattext texttype="text/html" /></material></itemfeedback></item><item ident="OBJ_4449330" label="QUES_151457_161593" d2l_2p0:page="1"><itemmetadata><qtimetadata><qti_metadatafield><fieldlabel>qmd_computerscored</fieldlabel><fieldentry>yes</fieldentry></qti_metadatafield><qti_metadatafield><fieldlabel>qmd_questiontype</fieldlabel><fieldentry>Multiple Choice</fieldentry></qti_metadatafield><qti_metadatafield><fieldlabel>qmd_weighting</fieldlabel><fieldentry>1.000000000</fieldentry></qti_metadatafield><qti_metadatafield><fieldlabel>qmd_globalid</fieldlabel><fieldentry>e09851d9-e85f-40bd-b0ea-c412e32c57e9</fieldentry></qti_metadatafield><qti_metadatafield><fieldlabel>qmd_displayid</fieldlabel><fieldentry>STEDI-Environment-Master-4</fieldentry></qti_metadatafield></qtimetadata></itemmetadata><itemproc_extension><d2l_2p0:difficulty>1</d2l_2p0:difficulty><d2l_2p0:isbonus>no</d2l_2p0:isbonus><d2l_2p0:ismandatory>no</d2l_2p0:ismandatory></itemproc_extension><presentation><flow><material><mattext texttype="text/html">&lt;p&gt;What is the penalty for submitting homework late?&lt;/p&gt;</mattext></material><response_extension><d2l_2p0:display_style>2</d2l_2p0:display_style><d2l_2p0:enumeration>6</d2l_2p0:enumeration><d2l_2p0:grading_type>0</d2l_2p0:grading_type></response_extension><response_lid ident="QUES_151457_161593_LID" rcardinality="Single"><render_choice shuffle="no"><flow_label class="Block"><response_label ident="QUES_151457_161593_A480396"><flow_mat><material><mattext texttype="text/html">&lt;p&gt;None&lt;/p&gt;</mattext></material></flow_mat></response_label></flow_label><flow_label class="Block"><response_label ident="QUES_151457_161593_A480397"><flow_mat><material><mattext texttype="text/html">&lt;p&gt;A personalized howler&lt;/p&gt;</mattext></material></flow_mat></response_label></flow_label><flow_label class="Block"><response_label ident="QUES_151457_161593_A480398"><flow_mat><material><mattext texttype="text/html">&lt;p&gt;25% penalty after one class, 50% thereafter&lt;/p&gt;</mattext></material></flow_mat></response_label></flow_label><flow_label class="Block"><response_label ident="QUES_151457_161593_A480399"><flow_mat><material><mattext texttype="text/html">&lt;p&gt;Late homework is not accepted in this class&lt;/p&gt;</mattext></material></flow_mat></response_label></flow_label></render_choice></response_lid></flow></presentation><resprocessing><respcondition title="Response Condition 1"><conditionvar><varequal respident="QUES_151457_161593_LID">QUES_151457_161593_A480396</varequal></conditionvar><setvar action="Set">0.000000000</setvar><displayfeedback feedbacktype="Response" linkrefid="QUES_151457_161593_IF480396" /></respcondition><respcondition title="Response Condition 2"><conditionvar><varequal respident="QUES_151457_161593_LID">QUES_151457_161593_A480397</varequal></conditionvar><setvar action="Set">0.000000000</setvar><displayfeedback feedbacktype="Response" linkrefid="QUES_151457_161593_IF480397" /></respcondition><respcondition title="Response Condition 3"><conditionvar><varequal respident="QUES_151457_161593_LID">QUES_151457_161593_A480398</varequal></conditionvar><setvar action="Set">0.000000000</setvar><displayfeedback feedbacktype="Response" linkrefid="QUES_151457_161593_IF480398" /></respcondition><respcondition title="Response Condition 4"><conditionvar><varequal respident="QUES_151457_161593_LID">QUES_151457_161593_A480399</varequal></conditionvar><setvar action="Set">100.000000000</setvar><displayfeedback feedbacktype="Response" linkrefid="QUES_151457_161593_IF480399" /></respcondition></resprocessing><itemfeedback ident="QUES_151457_161593_IF480396"><material><mattext texttype="text/html" /></material></itemfeedback><itemfeedback ident="QUES_151457_161593_IF480397"><material><mattext texttype="text/html" /></material></itemfeedback><itemfeedback ident="QUES_151457_161593_IF480398"><material><mattext texttype="text/html" /></material></itemfeedback><itemfeedback ident="QUES_151457_161593_IF480399"><material><mattext texttype="text/html" /></material></itemfeedback></item><item ident="OBJ_4449331" label="QUES_151458_161594" d2l_2p0:page="1"><itemmetadata><qtimetadata><qti_metadatafield><fieldlabel>qmd_computerscored</fieldlabel><fieldentry>yes</fieldentry></qti_metadatafield><qti_metadatafield><fieldlabel>qmd_questiontype</fieldlabel><fieldentry>Multiple Choice</fieldentry></qti_metadatafield><qti_metadatafield><fieldlabel>qmd_weighting</fieldlabel><fieldentry>1.000000000</fieldentry></qti_metadatafield><qti_metadatafield><fieldlabel>qmd_globalid</fieldlabel><fieldentry>02effbd7-d46c-4ca7-bef8-c4970e1b13c4</fieldentry></qti_metadatafield><qti_metadatafield><fieldlabel>qmd_displayid</fieldlabel><fieldentry>STEDI-Environment-Master-5</fieldentry></qti_metadatafield></qtimetadata></itemmetadata><itemproc_extension><d2l_2p0:difficulty>1</d2l_2p0:difficulty><d2l_2p0:isbonus>no</d2l_2p0:isbonus><d2l_2p0:ismandatory>no</d2l_2p0:ismandatory></itemproc_extension><presentation><flow><material><mattext texttype="text/html">&lt;p&gt;How many exams will you take in this class?&lt;/p&gt;</mattext></material><response_extension><d2l_2p0:display_style>2</d2l_2p0:display_style><d2l_2p0:enumeration>6</d2l_2p0:enumeration><d2l_2p0:grading_type>0</d2l_2p0:grading_type></response_extension><response_lid ident="QUES_151458_161594_LID" rcardinality="Single"><render_choice shuffle="no"><flow_label class="Block"><response_label ident="QUES_151458_161594_A480400"><flow_mat><material><mattext texttype="text/html">&lt;p&gt;1&lt;/p&gt;</mattext></material></flow_mat></response_label></flow_label><flow_label class="Block"><response_label ident="QUES_151458_161594_A480401"><flow_mat><material><mattext texttype="text/html">&lt;p&gt;2&lt;/p&gt;</mattext></material></flow_mat></response_label></flow_label><flow_label class="Block"><response_label ident="QUES_151458_161594_A480402"><flow_mat><material><mattext texttype="text/html">&lt;p&gt;3&lt;/p&gt;</mattext></material></flow_mat></response_label></flow_label><flow_label class="Block"><response_label ident="QUES_151458_161594_A480403"><flow_mat><material><mattext texttype="text/html">&lt;p&gt;4&lt;/p&gt;</mattext></material></flow_mat></response_label></flow_label></render_choice></response_lid></flow></presentation><resprocessing><respcondition title="Response Condition 1"><conditionvar><varequal respident="QUES_151458_161594_LID">QUES_151458_161594_A480400</varequal></conditionvar><setvar action="Set">100.000000000</setvar><displayfeedback feedbacktype="Response" linkrefid="QUES_151458_161594_IF480400" /></respcondition><respcondition title="Response Condition 2"><conditionvar><varequal respident="QUES_151458_161594_LID">QUES_151458_161594_A480401</varequal></conditionvar><setvar action="Set">0.000000000</setvar><displayfeedback feedbacktype="Response" linkrefid="QUES_151458_161594_IF480401" /></respcondition><respcondition title="Response Condition 3"><conditionvar><varequal respident="QUES_151458_161594_LID">QUES_151458_161594_A480402</varequal></conditionvar><setvar action="Set">0.000000000</setvar><displayfeedback feedbacktype="Response" linkrefid="QUES_151458_161594_IF480402" /></respcondition><respcondition title="Response Condition 4"><conditionvar><varequal respident="QUES_151458_161594_LID">QUES_151458_161594_A480403</varequal></conditionvar><setvar action="Set">0.000000000</setvar><displayfeedback feedbacktype="Response" linkrefid="QUES_151458_161594_IF480403" /></respcondition></resprocessing><itemfeedback ident="QUES_151458_161594_IF480400"><material><mattext texttype="text/html" /></material></itemfeedback><itemfeedback ident="QUES_151458_161594_IF480401"><material><mattext texttype="text/html" /></material></itemfeedback><itemfeedback ident="QUES_151458_161594_IF480402"><material><mattext texttype="text/html" /></material></itemfeedback><itemfeedback ident="QUES_151458_161594_IF480403"><material><mattext texttype="text/html" /></material></itemfeedback></item><item ident="OBJ_4449332" label="QUES_151459_161595" d2l_2p0:page="1"><itemmetadata><qtimetadata><qti_metadatafield><fieldlabel>qmd_computerscored</fieldlabel><fieldentry>yes</fieldentry></qti_metadatafield><qti_metadatafield><fieldlabel>qmd_questiontype</fieldlabel><fieldentry>True/False</fieldentry></qti_metadatafield><qti_metadatafield><fieldlabel>qmd_weighting</fieldlabel><fieldentry>1.000000000</fieldentry></qti_metadatafield><qti_metadatafield><fieldlabel>qmd_globalid</fieldlabel><fieldentry>53367f2e-8894-43d8-8ce0-3e2936385b2b</fieldentry></qti_metadatafield><qti_metadatafield><fieldlabel>qmd_displayid</fieldlabel><fieldentry>STEDI-Environment-Master-6</fieldentry></qti_metadatafield></qtimetadata></itemmetadata><itemproc_extension><d2l_2p0:difficulty>1</d2l_2p0:difficulty><d2l_2p0:isbonus>no</d2l_2p0:isbonus><d2l_2p0:ismandatory>no</d2l_2p0:ismandatory></itemproc_extension><presentation><flow><material><mattext texttype="text/html">&lt;div&gt;BYU-Hogwarts is committed to providing a working and learning atmosphere which reasonably accommodates qualified persons with disabilities. If you have any disability which may impair your ability to complete this course successfully, please contact the Services for Students with Disabilities Office at 208-496-4283. Reasonable academic accommodations are reviewed for all students who have qualified documented disabilities. Services are coordinated with the student and instructor by this office. If you need assistance or feel you have been unlawfully discriminated on the basis of disability, you may seek resolution through established policy and procedures.&lt;br /&gt;&lt;br /&gt;I have read and will follow the above policy in regards to requests for disability-related accommodations for this course.&lt;/div&gt;</mattext></material><response_extension><d2l_2p0:display_style>2</d2l_2p0:display_style><d2l_2p0:enumeration>6</d2l_2p0:enumeration><d2l_2p0:grading_type>0</d2l_2p0:grading_type></response_extension><response_lid ident="QUES_151459_161595_LID" rcardinality="Single"><render_choice shuffle="no"><flow_label class="Block"><response_label ident="QUES_151459_161595_A480404"><flow_mat><material><mattext texttype="text/plain">True</mattext></material></flow_mat></response_label></flow_label><flow_label class="Block"><response_label ident="QUES_151459_161595_A480405"><flow_mat><material><mattext texttype="text/plain">False</mattext></material></flow_mat></response_label></flow_label></render_choice></response_lid></flow></presentation><resprocessing><respcondition title="Response Condition 1"><conditionvar><varequal respident="QUES_151459_161595_LID">QUES_151459_161595_A480404</varequal></conditionvar><setvar action="Set">100.000000000</setvar><displayfeedback feedbacktype="Response" linkrefid="QUES_151459_161595_IF480404" /></respcondition><respcondition title="Response Condition 2"><conditionvar><varequal respident="QUES_151459_161595_LID">QUES_151459_161595_A480405</varequal></conditionvar><setvar action="Set">0.000000000</setvar><displayfeedback feedbacktype="Response" linkrefid="QUES_151459_161595_IF480405" /></respcondition></resprocessing><itemfeedback ident="QUES_151459_161595_IF480404"><material><mattext texttype="text/html" /></material></itemfeedback><itemfeedback ident="QUES_151459_161595_IF480405"><material><mattext texttype="text/html" /></material></itemfeedback></item></section></assessment></questestinterop>