﻿<?xml version="1.0" encoding="UTF-8"?><questestinterop xmlns:d2l_2p0="http://desire2learn.com/xsd/d2lcp_v2p0"><assessment d2l_2p0:id="81" title="Chapter 03 Quiz" ident="res_quiz_246941" d2l_2p0:resource_code="byui_production-1360040"><rubric><flow_mat><material><mattext d2l_2p0:isdisplayed="no" texttype="text/html" /></material></flow_mat></rubric><assessmentcontrol hintswitch="no" solutionswitch="no" feedbackswitch="no" /><presentation_material><flow_mat><material label="page header"><mattext d2l_2p0:isdisplayed="no" texttype="text/html" /></material><material label="page footer"><mattext d2l_2p0:isdisplayed="no" texttype="text/html" /></material></flow_mat></presentation_material><assess_procextension><d2l_2p0:intro_message d2l_2p0:isdisplayed="no" texttype="text/html" /><d2l_2p0:disable_right_click>no</d2l_2p0:disable_right_click><d2l_2p0:disable_pager_access>no</d2l_2p0:disable_pager_access><is_active>yes</is_active><d2l_2p0:date_start /><d2l_2p0:date_end /><d2l_2p0:has_schedule_event>no</d2l_2p0:has_schedule_event><d2l_2p0:is_attempt_Rldb>no</d2l_2p0:is_attempt_Rldb><d2l_2p0:is_subview_Rldb>no</d2l_2p0:is_subview_Rldb><d2l_2p0:time_limit>120</d2l_2p0:time_limit><d2l_2p0:show_clock>no</d2l_2p0:show_clock><d2l_2p0:enforce_time_limit>no</d2l_2p0:enforce_time_limit><d2l_2p0:grace_period>5</d2l_2p0:grace_period><d2l_2p0:late_limit>0</d2l_2p0:late_limit><d2l_2p0:attempts_allowed>1</d2l_2p0:attempts_allowed><d2l_2p0:attempt_restrictions /><d2l_2p0:mark_calculation_type>1</d2l_2p0:mark_calculation_type><d2l_2p0:is_forward_only>no</d2l_2p0:is_forward_only></assess_procextension><assessfeedback title=""><rubric><flow_mat><material><mattext texttype="yes">&lt;p&gt;Your quiz has been submitted successfully.&lt;/p&gt;</mattext></material></flow_mat></rubric><d2l_2p0:duration>0</d2l_2p0:duration><d2l_2p0:response_display_type_id>1</d2l_2p0:response_display_type_id><d2l_2p0:show_correct_answers>no</d2l_2p0:show_correct_answers><d2l_2p0:submission_restrictip>no</d2l_2p0:submission_restrictip><d2l_2p0:show_class_average>yes</d2l_2p0:show_class_average><d2l_2p0:show_score_distribution>yes</d2l_2p0:show_score_distribution></assessfeedback><section ident="CONTAINER_SECTION"><item ident="OBJ_4449340" label="QUES_256894_1821517" d2l_2p0:page="1"><itemmetadata><qtimetadata><qti_metadatafield><fieldlabel>qmd_computerscored</fieldlabel><fieldentry>yes</fieldentry></qti_metadatafield><qti_metadatafield><fieldlabel>qmd_questiontype</fieldlabel><fieldentry>Multiple Choice</fieldentry></qti_metadatafield><qti_metadatafield><fieldlabel>qmd_weighting</fieldlabel><fieldentry>1.000000000</fieldentry></qti_metadatafield><qti_metadatafield><fieldlabel>qmd_globalid</fieldlabel><fieldentry>c2c5c607-a8a5-4706-b495-79f5e6af0d63</fieldentry></qti_metadatafield><qti_metadatafield><fieldlabel>qmd_displayid</fieldlabel><fieldentry>STEDI-Environment-Master-7</fieldentry></qti_metadatafield></qtimetadata></itemmetadata><itemproc_extension><d2l_2p0:difficulty>1</d2l_2p0:difficulty><d2l_2p0:isbonus>no</d2l_2p0:isbonus><d2l_2p0:ismandatory>no</d2l_2p0:ismandatory></itemproc_extension><presentation><flow><material><mattext texttype="text/html">&lt;p&gt;1. Which of the following will display a vampire's reflection?&lt;/p&gt;</mattext></material><response_extension><d2l_2p0:display_style>2</d2l_2p0:display_style><d2l_2p0:enumeration>6</d2l_2p0:enumeration><d2l_2p0:grading_type>0</d2l_2p0:grading_type></response_extension><response_lid ident="QUES_256894_1821517_LID" rcardinality="Single"><render_choice shuffle="yes"><flow_label class="Block"><response_label ident="QUES_256894_1821517_A6135865"><flow_mat><material><mattext texttype="text/html">&lt;p&gt;Photographs&lt;/p&gt;</mattext></material></flow_mat></response_label></flow_label><flow_label class="Block"><response_label ident="QUES_256894_1821517_A6135866"><flow_mat><material><mattext texttype="text/html">&lt;p&gt;Water&lt;/p&gt;</mattext></material></flow_mat></response_label></flow_label><flow_label class="Block"><response_label ident="QUES_256894_1821517_A6135867"><flow_mat><material><mattext texttype="text/html">&lt;p&gt;Mirror&lt;/p&gt;</mattext></material></flow_mat></response_label></flow_label><flow_label class="Block"><response_label ident="QUES_256894_1821517_A6135868"><flow_mat><material><mattext texttype="text/html">&lt;p&gt;None of the Above&lt;/p&gt;</mattext></material></flow_mat></response_label></flow_label></render_choice></response_lid></flow></presentation><resprocessing><respcondition title="Response Condition 1"><conditionvar><varequal respident="QUES_256894_1821517_LID">QUES_256894_1821517_A6135865</varequal></conditionvar><setvar action="Set">0.000000000</setvar><displayfeedback feedbacktype="Response" linkrefid="QUES_256894_1821517_IF6135865" /></respcondition><respcondition title="Response Condition 2"><conditionvar><varequal respident="QUES_256894_1821517_LID">QUES_256894_1821517_A6135866</varequal></conditionvar><setvar action="Set">0.000000000</setvar><displayfeedback feedbacktype="Response" linkrefid="QUES_256894_1821517_IF6135866" /></respcondition><respcondition title="Response Condition 3"><conditionvar><varequal respident="QUES_256894_1821517_LID">QUES_256894_1821517_A6135867</varequal></conditionvar><setvar action="Set">0.000000000</setvar><displayfeedback feedbacktype="Response" linkrefid="QUES_256894_1821517_IF6135867" /></respcondition><respcondition title="Response Condition 4"><conditionvar><varequal respident="QUES_256894_1821517_LID">QUES_256894_1821517_A6135868</varequal></conditionvar><setvar action="Set">100.000000000</setvar><displayfeedback feedbacktype="Response" linkrefid="QUES_256894_1821517_IF6135868" /></respcondition></resprocessing><itemfeedback ident="QUES_256894_1821517_IF6135865"><material><mattext texttype="text/html" /></material></itemfeedback><itemfeedback ident="QUES_256894_1821517_IF6135866"><material><mattext texttype="text/html" /></material></itemfeedback><itemfeedback ident="QUES_256894_1821517_IF6135867"><material><mattext texttype="text/html" /></material></itemfeedback><itemfeedback ident="QUES_256894_1821517_IF6135868"><material><mattext texttype="text/html" /></material></itemfeedback></item><item ident="OBJ_4449341" label="QUES_256895_280908" d2l_2p0:page="1"><itemmetadata><qtimetadata><qti_metadatafield><fieldlabel>qmd_computerscored</fieldlabel><fieldentry>yes</fieldentry></qti_metadatafield><qti_metadatafield><fieldlabel>qmd_questiontype</fieldlabel><fieldentry>Multiple Choice</fieldentry></qti_metadatafield><qti_metadatafield><fieldlabel>qmd_weighting</fieldlabel><fieldentry>1.000000000</fieldentry></qti_metadatafield><qti_metadatafield><fieldlabel>qmd_globalid</fieldlabel><fieldentry>ca19c725-1ad4-4e4c-9c30-8e1514d316f6</fieldentry></qti_metadatafield><qti_metadatafield><fieldlabel>qmd_displayid</fieldlabel><fieldentry>STEDI-Environment-Master-8</fieldentry></qti_metadatafield></qtimetadata></itemmetadata><itemproc_extension><d2l_2p0:difficulty>1</d2l_2p0:difficulty><d2l_2p0:isbonus>no</d2l_2p0:isbonus><d2l_2p0:ismandatory>no</d2l_2p0:ismandatory></itemproc_extension><presentation><flow><material><mattext texttype="text/html">&lt;p&gt;2. Which lighting spell will be most effective in a Vampire encounter?&lt;/p&gt;</mattext></material><response_extension><d2l_2p0:display_style>2</d2l_2p0:display_style><d2l_2p0:enumeration>6</d2l_2p0:enumeration><d2l_2p0:grading_type>0</d2l_2p0:grading_type></response_extension><response_lid ident="QUES_256895_280908_LID" rcardinality="Single"><render_choice shuffle="yes"><flow_label class="Block"><response_label ident="QUES_256895_280908_A864803"><flow_mat><material><mattext texttype="text/html">&lt;p&gt;Lumos Duo&lt;/p&gt;</mattext></material></flow_mat></response_label></flow_label><flow_label class="Block"><response_label ident="QUES_256895_280908_A864804"><flow_mat><material><mattext texttype="text/html">&lt;p&gt;Lumos Solem&lt;/p&gt;</mattext></material></flow_mat></response_label></flow_label><flow_label class="Block"><response_label ident="QUES_256895_280908_A864805"><flow_mat><material><mattext texttype="text/html">&lt;p&gt;Lumos Maxima&lt;/p&gt;</mattext></material></flow_mat></response_label></flow_label><flow_label class="Block"><response_label ident="QUES_256895_280908_A864806"><flow_mat><material><mattext texttype="text/html">&lt;p&gt;Lumos&lt;/p&gt;</mattext></material></flow_mat></response_label></flow_label></render_choice></response_lid></flow></presentation><resprocessing><respcondition title="Response Condition 1"><conditionvar><varequal respident="QUES_256895_280908_LID">QUES_256895_280908_A864803</varequal></conditionvar><setvar action="Set">0.000000000</setvar><displayfeedback feedbacktype="Response" linkrefid="QUES_256895_280908_IF864803" /></respcondition><respcondition title="Response Condition 2"><conditionvar><varequal respident="QUES_256895_280908_LID">QUES_256895_280908_A864804</varequal></conditionvar><setvar action="Set">100.000000000</setvar><displayfeedback feedbacktype="Response" linkrefid="QUES_256895_280908_IF864804" /></respcondition><respcondition title="Response Condition 3"><conditionvar><varequal respident="QUES_256895_280908_LID">QUES_256895_280908_A864805</varequal></conditionvar><setvar action="Set">50.000000000</setvar><displayfeedback feedbacktype="Response" linkrefid="QUES_256895_280908_IF864805" /></respcondition><respcondition title="Response Condition 4"><conditionvar><varequal respident="QUES_256895_280908_LID">QUES_256895_280908_A864806</varequal></conditionvar><setvar action="Set">0.000000000</setvar><displayfeedback feedbacktype="Response" linkrefid="QUES_256895_280908_IF864806" /></respcondition></resprocessing><itemfeedback ident="QUES_256895_280908_IF864803"><material><mattext texttype="text/html" /></material></itemfeedback><itemfeedback ident="QUES_256895_280908_IF864804"><material><mattext texttype="text/html" /></material></itemfeedback><itemfeedback ident="QUES_256895_280908_IF864805"><material><mattext texttype="text/html" /></material></itemfeedback><itemfeedback ident="QUES_256895_280908_IF864806"><material><mattext texttype="text/html" /></material></itemfeedback></item><item ident="OBJ_4449342" label="QUES_256896_280909" d2l_2p0:page="1"><itemmetadata><qtimetadata><qti_metadatafield><fieldlabel>qmd_computerscored</fieldlabel><fieldentry>yes</fieldentry></qti_metadatafield><qti_metadatafield><fieldlabel>qmd_questiontype</fieldlabel><fieldentry>True/False</fieldentry></qti_metadatafield><qti_metadatafield><fieldlabel>qmd_weighting</fieldlabel><fieldentry>1.000000000</fieldentry></qti_metadatafield><qti_metadatafield><fieldlabel>qmd_globalid</fieldlabel><fieldentry>466f2dc9-bafa-4f36-87d4-5016ffad4ea8</fieldentry></qti_metadatafield><qti_metadatafield><fieldlabel>qmd_displayid</fieldlabel><fieldentry>STEDI-Environment-Master-12</fieldentry></qti_metadatafield></qtimetadata></itemmetadata><itemproc_extension><d2l_2p0:difficulty>1</d2l_2p0:difficulty><d2l_2p0:isbonus>no</d2l_2p0:isbonus><d2l_2p0:ismandatory>no</d2l_2p0:ismandatory></itemproc_extension><presentation><flow><material><mattext texttype="text/html">&lt;p&gt;3. To kill a vampire, the stake driven through its heart must be wooden.&lt;/p&gt;</mattext></material><response_extension><d2l_2p0:display_style>2</d2l_2p0:display_style><d2l_2p0:enumeration>6</d2l_2p0:enumeration><d2l_2p0:grading_type>0</d2l_2p0:grading_type></response_extension><response_lid ident="QUES_256896_280909_LID" rcardinality="Single"><render_choice shuffle="no"><flow_label class="Block"><response_label ident="QUES_256896_280909_A864807"><flow_mat><material><mattext texttype="text/plain">True</mattext></material></flow_mat></response_label></flow_label><flow_label class="Block"><response_label ident="QUES_256896_280909_A864808"><flow_mat><material><mattext texttype="text/plain">False</mattext></material></flow_mat></response_label></flow_label></render_choice></response_lid></flow></presentation><resprocessing><respcondition title="Response Condition 1"><conditionvar><varequal respident="QUES_256896_280909_LID">QUES_256896_280909_A864807</varequal></conditionvar><setvar action="Set">0.000000000</setvar><displayfeedback feedbacktype="Response" linkrefid="QUES_256896_280909_IF864807" /></respcondition><respcondition title="Response Condition 2"><conditionvar><varequal respident="QUES_256896_280909_LID">QUES_256896_280909_A864808</varequal></conditionvar><setvar action="Set">100.000000000</setvar><displayfeedback feedbacktype="Response" linkrefid="QUES_256896_280909_IF864808" /></respcondition></resprocessing><itemfeedback ident="QUES_256896_280909_IF864807"><material><mattext texttype="text/html" /></material></itemfeedback><itemfeedback ident="QUES_256896_280909_IF864808"><material><mattext texttype="text/html" /></material></itemfeedback></item><item ident="OBJ_4449343" label="QUES_256898_280921" d2l_2p0:page="1"><itemmetadata><qtimetadata><qti_metadatafield><fieldlabel>qmd_computerscored</fieldlabel><fieldentry>yes</fieldentry></qti_metadatafield><qti_metadatafield><fieldlabel>qmd_questiontype</fieldlabel><fieldentry>Short Answer</fieldentry></qti_metadatafield><qti_metadatafield><fieldlabel>qmd_weighting</fieldlabel><fieldentry>1.000000000</fieldentry></qti_metadatafield><qti_metadatafield><fieldlabel>qmd_globalid</fieldlabel><fieldentry>a78ea617-e3f9-4e20-9f7b-c236968a5a06</fieldentry></qti_metadatafield><qti_metadatafield><fieldlabel>qmd_displayid</fieldlabel><fieldentry>STEDI-Environment-Master-14</fieldentry></qti_metadatafield></qtimetadata></itemmetadata><itemproc_extension><d2l_2p0:difficulty>1</d2l_2p0:difficulty><d2l_2p0:isbonus>no</d2l_2p0:isbonus><d2l_2p0:ismandatory>no</d2l_2p0:ismandatory></itemproc_extension><presentation><flow><material><mattext texttype="text/html">&lt;p&gt;In 30 words or more, describe why vampires waste away in the sun.&lt;/p&gt;</mattext></material><response_extension><d2l_2p0:grading_type>0</d2l_2p0:grading_type></response_extension><response_str ident="QUES_256898_280921_A864856_STR" rcardinality="Single"><render_fib rows="3" columns="60" prompt="Box" fibtype="String"><response_label ident="QUES_256898_280921_A864856_ANS" /></render_fib></response_str></flow></presentation><resprocessing><outcomes><decvar vartype="Integer" minvalue="0" maxvalue="100" varname="Blank_1" /></outcomes><respcondition><conditionvar><varequal respident="QUES_256898_280921_A864856_ANS" case="no">(?:\w+(?:\W+|$)){30}</varequal><var_extension><d2l_2p0:answer_is_regexp>yes</d2l_2p0:answer_is_regexp></var_extension></conditionvar><setvar action="Set">100.000000000</setvar></respcondition><respcondition><conditionvar><other /></conditionvar><setvar varname="que_score" action="Set">D2L_Correct</setvar></respcondition></resprocessing></item><item ident="OBJ_11847973" label="QUES_1580835_1821521" d2l_2p0:page="1"><itemmetadata><qtimetadata><qti_metadatafield><fieldlabel>qmd_computerscored</fieldlabel><fieldentry>yes</fieldentry></qti_metadatafield><qti_metadatafield><fieldlabel>qmd_questiontype</fieldlabel><fieldentry>Short Answer</fieldentry></qti_metadatafield><qti_metadatafield><fieldlabel>qmd_weighting</fieldlabel><fieldentry>1.000000000</fieldentry></qti_metadatafield><qti_metadatafield><fieldlabel>qmd_globalid</fieldlabel><fieldentry>c92b208f-e431-47e1-a4d4-ec213736f91d</fieldentry></qti_metadatafield><qti_metadatafield><fieldlabel>qmd_displayid</fieldlabel><fieldentry>wil11063-2</fieldentry></qti_metadatafield></qtimetadata></itemmetadata><itemproc_extension><d2l_2p0:difficulty>1</d2l_2p0:difficulty><d2l_2p0:isbonus>no</d2l_2p0:isbonus><d2l_2p0:ismandatory>no</d2l_2p0:ismandatory></itemproc_extension><presentation><flow><material><mattext texttype="text/html">&lt;p&gt;Who are Harry's best friends?&lt;/p&gt;</mattext></material><response_extension><d2l_2p0:grading_type>0</d2l_2p0:grading_type></response_extension><response_str ident="QUES_1580835_1821521_A6135881_STR" rcardinality="Single"><render_fib rows="3" columns="60" prompt="Box" fibtype="String"><response_label ident="QUES_1580835_1821521_A6135881_ANS" /></render_fib></response_str></flow></presentation><resprocessing><outcomes><decvar vartype="Integer" minvalue="0" maxvalue="100" varname="Blank_1" /></outcomes><respcondition><conditionvar><varequal respident="QUES_1580835_1821521_A6135881_ANS" case="no">Answer 1</varequal></conditionvar><setvar action="Set">50.000000000</setvar></respcondition><respcondition><conditionvar><varequal respident="QUES_1580835_1821521_A6135881_ANS" case="no">Alternative answer 1</varequal></conditionvar><setvar action="Set">50.000000000</setvar></respcondition><respcondition><conditionvar><other /></conditionvar><setvar varname="que_score" action="Set">D2L_Correct</setvar></respcondition></resprocessing></item><item ident="OBJ_11848146" label="QUES_1580836_1821522" d2l_2p0:page="1"><itemmetadata><qtimetadata><qti_metadatafield><fieldlabel>qmd_computerscored</fieldlabel><fieldentry>yes</fieldentry></qti_metadatafield><qti_metadatafield><fieldlabel>qmd_questiontype</fieldlabel><fieldentry>Long Answer</fieldentry></qti_metadatafield><qti_metadatafield><fieldlabel>qmd_weighting</fieldlabel><fieldentry>1.000000000</fieldentry></qti_metadatafield><qti_metadatafield><fieldlabel>qmd_globalid</fieldlabel><fieldentry>b7a9a8b7-b825-4dcb-9b65-d131fa600fbc</fieldentry></qti_metadatafield><qti_metadatafield><fieldlabel>qmd_displayid</fieldlabel><fieldentry>wil11063-3</fieldentry></qti_metadatafield></qtimetadata></itemmetadata><itemproc_extension><d2l_2p0:difficulty>1</d2l_2p0:difficulty><d2l_2p0:isbonus>no</d2l_2p0:isbonus><d2l_2p0:ismandatory>no</d2l_2p0:ismandatory></itemproc_extension><presentation><flow><material><mattext texttype="text/html">&lt;p&gt;In what grade did Harry go to the village? Describe what has happened to him.&lt;/p&gt;</mattext></material><response_extension><d2l_2p0:has_signed_comments>no</d2l_2p0:has_signed_comments><d2l_2p0:has_htmleditor>yes</d2l_2p0:has_htmleditor></response_extension><response_str ident="QUES_1580836_1821522_STR" rcardinality="Multiple"><render_fib rows="5" columns="80" prompt="Box" fibtype="String"><response_label ident="QUES_1580836_1821522_LA"><material><mattext texttype="text/plain" /></material></response_label></render_fib></response_str></flow></presentation><answer_key><answer_key_material><flow_mat><material><mattext texttype="text/html">&lt;p&gt;Grade 3. He met Mafloy.&lt;/p&gt;</mattext></material></flow_mat></answer_key_material></answer_key></item><item ident="OBJ_11848150" label="QUES_1580837_1821523" d2l_2p0:page="1"><itemmetadata><qtimetadata><qti_metadatafield><fieldlabel>qmd_computerscored</fieldlabel><fieldentry>yes</fieldentry></qti_metadatafield><qti_metadatafield><fieldlabel>qmd_questiontype</fieldlabel><fieldentry>True/False</fieldentry></qti_metadatafield><qti_metadatafield><fieldlabel>qmd_weighting</fieldlabel><fieldentry>1.000000000</fieldentry></qti_metadatafield><qti_metadatafield><fieldlabel>qmd_globalid</fieldlabel><fieldentry>64681f9a-74d6-43b0-b72c-9c9b4a2acfe5</fieldentry></qti_metadatafield><qti_metadatafield><fieldlabel>qmd_displayid</fieldlabel><fieldentry>wil11063-4</fieldentry></qti_metadatafield></qtimetadata></itemmetadata><itemproc_extension><d2l_2p0:difficulty>1</d2l_2p0:difficulty><d2l_2p0:isbonus>no</d2l_2p0:isbonus><d2l_2p0:ismandatory>no</d2l_2p0:ismandatory></itemproc_extension><presentation><flow><material><mattext texttype="text/html">&lt;p&gt;The scar on Harry's forehead is a lightening.&lt;/p&gt;</mattext></material><response_extension><d2l_2p0:display_style>1</d2l_2p0:display_style><d2l_2p0:enumeration>5</d2l_2p0:enumeration><d2l_2p0:grading_type>0</d2l_2p0:grading_type></response_extension><response_lid ident="QUES_1580837_1821523_LID" rcardinality="Single"><render_choice shuffle="no"><flow_label class="Block"><response_label ident="QUES_1580837_1821523_A6135883"><flow_mat><material><mattext texttype="text/plain">True</mattext></material></flow_mat></response_label></flow_label><flow_label class="Block"><response_label ident="QUES_1580837_1821523_A6135884"><flow_mat><material><mattext texttype="text/plain">False</mattext></material></flow_mat></response_label></flow_label></render_choice></response_lid></flow></presentation><resprocessing><respcondition title="Response Condition 1"><conditionvar><varequal respident="QUES_1580837_1821523_LID">QUES_1580837_1821523_A6135883</varequal></conditionvar><setvar action="Set">20.000000000</setvar><displayfeedback feedbacktype="Response" linkrefid="QUES_1580837_1821523_IF6135883" /></respcondition><respcondition title="Response Condition 2"><conditionvar><varequal respident="QUES_1580837_1821523_LID">QUES_1580837_1821523_A6135884</varequal></conditionvar><setvar action="Set">0.000000000</setvar><displayfeedback feedbacktype="Response" linkrefid="QUES_1580837_1821523_IF6135884" /></respcondition></resprocessing><itemfeedback ident="QUES_1580837_1821523_IF6135883"><material><mattext texttype="text/html" /></material></itemfeedback><itemfeedback ident="QUES_1580837_1821523_IF6135884"><material><mattext texttype="text/html" /></material></itemfeedback></item><item ident="OBJ_11848154" label="QUES_1580838_1821524" d2l_2p0:page="1"><itemmetadata><qtimetadata><qti_metadatafield><fieldlabel>qmd_computerscored</fieldlabel><fieldentry>yes</fieldentry></qti_metadatafield><qti_metadatafield><fieldlabel>qmd_questiontype</fieldlabel><fieldentry>Fill in the Blanks</fieldentry></qti_metadatafield><qti_metadatafield><fieldlabel>qmd_weighting</fieldlabel><fieldentry>1.000000000</fieldentry></qti_metadatafield><qti_metadatafield><fieldlabel>qmd_globalid</fieldlabel><fieldentry>0df620d6-fe71-4883-92ab-fcd420288f5b</fieldentry></qti_metadatafield><qti_metadatafield><fieldlabel>qmd_displayid</fieldlabel><fieldentry>wil11063-5</fieldentry></qti_metadatafield></qtimetadata></itemmetadata><itemproc_extension><d2l_2p0:difficulty>1</d2l_2p0:difficulty><d2l_2p0:isbonus>no</d2l_2p0:isbonus><d2l_2p0:ismandatory>no</d2l_2p0:ismandatory></itemproc_extension><presentation><flow><material><mattext texttype="text/html">Harry's pet is named&amp;nbsp;</mattext></material><response_str ident="QUES_1580838_1821524_A6135886_STR" rcardinality="Single"><render_fib rows="1" columns="30" prompt="Box" fibtype="String"><response_label ident="QUES_1580838_1821524_A6135886_ANS" /></render_fib></response_str></flow></presentation><resprocessing><outcomes><decvar vartype="Integer" minvalue="0" maxvalue="100" varname="Blank_1" /></outcomes><respcondition><conditionvar><varequal respident="QUES_1580838_1821524_A6135886_ANS" case="no">Hegwig</varequal></conditionvar><setvar action="Set">100.000000000</setvar></respcondition></resprocessing></item><item ident="OBJ_11848161" label="QUES_1580839_1821525" d2l_2p0:page="1"><itemmetadata><qtimetadata><qti_metadatafield><fieldlabel>qmd_computerscored</fieldlabel><fieldentry>yes</fieldentry></qti_metadatafield><qti_metadatafield><fieldlabel>qmd_questiontype</fieldlabel><fieldentry>Ordering</fieldentry></qti_metadatafield><qti_metadatafield><fieldlabel>qmd_weighting</fieldlabel><fieldentry>5.000000000</fieldentry></qti_metadatafield><qti_metadatafield><fieldlabel>qmd_globalid</fieldlabel><fieldentry>c7f25522-b432-4e1d-8941-3c92fe26ec68</fieldentry></qti_metadatafield><qti_metadatafield><fieldlabel>qmd_displayid</fieldlabel><fieldentry>wil11063-6</fieldentry></qti_metadatafield></qtimetadata></itemmetadata><itemproc_extension><d2l_2p0:difficulty>1</d2l_2p0:difficulty><d2l_2p0:isbonus>no</d2l_2p0:isbonus><d2l_2p0:ismandatory>no</d2l_2p0:ismandatory></itemproc_extension><presentation><flow><material><mattext texttype="text/html">&lt;p&gt;&amp;nbsp;The names below list the girls Harry love. Please put them into order.&lt;/p&gt;</mattext></material><response_extension><d2l_2p0:grading_type>1</d2l_2p0:grading_type></response_extension><response_grp respident="QUES_1580839_1821525_O" rcardinality="Ordered"><render_choice shuffle="yes"><flow_label class="Block"><response_label ident="QUES_1580839_1821525_O6135887"><flow_mat><material><mattext texttype="text/html">&lt;p&gt;Chiu&lt;/p&gt;</mattext></material></flow_mat></response_label><response_label ident="QUES_1580839_1821525_O6135888"><flow_mat><material><mattext texttype="text/html">&lt;p&gt;Ginny&lt;/p&gt;</mattext></material></flow_mat></response_label></flow_label></render_choice></response_grp></flow></presentation><resprocessing><outcomes><decvar vartype="Integer" defaultval="0" varname="D2L_Correct" minvalue="0" maxvalue="100" /><decvar vartype="Integer" defaultval="0" varname="D2L_Incorrect" minvalue="0" /><decvar vartype="Integer" defaultval="0" varname="que_score" minvalue="0" /></outcomes><respcondition title="Correct Condition"><conditionvar><varequal respident="QUES_1580839_1821525_O6135887">1</varequal></conditionvar><setvar varname="D2L_Correct" action="Add">1</setvar></respcondition><respcondition title="Incorrect Condition"><conditionvar><not><varequal respident="QUES_1580839_1821525_O6135887">1</varequal></not></conditionvar><setvar varname="D2L_Incorrect" action="Add">1</setvar></respcondition><respcondition title="Correct Condition"><conditionvar><varequal respident="QUES_1580839_1821525_O6135888">2</varequal></conditionvar><setvar varname="D2L_Correct" action="Add">1</setvar></respcondition><respcondition title="Incorrect Condition"><conditionvar><not><varequal respident="QUES_1580839_1821525_O6135888">2</varequal></not></conditionvar><setvar varname="D2L_Incorrect" action="Add">1</setvar></respcondition><respcondition><conditionvar><vargte respident="D2L_Incorrect">0</vargte></conditionvar><setvar varname="que_score" action="Set">0</setvar></respcondition><respcondition><conditionvar><varequal respident="D2L_Incorrect">0</varequal></conditionvar><setvar varname="que_score" action="Set">1</setvar></respcondition></resprocessing><itemfeedback ident="QUES_1580839_1821525_IF6135887"><material><mattext texttype="text/html" /></material></itemfeedback><itemfeedback ident="QUES_1580839_1821525_IF6135888"><material><mattext texttype="text/html" /></material></itemfeedback></item></section></assessment></questestinterop>