﻿<?xml version="1.0" encoding="UTF-8"?><questestinterop xmlns:d2l_2p0="http://desire2learn.com/xsd/d2lcp_v2p0"><assessment d2l_2p0:id="161" title="L06 Mid-Course Evaluation" ident="res_quiz_700609" d2l_2p0:resource_code="byui_produ-2945,byui_produ-21518,byui_produ-68232,byui_produ-71074,byui_produ-90999,byui_produ-91004,byui_produ-91206,byui_produ-92149,byui_produ-92212,byui_produ-92466,byui_produ-93649,byui_produ-93823,byui_produ-93913,byui_produ-156156,byui_produ-156568,byui_produ-315904,byui_produ-316494,byui_produ-323913,byui_produ-324466,byui_produ-329429,byui_produ-339048,byui_produ-415807,byui_produ-440851,byui_produ-808790,byui_produ-810621,byui_produ-1048041"><rubric><flow_mat><material><mattext d2l_2p0:isdisplayed="no" texttype="text/html" /></material></flow_mat></rubric><assessmentcontrol hintswitch="no" solutionswitch="yes" feedbackswitch="no" /><presentation_material><flow_mat><material label="page header"><mattext d2l_2p0:isdisplayed="yes" texttype="text/html">&lt;p&gt;&lt;span style="font-size: 1.3em;"&gt; &lt;strong&gt;First&lt;/strong&gt;, complete and submit the &lt;a rel="noopener noreferrer" href="https://surveydirector.qualtrics.com/SD/?Q_SDID=SD_4UcBxNIM7o9L4tD&amp;amp;UN={UserName}&amp;amp;CN={OrgUnitName}&amp;amp;IE=null&amp;amp;CID={OrgUnitId}&amp;amp;ITID=D2L&amp;amp;ITN=Mid-Course Evaluation" target="_blank"&gt;&lt;strong&gt;Mid-Course Evaluation Survey&lt;/strong&gt;&lt;/a&gt; (will open in a new window)&lt;/span&gt;&lt;/p&gt;
&lt;p&gt;&lt;span style="font-size: 1.3em;"&gt; &lt;strong&gt;Second&lt;/strong&gt;, indicate whether or not you provided your feedback by using the link above (so you can receive credit if your course provides points for submitting survey feedback). Then click 'Go To Submit Quiz' to complete this activity.&lt;/span&gt;&lt;/p&gt;</mattext></material><material label="page footer"><mattext d2l_2p0:isdisplayed="no" texttype="text/html" /></material></flow_mat></presentation_material><assess_procextension><d2l_2p0:intro_message d2l_2p0:isdisplayed="yes" texttype="text/html">&lt;div style="margin: 0px; padding: 0px; min-height: 550px; height: auto !important;"&gt;&lt;iframe src="https://content.byui.edu/file/736307cc-e0bd-4b14-a46a-3a6947d0c9ab/1/Mid-Course%20Feedback%20Instructions%20D2L.html?utm_source={OrgUnitName}&amp;amp;utm_medium=Mid-Course Evaluation&amp;amp;utm_campaign=D2L" width="100%" height="98%" style="margin: 0px; min-height: 550px; border: 0px; padding: 0px;" frameborder="0"&gt;&lt;/iframe&gt;&lt;/div&gt;</d2l_2p0:intro_message><category ident="139832" d2l_2p0:sortorder="6">Lesson 06</category><grade_item d2l_2p0:is_autoexport="yes" resource_code="byui_produ-37070">1725038</grade_item><d2l_2p0:disable_right_click>no</d2l_2p0:disable_right_click><d2l_2p0:disable_pager_access>yes</d2l_2p0:disable_pager_access><is_active>yes</is_active><d2l_2p0:date_start /><d2l_2p0:date_end /><d2l_2p0:has_schedule_event>no</d2l_2p0:has_schedule_event><d2l_2p0:is_attempt_Rldb>no</d2l_2p0:is_attempt_Rldb><d2l_2p0:is_subview_Rldb>no</d2l_2p0:is_subview_Rldb><d2l_2p0:time_limit>5</d2l_2p0:time_limit><d2l_2p0:show_clock>no</d2l_2p0:show_clock><d2l_2p0:enforce_time_limit>no</d2l_2p0:enforce_time_limit><d2l_2p0:grace_period>5</d2l_2p0:grace_period><d2l_2p0:late_limit>0</d2l_2p0:late_limit><d2l_2p0:attempts_allowed>1</d2l_2p0:attempts_allowed><d2l_2p0:attempt_restrictions /><d2l_2p0:mark_calculation_type>4</d2l_2p0:mark_calculation_type><d2l_2p0:is_forward_only>yes</d2l_2p0:is_forward_only></assess_procextension><assessfeedback title=""><rubric><flow_mat><material><mattext texttype="yes">Your quiz has been submitted successfully.</mattext></material></flow_mat></rubric><d2l_2p0:duration>0</d2l_2p0:duration><d2l_2p0:response_display_type_id>1</d2l_2p0:response_display_type_id><d2l_2p0:show_correct_answers>no</d2l_2p0:show_correct_answers><d2l_2p0:submission_restrictip>no</d2l_2p0:submission_restrictip><d2l_2p0:show_class_average>no</d2l_2p0:show_class_average><d2l_2p0:show_score_distribution>no</d2l_2p0:show_score_distribution></assessfeedback><section ident="CONTAINER_SECTION"><itemref linkrefid="QUES_1700685_1989691" d2l_2p0:page="1"><d2l_2p0:file href="questiondb.xml" /><d2l_2p0:points>1.000000000</d2l_2p0:points><d2l_2p0:difficulty>3</d2l_2p0:difficulty><d2l_2p0:isbonus>no</d2l_2p0:isbonus><d2l_2p0:ismandatory>no</d2l_2p0:ismandatory></itemref></section></assessment></questestinterop>