﻿<schedule schemaversion="v2011"><event is_allday_event="False" id="556"><title>Office Hours</title><description text_type="text/plain">&lt;p&gt;I am available 24 hours a day 7 days a week.&lt;/p&gt;</description><start_date>{utcdatetime:U2015-11-06T17:30:00.000}</start_date><end_date>{utcdatetime:U2015-11-06T18:00:00.000}</end_date><start_day nil="true" /><end_day nil="true" /><location>Lamprecht 213Z</location><recurrence type="Daily" repeat_every="1" unitil_date="{utcdatetime:U2015-12-07T06:59:59.000}" /><visibility type="Visible" /></event><event is_allday_event="True" id="557"><title>Doctrinal Discussion | Post #02 - Due</title><description text_type="text/plain">&lt;p&gt;Your second post for the Doctrinal Discussion Board for this week is due by 11:59 p.m. Mountain Time. Please see "How To Understand Due Dates" in the 'Welcome' folder if you have questions or concerns about how due dates work in I-learn 3.0.&lt;/p&gt;</description><start_date nil="true" /><end_date nil="true" /><start_day>{localdatetime:L2017-01-13T00:00:00.000}</start_day><end_day>{localdatetime:L2017-01-14T00:00:00.000}</end_day><recurrence type="Weekly" repeat_every="2" unitil_date="{utcdatetime:U2017-03-31T06:00:00.000}" repeat_on="0000010" /><visibility type="Visible" /></event></schedule>