﻿<checklists><checklist id="543" display_in_new_window="False"><name>Week 04</name><description text_type="text/html" /></checklist><checklist id="544" display_in_new_window="False"><name>Week 04</name><description text_type="text/html" /></checklist><checklist id="545" display_in_new_window="False"><name>Week 04</name><description text_type="text/html" /></checklist><checklist id="546" display_in_new_window="False"><name>Week 04</name><description text_type="text/html" /></checklist><checklist id="547" display_in_new_window="False"><name>Week 04</name><description text_type="text/html" /></checklist><checklist id="548" resource_code="byui_production-1351815" display_in_new_window="False"><name>Week 04</name><description text_type="text/html" /></checklist><checklist id="549" resource_code="byui_produ-600686,byui_produ-601054,byui_produ-603144,byui_produ-609668" display_in_new_window="False"><name>Week 04</name><description text_type="text/html" /></checklist><checklist id="550" resource_code="byui_produ-348421,byui_produ-389852,byui_produ-390449,byui_produ-393258,byui_produ-412188,byui_produ-413362,byui_produ-511283,byui_produ-516002,byui_produ-578656,byui_produ-579381,byui_produ-580081,byui_produ-580703,byui_produ-580704,byui_produ-586036,byui_produ-589143,byui_produ-594083,byui_produ-594407,byui_produ-594730,byui_produ-595086,byui_produ-595604,byui_produ-598636,byui_produ-598851,byui_produ-599509,byui_produ-599851" display_in_new_window="False"><name>Week 04</name><description text_type="text/html" /></checklist></checklists>