﻿<discussion><forum id="435" resource_code="byui_produ-27777,byui_produ-389693,byui_produ-390295,byui_produ-393099,byui_produ-412011,byui_produ-413162,byui_produ-511059,byui_produ-515778,byui_produ-578493,byui_produ-579226,byui_produ-579931,byui_produ-580263,byui_produ-580332,byui_produ-585855,byui_produ-588980,byui_produ-593727,byui_produ-593862,byui_produ-594186,byui_produ-594509,byui_produ-594865,byui_produ-595383,byui_produ-598486,byui_produ-598696,byui_produ-599354,byui_produ-599700"><properties><allow_anon>False</allow_anon><display_order>73</display_order><is_hidden>False</is_hidden><requires_approval>False</requires_approval><is_locked>False</is_locked><must_post_to_participate>False</must_post_to_participate><show_description_in_topics>False</show_description_in_topics></properties><content><title>Welcome Discussion Board</title></content><topics><topic id="436" resource_code="byui_produ-348353,byui_produ-389694,byui_produ-390296,byui_produ-393100,byui_produ-412012,byui_produ-413163,byui_produ-511060,byui_produ-515779,byui_produ-578494,byui_produ-579227,byui_produ-579932,byui_produ-580264,byui_produ-580333,byui_produ-585856,byui_produ-588981,byui_produ-593863,byui_produ-594187,byui_produ-594510,byui_produ-594866,byui_produ-595384,byui_produ-598487,byui_produ-598697,byui_produ-599355,byui_produ-599701"><properties><allow_anon>False</allow_anon><display_order>7</display_order><is_hidden>False</is_hidden><requires_approval>False</requires_approval><must_post_to_participate>False</must_post_to_participate><is_locked>False</is_locked><is_auto_score>False</is_auto_score><include_nonscored_values>False</include_nonscored_values><rating_type_id>0</rating_type_id></properties><content><title>Introduce yourself</title></content></topic></topics></forum></discussion>