﻿<discussion><forum id="481" resource_code="byui_produ-404953,byui_produ-413187,byui_produ-511084,byui_produ-515821,byui_produ-580306,byui_produ-580375,byui_produ-593905,byui_produ-594229,byui_produ-594552,byui_produ-594908,byui_produ-595426"><properties><allow_anon>False</allow_anon><display_order>81</display_order><is_hidden>False</is_hidden><requires_approval>False</requires_approval><is_locked>False</is_locked><must_post_to_participate>False</must_post_to_participate><show_description_in_topics>False</show_description_in_topics></properties><content><title>Troubleshooting Forum #5</title></content><topics><topic id="482" resource_code="byui_produ-404949,byui_produ-413188,byui_produ-511085,byui_produ-515822,byui_produ-580307,byui_produ-580376,byui_produ-593906,byui_produ-594230,byui_produ-594553,byui_produ-594909,byui_produ-595427"><properties><allow_anon>False</allow_anon><display_order>1</display_order><is_hidden>False</is_hidden><requires_approval>False</requires_approval><must_post_to_participate>False</must_post_to_participate><is_locked>False</is_locked><is_auto_score>False</is_auto_score><include_nonscored_values>False</include_nonscored_values><rating_type_id>0</rating_type_id></properties><content><title>Troubleshooting #5 - Group 1</title></content></topic><topic id="483" resource_code="byui_produ-408103,byui_produ-413189,byui_produ-511086,byui_produ-515823,byui_produ-580308,byui_produ-580377,byui_produ-593907,byui_produ-594231,byui_produ-594554,byui_produ-594910,byui_produ-595428"><properties><allow_anon>False</allow_anon><display_order>2</display_order><is_hidden>False</is_hidden><requires_approval>False</requires_approval><must_post_to_participate>False</must_post_to_participate><is_locked>False</is_locked><is_auto_score>False</is_auto_score><include_nonscored_values>False</include_nonscored_values><rating_type_id>0</rating_type_id></properties><content><title>Troubleshooting #5 - Group 2</title></content></topic><topic id="484" resource_code="byui_produ-408104,byui_produ-413190,byui_produ-511087,byui_produ-515824,byui_produ-580309,byui_produ-580378,byui_produ-593908,byui_produ-594232,byui_produ-594555,byui_produ-594911,byui_produ-595429"><properties><allow_anon>False</allow_anon><display_order>3</display_order><is_hidden>False</is_hidden><requires_approval>False</requires_approval><must_post_to_participate>False</must_post_to_participate><is_locked>False</is_locked><is_auto_score>False</is_auto_score><include_nonscored_values>False</include_nonscored_values><rating_type_id>0</rating_type_id></properties><content><title>Troubleshooting #5 - Group 3</title></content></topic></topics></forum></discussion>