﻿<discussion><forum id="476" resource_code="byui_produ-404966,byui_produ-413196,byui_produ-511093,byui_produ-515816,byui_produ-580301,byui_produ-580370,byui_produ-593900,byui_produ-594224,byui_produ-594547,byui_produ-594903,byui_produ-595421"><properties><allow_anon>False</allow_anon><display_order>80</display_order><is_hidden>False</is_hidden><requires_approval>False</requires_approval><is_locked>False</is_locked><must_post_to_participate>False</must_post_to_participate><show_description_in_topics>False</show_description_in_topics></properties><content><title>Troubleshooting Forum #4</title></content><topics><topic id="477" resource_code="byui_produ-408113,byui_produ-413197,byui_produ-511094,byui_produ-515817,byui_produ-580302,byui_produ-580371,byui_produ-593901,byui_produ-594225,byui_produ-594548,byui_produ-594904,byui_produ-595422"><properties><allow_anon>False</allow_anon><display_order>1</display_order><is_hidden>False</is_hidden><requires_approval>False</requires_approval><must_post_to_participate>False</must_post_to_participate><is_locked>False</is_locked><is_auto_score>False</is_auto_score><include_nonscored_values>False</include_nonscored_values><rating_type_id>0</rating_type_id></properties><content><title>Troubleshooting #4 Group 1</title></content></topic><topic id="478" resource_code="byui_produ-408114,byui_produ-413198,byui_produ-511095,byui_produ-515818,byui_produ-580303,byui_produ-580372,byui_produ-593902,byui_produ-594226,byui_produ-594549,byui_produ-594905,byui_produ-595423"><properties><allow_anon>False</allow_anon><display_order>2</display_order><is_hidden>False</is_hidden><requires_approval>False</requires_approval><must_post_to_participate>False</must_post_to_participate><is_locked>False</is_locked><is_auto_score>False</is_auto_score><include_nonscored_values>False</include_nonscored_values><rating_type_id>0</rating_type_id></properties><content><title>Troubleshooting #4 Group 2</title></content></topic><topic id="479" resource_code="byui_produ-408115,byui_produ-413199,byui_produ-511096,byui_produ-515819,byui_produ-580304,byui_produ-580373,byui_produ-593903,byui_produ-594227,byui_produ-594550,byui_produ-594906,byui_produ-595424"><properties><allow_anon>False</allow_anon><display_order>3</display_order><is_hidden>False</is_hidden><requires_approval>False</requires_approval><must_post_to_participate>False</must_post_to_participate><is_locked>False</is_locked><is_auto_score>False</is_auto_score><include_nonscored_values>False</include_nonscored_values><rating_type_id>0</rating_type_id></properties><content><title>Troubleshooting #4 Group 3</title></content></topic><topic id="480" resource_code="byui_produ-408116,byui_produ-413200,byui_produ-511097,byui_produ-515820,byui_produ-580305,byui_produ-580374,byui_produ-593904,byui_produ-594228,byui_produ-594551,byui_produ-594907,byui_produ-595425"><properties><allow_anon>False</allow_anon><display_order>4</display_order><is_hidden>False</is_hidden><requires_approval>False</requires_approval><must_post_to_participate>False</must_post_to_participate><is_locked>False</is_locked><is_auto_score>False</is_auto_score><include_nonscored_values>False</include_nonscored_values><rating_type_id>0</rating_type_id></properties><content><title>Troubleshooting #4 Group 4</title></content></topic></topics></forum></discussion>