﻿<discussion><forum id="210"><properties><allow_anon>False</allow_anon><display_order>23</display_order><is_hidden>False</is_hidden><requires_approval>False</requires_approval><is_locked>False</is_locked><must_post_to_participate>False</must_post_to_participate><show_description_in_topics>False</show_description_in_topics></properties><content><title>Troubleshooting Forum #1</title></content><topics><topic id="211"><properties><allow_anon>False</allow_anon><display_order>1</display_order><is_hidden>False</is_hidden><requires_approval>False</requires_approval><must_post_to_participate>False</must_post_to_participate><is_locked>False</is_locked><score_out_of>10</score_out_of><is_auto_score>False</is_auto_score><grade_item_id>byui_production-1575122</grade_item_id><include_nonscored_values>False</include_nonscored_values><rating_type_id>0</rating_type_id></properties><content><title>Troubleshooting - Group 1</title></content></topic><topic id="212"><properties><allow_anon>False</allow_anon><display_order>2</display_order><is_hidden>False</is_hidden><requires_approval>False</requires_approval><must_post_to_participate>False</must_post_to_participate><is_locked>False</is_locked><score_out_of>10</score_out_of><is_auto_score>False</is_auto_score><grade_item_id>byui_production-1575124</grade_item_id><include_nonscored_values>False</include_nonscored_values><rating_type_id>0</rating_type_id></properties><content><title>Troubleshooting - Group 2</title></content></topic><topic id="213"><properties><allow_anon>False</allow_anon><display_order>3</display_order><is_hidden>False</is_hidden><requires_approval>False</requires_approval><must_post_to_participate>False</must_post_to_participate><is_locked>False</is_locked><score_out_of>10</score_out_of><is_auto_score>False</is_auto_score><grade_item_id>byui_production-1575126</grade_item_id><include_nonscored_values>False</include_nonscored_values><rating_type_id>0</rating_type_id></properties><content><title>Troubleshooting - Group 3</title></content></topic><topic id="214"><properties><allow_anon>False</allow_anon><display_order>4</display_order><is_hidden>False</is_hidden><requires_approval>False</requires_approval><must_post_to_participate>False</must_post_to_participate><is_locked>False</is_locked><score_out_of>10</score_out_of><is_auto_score>False</is_auto_score><grade_item_id>byui_production-1575128</grade_item_id><include_nonscored_values>False</include_nonscored_values><rating_type_id>0</rating_type_id></properties><content><title>Troubleshooting - Group 4</title></content></topic></topics></forum></discussion>