﻿<discussion><forum id="485" resource_code="byui_produ-404968,byui_produ-413201,byui_produ-511098,byui_produ-515825,byui_produ-580310,byui_produ-580379,byui_produ-593909,byui_produ-594233,byui_produ-594556,byui_produ-594912,byui_produ-595430"><properties><allow_anon>False</allow_anon><display_order>82</display_order><is_hidden>False</is_hidden><requires_approval>False</requires_approval><is_locked>False</is_locked><must_post_to_participate>False</must_post_to_participate><show_description_in_topics>False</show_description_in_topics></properties><content><title>Troubleshooting Forum #6</title></content><topics><topic id="486" resource_code="byui_produ-408119,byui_produ-413202,byui_produ-511099,byui_produ-515826,byui_produ-580311,byui_produ-580380,byui_produ-593910,byui_produ-594234,byui_produ-594557,byui_produ-594913,byui_produ-595431"><properties><allow_anon>False</allow_anon><display_order>1</display_order><is_hidden>False</is_hidden><requires_approval>False</requires_approval><must_post_to_participate>False</must_post_to_participate><is_locked>False</is_locked><is_auto_score>False</is_auto_score><include_nonscored_values>False</include_nonscored_values><rating_type_id>0</rating_type_id></properties><content><title>Troubleshooting #6 - Group 1</title></content></topic><topic id="487" resource_code="byui_produ-408120,byui_produ-413203,byui_produ-511100,byui_produ-515827,byui_produ-580312,byui_produ-580381,byui_produ-593911,byui_produ-594235,byui_produ-594558,byui_produ-594914,byui_produ-595432"><properties><allow_anon>False</allow_anon><display_order>2</display_order><is_hidden>False</is_hidden><requires_approval>False</requires_approval><must_post_to_participate>False</must_post_to_participate><is_locked>False</is_locked><is_auto_score>False</is_auto_score><include_nonscored_values>False</include_nonscored_values><rating_type_id>0</rating_type_id></properties><content><title>Troubleshooting #6 - Group 2</title></content></topic><topic id="488" resource_code="byui_produ-408121,byui_produ-413204,byui_produ-511101,byui_produ-515828,byui_produ-580313,byui_produ-580382,byui_produ-593912,byui_produ-594236,byui_produ-594559,byui_produ-594915,byui_produ-595433"><properties><allow_anon>False</allow_anon><display_order>3</display_order><is_hidden>False</is_hidden><requires_approval>False</requires_approval><must_post_to_participate>False</must_post_to_participate><is_locked>False</is_locked><is_auto_score>False</is_auto_score><include_nonscored_values>False</include_nonscored_values><rating_type_id>0</rating_type_id></properties><content><title>Troubleshooting #6 - Group 3</title></content></topic><topic id="489" resource_code="byui_produ-408122,byui_produ-413205,byui_produ-511102,byui_produ-515829,byui_produ-580314,byui_produ-580383,byui_produ-593913,byui_produ-594237,byui_produ-594560,byui_produ-594916,byui_produ-595434"><properties><allow_anon>False</allow_anon><display_order>4</display_order><is_hidden>False</is_hidden><requires_approval>False</requires_approval><must_post_to_participate>False</must_post_to_participate><is_locked>False</is_locked><is_auto_score>False</is_auto_score><include_nonscored_values>False</include_nonscored_values><rating_type_id>0</rating_type_id></properties><content><title>Troubleshooting #6 - Group 4</title></content></topic></topics></forum></discussion>