﻿<discussion><forum id="451" resource_code="byui_produ-370329,byui_produ-389709,byui_produ-390311,byui_produ-393115,byui_produ-412027,byui_produ-413178,byui_produ-511075,byui_produ-515794,byui_produ-578509,byui_produ-579242,byui_produ-579947,byui_produ-580279,byui_produ-580348,byui_produ-585871,byui_produ-588996,byui_produ-593878,byui_produ-594202,byui_produ-594525,byui_produ-594881,byui_produ-595399,byui_produ-598502,byui_produ-598712,byui_produ-599370,byui_produ-599716"><properties><allow_anon>False</allow_anon><display_order>76</display_order><is_hidden>False</is_hidden><requires_approval>False</requires_approval><is_locked>False</is_locked><must_post_to_participate>False</must_post_to_participate><show_description_in_topics>False</show_description_in_topics></properties><content><title>Weekly Discussion - Week 4</title></content><topics><topic id="452" resource_code="byui_produ-377898,byui_produ-389710,byui_produ-390312,byui_produ-393116,byui_produ-412028,byui_produ-413179,byui_produ-511076,byui_produ-515795,byui_produ-578510,byui_produ-579243,byui_produ-579948,byui_produ-580280,byui_produ-580349,byui_produ-585872,byui_produ-588997,byui_produ-593879,byui_produ-594203,byui_produ-594526,byui_produ-594882,byui_produ-595400,byui_produ-598503,byui_produ-598713,byui_produ-599371,byui_produ-599717"><properties><allow_anon>False</allow_anon><display_order>1</display_order><is_hidden>False</is_hidden><requires_approval>False</requires_approval><must_post_to_participate>False</must_post_to_participate><is_locked>False</is_locked><is_auto_score>False</is_auto_score><include_nonscored_values>False</include_nonscored_values><rating_type_id>0</rating_type_id></properties><content><title>Weekly Discussion - Group 1</title></content></topic><topic id="453" resource_code="byui_produ-377899,byui_produ-389711,byui_produ-390313,byui_produ-393117,byui_produ-412029,byui_produ-413180,byui_produ-511077,byui_produ-515796,byui_produ-578511,byui_produ-579244,byui_produ-579949,byui_produ-580281,byui_produ-580350,byui_produ-585873,byui_produ-588998,byui_produ-593880,byui_produ-594204,byui_produ-594527,byui_produ-594883,byui_produ-595401,byui_produ-598504,byui_produ-598714,byui_produ-599372,byui_produ-599718"><properties><allow_anon>False</allow_anon><display_order>2</display_order><is_hidden>False</is_hidden><requires_approval>False</requires_approval><must_post_to_participate>False</must_post_to_participate><is_locked>False</is_locked><is_auto_score>False</is_auto_score><include_nonscored_values>False</include_nonscored_values><rating_type_id>0</rating_type_id></properties><content><title>Weekly Discussion - Group 2</title></content></topic><topic id="454" resource_code="byui_produ-377900,byui_produ-389712,byui_produ-390314,byui_produ-393118,byui_produ-412030,byui_produ-413181,byui_produ-511078,byui_produ-515797,byui_produ-578512,byui_produ-579245,byui_produ-579950,byui_produ-580282,byui_produ-580351,byui_produ-585874,byui_produ-588999,byui_produ-593881,byui_produ-594205,byui_produ-594528,byui_produ-594884,byui_produ-595402,byui_produ-598505,byui_produ-598715,byui_produ-599373,byui_produ-599719"><properties><allow_anon>False</allow_anon><display_order>3</display_order><is_hidden>False</is_hidden><requires_approval>False</requires_approval><must_post_to_participate>False</must_post_to_participate><is_locked>False</is_locked><is_auto_score>False</is_auto_score><include_nonscored_values>False</include_nonscored_values><rating_type_id>0</rating_type_id></properties><content><title>Weekly Discussion - Group 3</title></content></topic><topic id="455" resource_code="byui_produ-377901,byui_produ-389713,byui_produ-390315,byui_produ-393119,byui_produ-412031,byui_produ-413182,byui_produ-511079,byui_produ-515798,byui_produ-578513,byui_produ-579246,byui_produ-579951,byui_produ-580283,byui_produ-580352,byui_produ-585875,byui_produ-589000,byui_produ-593882,byui_produ-594206,byui_produ-594529,byui_produ-594885,byui_produ-595403,byui_produ-598506,byui_produ-598716,byui_produ-599374,byui_produ-599720"><properties><allow_anon>False</allow_anon><display_order>4</display_order><is_hidden>False</is_hidden><requires_approval>False</requires_approval><must_post_to_participate>False</must_post_to_participate><is_locked>False</is_locked><is_auto_score>False</is_auto_score><include_nonscored_values>False</include_nonscored_values><rating_type_id>0</rating_type_id></properties><content><title>Weekly Discussion - Group 4</title></content></topic><topic id="456" resource_code="byui_produ-377902,byui_produ-389714,byui_produ-390316,byui_produ-393120,byui_produ-412032,byui_produ-413183,byui_produ-511080,byui_produ-515799,byui_produ-578514,byui_produ-579247,byui_produ-579952,byui_produ-580284,byui_produ-580353,byui_produ-585876,byui_produ-589001,byui_produ-593883,byui_produ-594207,byui_produ-594530,byui_produ-594886,byui_produ-595404,byui_produ-598507,byui_produ-598717,byui_produ-599375,byui_produ-599721"><properties><allow_anon>False</allow_anon><display_order>5</display_order><is_hidden>False</is_hidden><requires_approval>False</requires_approval><must_post_to_participate>False</must_post_to_participate><is_locked>False</is_locked><is_auto_score>False</is_auto_score><include_nonscored_values>False</include_nonscored_values><rating_type_id>0</rating_type_id></properties><content><title>Weekly Discussion - Group 5</title></content></topic><topic id="457" resource_code="byui_produ-377903,byui_produ-389715,byui_produ-390317,byui_produ-393121,byui_produ-412033,byui_produ-413184,byui_produ-511081,byui_produ-515800,byui_produ-578515,byui_produ-579248,byui_produ-579953,byui_produ-580285,byui_produ-580354,byui_produ-585877,byui_produ-589002,byui_produ-593884,byui_produ-594208,byui_produ-594531,byui_produ-594887,byui_produ-595405,byui_produ-598508,byui_produ-598718,byui_produ-599376,byui_produ-599722"><properties><allow_anon>False</allow_anon><display_order>6</display_order><is_hidden>False</is_hidden><requires_approval>False</requires_approval><must_post_to_participate>False</must_post_to_participate><is_locked>False</is_locked><is_auto_score>False</is_auto_score><include_nonscored_values>False</include_nonscored_values><rating_type_id>0</rating_type_id></properties><content><title>Weekly Discussion - Group 6</title></content></topic></topics></forum></discussion>