﻿<discussion><forum id="502" resource_code="byui_produ-409642,byui_produ-511123,byui_produ-515842,byui_produ-580327,byui_produ-580396,byui_produ-593926,byui_produ-594250,byui_produ-594573,byui_produ-594929,byui_produ-595447"><properties><allow_anon>False</allow_anon><display_order>86</display_order><is_hidden>False</is_hidden><requires_approval>False</requires_approval><is_locked>False</is_locked><must_post_to_participate>False</must_post_to_participate><show_description_in_topics>False</show_description_in_topics></properties><content><title>Troubleshooting Forum #10</title></content><topics><topic id="503" resource_code="byui_produ-412038,byui_produ-511124,byui_produ-515843,byui_produ-580328,byui_produ-580397,byui_produ-593927,byui_produ-594251,byui_produ-594574,byui_produ-594930,byui_produ-595448"><properties><allow_anon>False</allow_anon><display_order>1</display_order><is_hidden>False</is_hidden><requires_approval>False</requires_approval><must_post_to_participate>False</must_post_to_participate><is_locked>False</is_locked><is_auto_score>False</is_auto_score><include_nonscored_values>False</include_nonscored_values><rating_type_id>0</rating_type_id></properties><content><title>Troubleshooting - Group 1</title></content></topic><topic id="504" resource_code="byui_produ-412039,byui_produ-511125,byui_produ-515844,byui_produ-580329,byui_produ-580398,byui_produ-593928,byui_produ-594252,byui_produ-594575,byui_produ-594931,byui_produ-595449"><properties><allow_anon>False</allow_anon><display_order>2</display_order><is_hidden>False</is_hidden><requires_approval>False</requires_approval><must_post_to_participate>False</must_post_to_participate><is_locked>False</is_locked><is_auto_score>False</is_auto_score><include_nonscored_values>False</include_nonscored_values><rating_type_id>0</rating_type_id></properties><content><title>Troubleshooting - Group 2</title></content></topic><topic id="505" resource_code="byui_produ-412040,byui_produ-511126,byui_produ-515845,byui_produ-580330,byui_produ-580399,byui_produ-593929,byui_produ-594253,byui_produ-594576,byui_produ-594932,byui_produ-595450"><properties><allow_anon>False</allow_anon><display_order>3</display_order><is_hidden>False</is_hidden><requires_approval>False</requires_approval><must_post_to_participate>False</must_post_to_participate><is_locked>False</is_locked><is_auto_score>False</is_auto_score><include_nonscored_values>False</include_nonscored_values><rating_type_id>0</rating_type_id></properties><content><title>Troubleshooting - Group 3</title></content></topic><topic id="506" resource_code="byui_produ-412041,byui_produ-511127,byui_produ-515846,byui_produ-580331,byui_produ-580400,byui_produ-593930,byui_produ-594254,byui_produ-594577,byui_produ-594933,byui_produ-595451"><properties><allow_anon>False</allow_anon><display_order>4</display_order><is_hidden>False</is_hidden><requires_approval>False</requires_approval><must_post_to_participate>False</must_post_to_participate><is_locked>False</is_locked><is_auto_score>False</is_auto_score><include_nonscored_values>False</include_nonscored_values><rating_type_id>0</rating_type_id></properties><content><title>Test Group (Copying)</title></content></topic></topics></forum></discussion>