﻿<discussion><forum id="497" resource_code="byui_produ-404969,byui_produ-413206,byui_produ-511103,byui_produ-515837,byui_produ-580322,byui_produ-580391,byui_produ-593921,byui_produ-594245,byui_produ-594568,byui_produ-594924,byui_produ-595442"><properties><allow_anon>False</allow_anon><display_order>85</display_order><is_hidden>False</is_hidden><requires_approval>False</requires_approval><is_locked>False</is_locked><must_post_to_participate>False</must_post_to_participate><show_description_in_topics>False</show_description_in_topics></properties><content><title>Troubleshooting Forum #9</title></content><topics><topic id="498" resource_code="byui_produ-408125,byui_produ-413207,byui_produ-511104,byui_produ-515838,byui_produ-580323,byui_produ-580392,byui_produ-593922,byui_produ-594246,byui_produ-594569,byui_produ-594925,byui_produ-595443"><properties><allow_anon>False</allow_anon><display_order>1</display_order><is_hidden>False</is_hidden><requires_approval>False</requires_approval><must_post_to_participate>False</must_post_to_participate><is_locked>False</is_locked><score_out_of>10</score_out_of><is_auto_score>False</is_auto_score><grade_item_id>byui_produ-408096</grade_item_id><include_nonscored_values>False</include_nonscored_values><rating_type_id>0</rating_type_id></properties><content><title>Troubleshooting #9 - Group 1</title></content></topic><topic id="499" resource_code="byui_produ-408126,byui_produ-413208,byui_produ-511105,byui_produ-515839,byui_produ-580324,byui_produ-580393,byui_produ-593923,byui_produ-594247,byui_produ-594570,byui_produ-594926,byui_produ-595444"><properties><allow_anon>False</allow_anon><display_order>2</display_order><is_hidden>False</is_hidden><requires_approval>False</requires_approval><must_post_to_participate>False</must_post_to_participate><is_locked>False</is_locked><score_out_of>10</score_out_of><is_auto_score>False</is_auto_score><grade_item_id>byui_produ-408097</grade_item_id><include_nonscored_values>False</include_nonscored_values><rating_type_id>0</rating_type_id></properties><content><title>Troubleshooting #9 - Group 2</title></content></topic><topic id="500" resource_code="byui_produ-408127,byui_produ-413209,byui_produ-511106,byui_produ-515840,byui_produ-580325,byui_produ-580394,byui_produ-593924,byui_produ-594248,byui_produ-594571,byui_produ-594927,byui_produ-595445"><properties><allow_anon>False</allow_anon><display_order>3</display_order><is_hidden>False</is_hidden><requires_approval>False</requires_approval><must_post_to_participate>False</must_post_to_participate><is_locked>False</is_locked><score_out_of>10</score_out_of><is_auto_score>False</is_auto_score><grade_item_id>byui_produ-408098</grade_item_id><include_nonscored_values>False</include_nonscored_values><rating_type_id>0</rating_type_id></properties><content><title>Troubleshooting #9 - Group 3</title></content></topic><topic id="501" resource_code="byui_produ-408128,byui_produ-413210,byui_produ-511107,byui_produ-515841,byui_produ-580326,byui_produ-580395,byui_produ-593925,byui_produ-594249,byui_produ-594572,byui_produ-594928,byui_produ-595446"><properties><allow_anon>False</allow_anon><display_order>4</display_order><is_hidden>False</is_hidden><requires_approval>False</requires_approval><must_post_to_participate>False</must_post_to_participate><is_locked>False</is_locked><score_out_of>10</score_out_of><is_auto_score>False</is_auto_score><grade_item_id>byui_produ-408099</grade_item_id><include_nonscored_values>False</include_nonscored_values><rating_type_id>0</rating_type_id></properties><content><title>Troubleshooting #9 - Group 4</title></content></topic></topics></forum></discussion>