﻿<discussion><forum id="377" resource_code="byui_produ-600856,byui_produ-602941"><properties><allow_anon>False</allow_anon><display_order>59</display_order><is_hidden>False</is_hidden><requires_approval>False</requires_approval><is_locked>False</is_locked><must_post_to_participate>False</must_post_to_participate><show_description_in_topics>False</show_description_in_topics></properties><content><title>Troubleshooting Forum #1</title></content><topics><topic id="378" resource_code="byui_produ-600857,byui_produ-602942"><properties><allow_anon>False</allow_anon><display_order>1</display_order><is_hidden>False</is_hidden><requires_approval>False</requires_approval><must_post_to_participate>False</must_post_to_participate><is_locked>False</is_locked><score_out_of>10</score_out_of><is_auto_score>False</is_auto_score><grade_item_id>byui_produ-602902</grade_item_id><include_nonscored_values>False</include_nonscored_values><rating_type_id>0</rating_type_id></properties><content><title>Troubleshooting - Group 1</title></content></topic><topic id="379" resource_code="byui_produ-600858,byui_produ-602943"><properties><allow_anon>False</allow_anon><display_order>2</display_order><is_hidden>False</is_hidden><requires_approval>False</requires_approval><must_post_to_participate>False</must_post_to_participate><is_locked>False</is_locked><score_out_of>10</score_out_of><is_auto_score>False</is_auto_score><grade_item_id>byui_produ-602903</grade_item_id><include_nonscored_values>False</include_nonscored_values><rating_type_id>0</rating_type_id></properties><content><title>Troubleshooting - Group 2</title></content></topic><topic id="380" resource_code="byui_produ-600859,byui_produ-602944"><properties><allow_anon>False</allow_anon><display_order>3</display_order><is_hidden>False</is_hidden><requires_approval>False</requires_approval><must_post_to_participate>False</must_post_to_participate><is_locked>False</is_locked><score_out_of>10</score_out_of><is_auto_score>False</is_auto_score><grade_item_id>byui_produ-602904</grade_item_id><include_nonscored_values>False</include_nonscored_values><rating_type_id>0</rating_type_id></properties><content><title>Troubleshooting - Group 3</title></content></topic><topic id="381" resource_code="byui_produ-600860,byui_produ-602945"><properties><allow_anon>False</allow_anon><display_order>4</display_order><is_hidden>False</is_hidden><requires_approval>False</requires_approval><must_post_to_participate>False</must_post_to_participate><is_locked>False</is_locked><score_out_of>10</score_out_of><is_auto_score>False</is_auto_score><grade_item_id>byui_produ-602905</grade_item_id><include_nonscored_values>False</include_nonscored_values><rating_type_id>0</rating_type_id></properties><content><title>Troubleshooting - Group 4</title></content></topic></topics></forum></discussion>