﻿<discussion><forum id="458" resource_code="byui_produ-409641,byui_produ-511118,byui_produ-515801,byui_produ-580286,byui_produ-580355,byui_produ-593885,byui_produ-594209,byui_produ-594532,byui_produ-594888,byui_produ-595406"><properties><allow_anon>False</allow_anon><display_order>77</display_order><is_hidden>False</is_hidden><requires_approval>False</requires_approval><is_locked>False</is_locked><must_post_to_participate>False</must_post_to_participate><show_description_in_topics>False</show_description_in_topics></properties><content><title>Troubleshooting Forum #1</title></content><topics><topic id="459" resource_code="byui_produ-412034,byui_produ-511119,byui_produ-515802,byui_produ-580287,byui_produ-580356,byui_produ-593886,byui_produ-594210,byui_produ-594533,byui_produ-594889,byui_produ-595407"><properties><allow_anon>False</allow_anon><display_order>1</display_order><is_hidden>False</is_hidden><requires_approval>False</requires_approval><must_post_to_participate>False</must_post_to_participate><is_locked>False</is_locked><score_out_of>10</score_out_of><is_auto_score>False</is_auto_score><grade_item_id>byui_produ-412001</grade_item_id><include_nonscored_values>False</include_nonscored_values><rating_type_id>0</rating_type_id></properties><content><title>Troubleshooting - Group 1</title></content></topic><topic id="460" resource_code="byui_produ-412035,byui_produ-511120,byui_produ-515803,byui_produ-580288,byui_produ-580357,byui_produ-593887,byui_produ-594211,byui_produ-594534,byui_produ-594890,byui_produ-595408"><properties><allow_anon>False</allow_anon><display_order>2</display_order><is_hidden>False</is_hidden><requires_approval>False</requires_approval><must_post_to_participate>False</must_post_to_participate><is_locked>False</is_locked><score_out_of>10</score_out_of><is_auto_score>False</is_auto_score><grade_item_id>byui_produ-412002</grade_item_id><include_nonscored_values>False</include_nonscored_values><rating_type_id>0</rating_type_id></properties><content><title>Troubleshooting - Group 2</title></content></topic><topic id="461" resource_code="byui_produ-412036,byui_produ-511121,byui_produ-515804,byui_produ-580289,byui_produ-580358,byui_produ-593888,byui_produ-594212,byui_produ-594535,byui_produ-594891,byui_produ-595409"><properties><allow_anon>False</allow_anon><display_order>3</display_order><is_hidden>False</is_hidden><requires_approval>False</requires_approval><must_post_to_participate>False</must_post_to_participate><is_locked>False</is_locked><score_out_of>10</score_out_of><is_auto_score>False</is_auto_score><grade_item_id>byui_produ-412003</grade_item_id><include_nonscored_values>False</include_nonscored_values><rating_type_id>0</rating_type_id></properties><content><title>Troubleshooting - Group 3</title></content></topic><topic id="462" resource_code="byui_produ-412037,byui_produ-511122,byui_produ-515805,byui_produ-580290,byui_produ-580359,byui_produ-593889,byui_produ-594213,byui_produ-594536,byui_produ-594892,byui_produ-595410"><properties><allow_anon>False</allow_anon><display_order>4</display_order><is_hidden>False</is_hidden><requires_approval>False</requires_approval><must_post_to_participate>False</must_post_to_participate><is_locked>False</is_locked><score_out_of>10</score_out_of><is_auto_score>False</is_auto_score><grade_item_id>byui_produ-412004</grade_item_id><include_nonscored_values>False</include_nonscored_values><rating_type_id>0</rating_type_id></properties><content><title>Troubleshooting - Group 4</title></content></topic></topics></forum></discussion>