﻿<discussion><forum id="183"><properties><allow_anon>False</allow_anon><display_order>1</display_order><is_hidden>False</is_hidden><requires_approval>True</requires_approval><is_locked>False</is_locked><must_post_to_participate>True</must_post_to_participate><show_description_in_topics>False</show_description_in_topics></properties><content><title>Welcome Discussion Board</title></content><topics><topic id="184"><properties><allow_anon>False</allow_anon><display_order>9</display_order><is_hidden>False</is_hidden><requires_approval>False</requires_approval><must_post_to_participate>False</must_post_to_participate><is_locked>False</is_locked><is_auto_score>False</is_auto_score><include_nonscored_values>False</include_nonscored_values><rating_type_id>0</rating_type_id></properties><content><title>Don't care</title></content></topic></topics></forum></discussion>