﻿<discussion><forum id="463" resource_code="byui_produ-407880,byui_produ-413216,byui_produ-511113,byui_produ-515806,byui_produ-580291,byui_produ-580360,byui_produ-593890,byui_produ-594214,byui_produ-594537,byui_produ-594893,byui_produ-595411"><properties><allow_anon>False</allow_anon><display_order>78</display_order><is_hidden>False</is_hidden><requires_approval>False</requires_approval><is_locked>False</is_locked><must_post_to_participate>False</must_post_to_participate><show_description_in_topics>False</show_description_in_topics></properties><content><title>Troubleshooting Forum #2</title></content><topics><topic id="464" resource_code="byui_produ-408137,byui_produ-413217,byui_produ-511114,byui_produ-515807,byui_produ-580292,byui_produ-580361,byui_produ-593891,byui_produ-594215,byui_produ-594538,byui_produ-594894,byui_produ-595412"><properties><allow_anon>False</allow_anon><display_order>1</display_order><is_hidden>False</is_hidden><requires_approval>False</requires_approval><must_post_to_participate>False</must_post_to_participate><is_locked>False</is_locked><is_auto_score>False</is_auto_score><include_nonscored_values>False</include_nonscored_values><rating_type_id>0</rating_type_id></properties><content><title>Troubleshooting #2 - Group 1</title></content></topic><topic id="465" resource_code="byui_produ-408138,byui_produ-413218,byui_produ-511115,byui_produ-515808,byui_produ-580293,byui_produ-580362,byui_produ-593892,byui_produ-594216,byui_produ-594539,byui_produ-594895,byui_produ-595413"><properties><allow_anon>False</allow_anon><display_order>2</display_order><is_hidden>False</is_hidden><requires_approval>False</requires_approval><must_post_to_participate>False</must_post_to_participate><is_locked>False</is_locked><is_auto_score>False</is_auto_score><include_nonscored_values>False</include_nonscored_values><rating_type_id>0</rating_type_id></properties><content><title>Troubleshooting #2 - Group 2</title></content></topic><topic id="466" resource_code="byui_produ-408139,byui_produ-413219,byui_produ-511116,byui_produ-515809,byui_produ-580294,byui_produ-580363,byui_produ-593893,byui_produ-594217,byui_produ-594540,byui_produ-594896,byui_produ-595414"><properties><allow_anon>False</allow_anon><display_order>3</display_order><is_hidden>False</is_hidden><requires_approval>False</requires_approval><must_post_to_participate>False</must_post_to_participate><is_locked>False</is_locked><is_auto_score>False</is_auto_score><include_nonscored_values>False</include_nonscored_values><rating_type_id>0</rating_type_id></properties><content><title>Troubleshooting #2 - Group 3</title></content></topic><topic id="467" resource_code="byui_produ-408140,byui_produ-413220,byui_produ-511117,byui_produ-515810,byui_produ-580295,byui_produ-580364,byui_produ-593894,byui_produ-594218,byui_produ-594541,byui_produ-594897,byui_produ-595415"><properties><allow_anon>False</allow_anon><display_order>4</display_order><is_hidden>False</is_hidden><requires_approval>False</requires_approval><must_post_to_participate>False</must_post_to_participate><is_locked>False</is_locked><is_auto_score>False</is_auto_score><include_nonscored_values>False</include_nonscored_values><rating_type_id>0</rating_type_id></properties><content><title>Troubleshooting #2 - Group 4</title></content></topic></topics></forum></discussion>