﻿<discussion><forum id="433" resource_code="byui_production-1351803"><properties><allow_anon>False</allow_anon><display_order>72</display_order><is_hidden>False</is_hidden><requires_approval>False</requires_approval><is_locked>False</is_locked><must_post_to_participate>False</must_post_to_participate><show_description_in_topics>False</show_description_in_topics></properties><content><title>Scott</title></content><topics><topic id="434" resource_code="byui_production-1351804"><properties><allow_anon>False</allow_anon><display_order>1</display_order><is_hidden>False</is_hidden><requires_approval>False</requires_approval><must_post_to_participate>False</must_post_to_participate><is_locked>False</is_locked><score_out_of>10</score_out_of><is_auto_score>False</is_auto_score><grade_item_id>byui_production-1351789</grade_item_id><include_nonscored_values>False</include_nonscored_values><rating_type_id>0</rating_type_id></properties><content><title>Scott</title></content></topic></topics></forum></discussion>