﻿<discussion><forum id="286"><properties><allow_anon>False</allow_anon><display_order>40</display_order><is_hidden>False</is_hidden><requires_approval>False</requires_approval><is_locked>False</is_locked><must_post_to_participate>False</must_post_to_participate><show_description_in_topics>False</show_description_in_topics></properties><content><title>Weekly Discussion - Week 4</title></content><topics><topic id="287"><properties><allow_anon>False</allow_anon><display_order>1</display_order><is_hidden>False</is_hidden><requires_approval>False</requires_approval><must_post_to_participate>False</must_post_to_participate><is_locked>False</is_locked><is_auto_score>False</is_auto_score><include_nonscored_values>False</include_nonscored_values><rating_type_id>0</rating_type_id></properties><content><title>Weekly Discussion - Group 1</title></content></topic><topic id="288"><properties><allow_anon>False</allow_anon><display_order>2</display_order><is_hidden>False</is_hidden><requires_approval>False</requires_approval><must_post_to_participate>False</must_post_to_participate><is_locked>False</is_locked><is_auto_score>False</is_auto_score><include_nonscored_values>False</include_nonscored_values><rating_type_id>0</rating_type_id></properties><content><title>Weekly Discussion - Group 2</title></content></topic><topic id="289"><properties><allow_anon>False</allow_anon><display_order>3</display_order><is_hidden>False</is_hidden><requires_approval>False</requires_approval><must_post_to_participate>False</must_post_to_participate><is_locked>False</is_locked><is_auto_score>False</is_auto_score><include_nonscored_values>False</include_nonscored_values><rating_type_id>0</rating_type_id></properties><content><title>Weekly Discussion - Group 3</title></content></topic><topic id="290"><properties><allow_anon>False</allow_anon><display_order>4</display_order><is_hidden>False</is_hidden><requires_approval>False</requires_approval><must_post_to_participate>False</must_post_to_participate><is_locked>False</is_locked><is_auto_score>False</is_auto_score><include_nonscored_values>False</include_nonscored_values><rating_type_id>0</rating_type_id></properties><content><title>Weekly Discussion - Group 4</title></content></topic><topic id="291"><properties><allow_anon>False</allow_anon><display_order>5</display_order><is_hidden>False</is_hidden><requires_approval>False</requires_approval><must_post_to_participate>False</must_post_to_participate><is_locked>False</is_locked><is_auto_score>False</is_auto_score><include_nonscored_values>False</include_nonscored_values><rating_type_id>0</rating_type_id></properties><content><title>Weekly Discussion - Group 5</title></content></topic><topic id="292"><properties><allow_anon>False</allow_anon><display_order>6</display_order><is_hidden>False</is_hidden><requires_approval>False</requires_approval><must_post_to_participate>False</must_post_to_participate><is_locked>False</is_locked><is_auto_score>False</is_auto_score><include_nonscored_values>False</include_nonscored_values><rating_type_id>0</rating_type_id></properties><content><title>Weekly Discussion - Group 6</title></content></topic><topic id="293"><properties><allow_anon>False</allow_anon><display_order>7</display_order><is_hidden>False</is_hidden><requires_approval>False</requires_approval><must_post_to_participate>False</must_post_to_participate><is_locked>False</is_locked><score_out_of>10</score_out_of><is_auto_score>False</is_auto_score><include_nonscored_values>False</include_nonscored_values><rating_type_id>0</rating_type_id></properties><content><title>Troubleshooting Group</title></content></topic></topics></forum></discussion>