﻿<discussion><forum id="437" resource_code="byui_produ-370316,byui_produ-389695,byui_produ-390297,byui_produ-393101,byui_produ-412013,byui_produ-413164,byui_produ-511061,byui_produ-515780,byui_produ-578495,byui_produ-579228,byui_produ-579933,byui_produ-580265,byui_produ-580334,byui_produ-585857,byui_produ-588982,byui_produ-593864,byui_produ-594188,byui_produ-594511,byui_produ-594867,byui_produ-595385,byui_produ-598488,byui_produ-598698,byui_produ-599356,byui_produ-599702"><properties><allow_anon>False</allow_anon><display_order>74</display_order><is_hidden>False</is_hidden><requires_approval>True</requires_approval><is_locked>False</is_locked><must_post_to_participate>True</must_post_to_participate><show_description_in_topics>False</show_description_in_topics></properties><content><title>Weekly Discussion - Week 2</title></content><topics><topic id="438" resource_code="byui_produ-377886,byui_produ-389696,byui_produ-390298,byui_produ-393102,byui_produ-412014,byui_produ-413165,byui_produ-511062,byui_produ-515781,byui_produ-578496,byui_produ-579229,byui_produ-579934,byui_produ-580266,byui_produ-580335,byui_produ-585858,byui_produ-588983,byui_produ-593865,byui_produ-594189,byui_produ-594512,byui_produ-594868,byui_produ-595386,byui_produ-598489,byui_produ-598699,byui_produ-599357,byui_produ-599703"><properties><allow_anon>False</allow_anon><display_order>1</display_order><is_hidden>False</is_hidden><requires_approval>False</requires_approval><must_post_to_participate>False</must_post_to_participate><is_locked>False</is_locked><is_auto_score>False</is_auto_score><include_nonscored_values>False</include_nonscored_values><rating_type_id>0</rating_type_id></properties><content><title>Weekly Discussion - Group 1</title></content></topic><topic id="439" resource_code="byui_produ-377887,byui_produ-389697,byui_produ-390299,byui_produ-393103,byui_produ-412015,byui_produ-413166,byui_produ-511063,byui_produ-515782,byui_produ-578497,byui_produ-579230,byui_produ-579935,byui_produ-580267,byui_produ-580336,byui_produ-585859,byui_produ-588984,byui_produ-593866,byui_produ-594190,byui_produ-594513,byui_produ-594869,byui_produ-595387,byui_produ-598490,byui_produ-598700,byui_produ-599358,byui_produ-599704"><properties><allow_anon>False</allow_anon><display_order>2</display_order><is_hidden>False</is_hidden><requires_approval>False</requires_approval><must_post_to_participate>False</must_post_to_participate><is_locked>False</is_locked><is_auto_score>False</is_auto_score><include_nonscored_values>False</include_nonscored_values><rating_type_id>0</rating_type_id></properties><content><title>Weekly Discussion - Group 2</title></content></topic><topic id="440" resource_code="byui_produ-377888,byui_produ-389698,byui_produ-390300,byui_produ-393104,byui_produ-412016,byui_produ-413167,byui_produ-511064,byui_produ-515783,byui_produ-578498,byui_produ-579231,byui_produ-579936,byui_produ-580268,byui_produ-580337,byui_produ-585860,byui_produ-588985,byui_produ-593867,byui_produ-594191,byui_produ-594514,byui_produ-594870,byui_produ-595388,byui_produ-598491,byui_produ-598701,byui_produ-599359,byui_produ-599705"><properties><allow_anon>False</allow_anon><display_order>3</display_order><is_hidden>False</is_hidden><requires_approval>False</requires_approval><must_post_to_participate>False</must_post_to_participate><is_locked>False</is_locked><is_auto_score>False</is_auto_score><include_nonscored_values>False</include_nonscored_values><rating_type_id>0</rating_type_id></properties><content><title>Weekly Discussion - Group 3</title></content></topic><topic id="441" resource_code="byui_produ-377889,byui_produ-389699,byui_produ-390301,byui_produ-393105,byui_produ-412017,byui_produ-413168,byui_produ-511065,byui_produ-515784,byui_produ-578499,byui_produ-579232,byui_produ-579937,byui_produ-580269,byui_produ-580338,byui_produ-585861,byui_produ-588986,byui_produ-593868,byui_produ-594192,byui_produ-594515,byui_produ-594871,byui_produ-595389,byui_produ-598492,byui_produ-598702,byui_produ-599360,byui_produ-599706"><properties><allow_anon>False</allow_anon><display_order>4</display_order><is_hidden>False</is_hidden><requires_approval>False</requires_approval><must_post_to_participate>False</must_post_to_participate><is_locked>False</is_locked><is_auto_score>False</is_auto_score><include_nonscored_values>False</include_nonscored_values><rating_type_id>0</rating_type_id></properties><content><title>Weekly Discussion - Group 4</title></content></topic><topic id="442" resource_code="byui_produ-377890,byui_produ-389700,byui_produ-390302,byui_produ-393106,byui_produ-412018,byui_produ-413169,byui_produ-511066,byui_produ-515785,byui_produ-578500,byui_produ-579233,byui_produ-579938,byui_produ-580270,byui_produ-580339,byui_produ-585862,byui_produ-588987,byui_produ-593869,byui_produ-594193,byui_produ-594516,byui_produ-594872,byui_produ-595390,byui_produ-598493,byui_produ-598703,byui_produ-599361,byui_produ-599707"><properties><allow_anon>False</allow_anon><display_order>5</display_order><is_hidden>False</is_hidden><requires_approval>False</requires_approval><must_post_to_participate>False</must_post_to_participate><is_locked>False</is_locked><is_auto_score>False</is_auto_score><include_nonscored_values>False</include_nonscored_values><rating_type_id>0</rating_type_id></properties><content><title>Weekly Discussion - Group 5</title></content></topic><topic id="443" resource_code="byui_produ-377891,byui_produ-389701,byui_produ-390303,byui_produ-393107,byui_produ-412019,byui_produ-413170,byui_produ-511067,byui_produ-515786,byui_produ-578501,byui_produ-579234,byui_produ-579939,byui_produ-580271,byui_produ-580340,byui_produ-585863,byui_produ-588988,byui_produ-593870,byui_produ-594194,byui_produ-594517,byui_produ-594873,byui_produ-595391,byui_produ-598494,byui_produ-598704,byui_produ-599362,byui_produ-599708"><properties><allow_anon>False</allow_anon><display_order>6</display_order><is_hidden>False</is_hidden><requires_approval>False</requires_approval><must_post_to_participate>False</must_post_to_participate><is_locked>False</is_locked><is_auto_score>False</is_auto_score><include_nonscored_values>False</include_nonscored_values><rating_type_id>0</rating_type_id></properties><content><title>Weekly Discussion - Group 6</title></content></topic></topics></forum></discussion>