﻿<grades><schemes><scheme identifier="381" name="BYUI-Standard" short_name="" is_valid="true"><range percent_start="0" assigned_value="0.000000000" symbol="F" color_id="1" /><range percent_start="60" assigned_value="60.000000000" symbol="D-" color_id="1" /><range percent_start="63" assigned_value="63.000000000" symbol="D" color_id="1" /><range percent_start="67" assigned_value="67.000000000" symbol="D+" color_id="1" /><range percent_start="70" assigned_value="70.000000000" symbol="C-" color_id="1" /><range percent_start="73" assigned_value="73.000000000" symbol="C" color_id="1" /><range percent_start="77" assigned_value="77.000000000" symbol="C+" color_id="1" /><range percent_start="80" assigned_value="80.000000000" symbol="B-" color_id="1" /><range percent_start="83" assigned_value="83.000000000" symbol="B" color_id="1" /><range percent_start="87" assigned_value="87.000000000" symbol="B+" color_id="1" /><range percent_start="90" assigned_value="90.000000000" symbol="A-" color_id="1" /><range percent_start="93" assigned_value="93.000000000" symbol="A" color_id="1" /></scheme><scheme identifier="397" name="BYUI-Standard" short_name="" is_valid="true"><range percent_start="0" assigned_value="0.000000000" symbol="F" color_id="1" /><range percent_start="60" assigned_value="60.000000000" symbol="D-" color_id="1" /><range percent_start="63" assigned_value="63.000000000" symbol="D" color_id="1" /><range percent_start="67" assigned_value="67.000000000" symbol="D+" color_id="1" /><range percent_start="70" assigned_value="70.000000000" symbol="C-" color_id="1" /><range percent_start="73" assigned_value="73.000000000" symbol="C" color_id="1" /><range percent_start="77" assigned_value="77.000000000" symbol="C+" color_id="1" /><range percent_start="80" assigned_value="80.000000000" symbol="B-" color_id="1" /><range percent_start="83" assigned_value="83.000000000" symbol="B" color_id="1" /><range percent_start="87" assigned_value="87.000000000" symbol="B+" color_id="1" /><range percent_start="90" assigned_value="90.000000000" symbol="A-" color_id="1" /><range percent_start="93" assigned_value="93.000000000" symbol="A" color_id="1" /></scheme></schemes><configuration><auto_update_final_grade>1</auto_update_final_grade><grading_system>0</grading_system><include_empty_grades_in_final>false</include_empty_grades_in_final><default_scheme>0</default_scheme><show_user_name>0</show_user_name><show_user_email>0</show_user_email></configuration><categories><category id="551" identifier="497758"><name>FDHUM BB8</name><short_name>fdhumbb8</short_name><sort_order>1</sort_order><show_average>false</show_average><show_distribution>false</show_distribution><description text_type="text/html" is_displayed="false" /><is_active>true</is_active><scoring><weight>10</weight><can_exceed_weight>false</can_exceed_weight><WeightDistributionType>0</WeightDistributionType><is_auto_pointed>false</is_auto_pointed><high_non_bonus_drop>0</high_non_bonus_drop><low_non_bonus_drop>0</low_non_bonus_drop><max_item_points>10</max_item_points></scoring></category><category id="552" identifier="497752"><name>FDDA 240</name><short_name>fdda240</short_name><sort_order>27</sort_order><show_average>false</show_average><show_distribution>false</show_distribution><description text_type="text/html" is_displayed="false" /><is_active>true</is_active><scoring><weight>10</weight><can_exceed_weight>false</can_exceed_weight><WeightDistributionType>0</WeightDistributionType><is_auto_pointed>false</is_auto_pointed><high_non_bonus_drop>0</high_non_bonus_drop><low_non_bonus_drop>0</low_non_bonus_drop><max_item_points>10</max_item_points></scoring></category><category id="553" identifier="1454275"><name>FDDA 240</name><short_name>fdda240</short_name><sort_order>33</sort_order><show_average>false</show_average><show_distribution>false</show_distribution><description text_type="text/html" is_displayed="false" /><is_active>true</is_active><scoring><weight>10</weight><can_exceed_weight>false</can_exceed_weight><WeightDistributionType>0</WeightDistributionType><is_auto_pointed>false</is_auto_pointed><high_non_bonus_drop>0</high_non_bonus_drop><low_non_bonus_drop>0</low_non_bonus_drop><max_item_points>10</max_item_points></scoring></category><category id="554" identifier="1454281"><name>FDHUM BB8</name><short_name>fdhumbb8</short_name><sort_order>39</sort_order><show_average>false</show_average><show_distribution>false</show_distribution><description text_type="text/html" is_displayed="false" /><is_active>true</is_active><scoring><weight>10</weight><can_exceed_weight>false</can_exceed_weight><WeightDistributionType>0</WeightDistributionType><is_auto_pointed>false</is_auto_pointed><high_non_bonus_drop>0</high_non_bonus_drop><low_non_bonus_drop>0</low_non_bonus_drop><max_item_points>10</max_item_points></scoring></category><category id="555" identifier="1454305"><name>FDDA 240</name><short_name>fdda240</short_name><sort_order>62</sort_order><show_average>false</show_average><show_distribution>false</show_distribution><description text_type="text/html" is_displayed="false" /><is_active>true</is_active><scoring><weight>10</weight><can_exceed_weight>false</can_exceed_weight><WeightDistributionType>0</WeightDistributionType><is_auto_pointed>false</is_auto_pointed><high_non_bonus_drop>0</high_non_bonus_drop><low_non_bonus_drop>0</low_non_bonus_drop><max_item_points>10</max_item_points></scoring></category><category id="556" identifier="1454311"><name>FDHUM BB8</name><short_name>fdhumbb8</short_name><sort_order>68</sort_order><show_average>false</show_average><show_distribution>false</show_distribution><description text_type="text/html" is_displayed="false" /><is_active>true</is_active><scoring><weight>10</weight><can_exceed_weight>false</can_exceed_weight><WeightDistributionType>0</WeightDistributionType><is_auto_pointed>false</is_auto_pointed><high_non_bonus_drop>0</high_non_bonus_drop><low_non_bonus_drop>0</low_non_bonus_drop><max_item_points>10</max_item_points></scoring></category><category id="557" identifier="1454334"><name>FDDA 240</name><short_name>fdda240</short_name><sort_order>91</sort_order><show_average>false</show_average><show_distribution>false</show_distribution><description text_type="text/html" is_displayed="false" /><is_active>true</is_active><scoring><weight>10</weight><can_exceed_weight>false</can_exceed_weight><WeightDistributionType>0</WeightDistributionType><is_auto_pointed>false</is_auto_pointed><high_non_bonus_drop>0</high_non_bonus_drop><low_non_bonus_drop>0</low_non_bonus_drop><max_item_points>10</max_item_points></scoring></category><category id="558" identifier="1454340"><name>FDHUM BB8</name><short_name>fdhumbb8</short_name><sort_order>97</sort_order><show_average>false</show_average><show_distribution>false</show_distribution><description text_type="text/html" is_displayed="false" /><is_active>true</is_active><scoring><weight>10</weight><can_exceed_weight>false</can_exceed_weight><WeightDistributionType>0</WeightDistributionType><is_auto_pointed>false</is_auto_pointed><high_non_bonus_drop>0</high_non_bonus_drop><low_non_bonus_drop>0</low_non_bonus_drop><max_item_points>10</max_item_points></scoring></category><category id="559" identifier="1454777"><name>FDDA 240</name><short_name>fdda240</short_name><sort_order>120</sort_order><show_average>false</show_average><show_distribution>false</show_distribution><description text_type="text/html" is_displayed="false" /><is_active>true</is_active><scoring><weight>10</weight><can_exceed_weight>false</can_exceed_weight><WeightDistributionType>0</WeightDistributionType><is_auto_pointed>false</is_auto_pointed><high_non_bonus_drop>0</high_non_bonus_drop><low_non_bonus_drop>0</low_non_bonus_drop><max_item_points>10</max_item_points></scoring></category><category id="560" identifier="1454783"><name>FDHUM BB8</name><short_name>fdhumbb8</short_name><sort_order>126</sort_order><show_average>false</show_average><show_distribution>false</show_distribution><description text_type="text/html" is_displayed="false" /><is_active>true</is_active><scoring><weight>10</weight><can_exceed_weight>false</can_exceed_weight><WeightDistributionType>0</WeightDistributionType><is_auto_pointed>false</is_auto_pointed><high_non_bonus_drop>0</high_non_bonus_drop><low_non_bonus_drop>0</low_non_bonus_drop><max_item_points>10</max_item_points></scoring></category></categories><items><item id="561" identifier="497759" resource_code="byui_production-1575065"><category_id>497758</category_id><name>Jedi Quiz 2</name><short_name>JQ2</short_name><sort_order>2</sort_order><show_average>false</show_average><show_distribution>false</show_distribution><description text_type="text/html" is_displayed="false" /><type_id>1</type_id><is_active>true</is_active><scoring><can_exceed_weight>false</can_exceed_weight><out_of>10</out_of><is_bonus>false</is_bonus><max_grade>10</max_grade><exclude_from_final_grade_calc>false</exclude_from_final_grade_calc><is_milestone_grade>false</is_milestone_grade></scoring></item><item id="562" identifier="497760" resource_code="byui_production-1575070"><category_id>497758</category_id><name>Week 04 Reading and Participation Quiz</name><short_name /><sort_order>3</sort_order><show_average>false</show_average><show_distribution>false</show_distribution><description text_type="text/html" is_displayed="false" /><type_id>1</type_id><is_active>true</is_active><scoring><can_exceed_weight>false</can_exceed_weight><out_of>10</out_of><is_bonus>false</is_bonus><max_grade>10</max_grade><exclude_from_final_grade_calc>false</exclude_from_final_grade_calc><is_milestone_grade>false</is_milestone_grade></scoring></item><item id="563" identifier="497761"><category_id>497758</category_id><name>Troubleshooting Ticket #7 DB</name><short_name>Ts#7</short_name><sort_order>4</sort_order><show_average>false</show_average><show_distribution>false</show_distribution><description text_type="text/html" is_displayed="false" /><type_id>1</type_id><is_active>true</is_active><scoring><can_exceed_weight>false</can_exceed_weight><out_of>10</out_of><is_bonus>false</is_bonus><max_grade>10</max_grade><exclude_from_final_grade_calc>false</exclude_from_final_grade_calc><is_milestone_grade>false</is_milestone_grade></scoring></item><item id="564" identifier="497763"><category_id>497758</category_id><name>Troubleshooting #1 Group 2</name><short_name>Ts1G2</short_name><sort_order>5</sort_order><show_average>false</show_average><show_distribution>false</show_distribution><description text_type="text/html" is_displayed="false" /><type_id>1</type_id><is_active>true</is_active><scoring><can_exceed_weight>false</can_exceed_weight><out_of>10</out_of><is_bonus>false</is_bonus><max_grade>10</max_grade><exclude_from_final_grade_calc>false</exclude_from_final_grade_calc><is_milestone_grade>false</is_milestone_grade></scoring></item><item id="565" identifier="497764"><category_id>497758</category_id><name>Troubleshooting #1 Group 3</name><short_name>Ts1G3</short_name><sort_order>6</sort_order><show_average>false</show_average><show_distribution>false</show_distribution><description text_type="text/html" is_displayed="false" /><type_id>1</type_id><is_active>true</is_active><scoring><can_exceed_weight>false</can_exceed_weight><out_of>10</out_of><is_bonus>false</is_bonus><max_grade>10</max_grade><exclude_from_final_grade_calc>false</exclude_from_final_grade_calc><is_milestone_grade>false</is_milestone_grade></scoring></item><item id="566" identifier="497765"><category_id>497758</category_id><name>Troubleshooting #1 Group 4</name><short_name>Ts1G4</short_name><sort_order>7</sort_order><show_average>false</show_average><show_distribution>false</show_distribution><description text_type="text/html" is_displayed="false" /><type_id>1</type_id><is_active>true</is_active><scoring><can_exceed_weight>false</can_exceed_weight><out_of>10</out_of><is_bonus>false</is_bonus><max_grade>10</max_grade><exclude_from_final_grade_calc>false</exclude_from_final_grade_calc><is_milestone_grade>false</is_milestone_grade></scoring></item><item id="567" identifier="497766"><category_id>497758</category_id><name>Troubleshooting #8 Group 1</name><short_name>Ts8G1</short_name><sort_order>8</sort_order><show_average>false</show_average><show_distribution>false</show_distribution><description text_type="text/html" is_displayed="false" /><type_id>1</type_id><is_active>true</is_active><scoring><can_exceed_weight>false</can_exceed_weight><out_of>10</out_of><is_bonus>false</is_bonus><max_grade>10</max_grade><exclude_from_final_grade_calc>false</exclude_from_final_grade_calc><is_milestone_grade>false</is_milestone_grade></scoring></item><item id="568" identifier="497767"><category_id>497758</category_id><name>Troubleshooting #8 Group 2</name><short_name>Ts8G2</short_name><sort_order>9</sort_order><show_average>false</show_average><show_distribution>false</show_distribution><description text_type="text/html" is_displayed="false" /><type_id>1</type_id><is_active>true</is_active><scoring><can_exceed_weight>false</can_exceed_weight><out_of>10</out_of><is_bonus>false</is_bonus><max_grade>10</max_grade><exclude_from_final_grade_calc>false</exclude_from_final_grade_calc><is_milestone_grade>false</is_milestone_grade></scoring></item><item id="569" identifier="497768"><category_id>497758</category_id><name>Troubleshooting #8 Group 3</name><short_name>Ts8G3</short_name><sort_order>10</sort_order><show_average>false</show_average><show_distribution>false</show_distribution><description text_type="text/html" is_displayed="false" /><type_id>1</type_id><is_active>true</is_active><scoring><can_exceed_weight>false</can_exceed_weight><out_of>10</out_of><is_bonus>false</is_bonus><max_grade>10</max_grade><exclude_from_final_grade_calc>false</exclude_from_final_grade_calc><is_milestone_grade>false</is_milestone_grade></scoring></item><item id="570" identifier="497769"><category_id>497758</category_id><name>Troubleshooting #8 Group 4</name><short_name>Ts8G4</short_name><sort_order>11</sort_order><show_average>false</show_average><show_distribution>false</show_distribution><description text_type="text/html" is_displayed="false" /><type_id>1</type_id><is_active>true</is_active><scoring><can_exceed_weight>false</can_exceed_weight><out_of>10</out_of><is_bonus>false</is_bonus><max_grade>10</max_grade><exclude_from_final_grade_calc>false</exclude_from_final_grade_calc><is_milestone_grade>false</is_milestone_grade></scoring></item><item id="571" identifier="497770"><category_id>497758</category_id><name>Troubleshooting #9 Group 1</name><short_name>Ts9G1</short_name><sort_order>12</sort_order><show_average>false</show_average><show_distribution>false</show_distribution><description text_type="text/html" is_displayed="false" /><type_id>1</type_id><is_active>true</is_active><scoring><can_exceed_weight>false</can_exceed_weight><out_of>10</out_of><is_bonus>false</is_bonus><max_grade>10</max_grade><exclude_from_final_grade_calc>false</exclude_from_final_grade_calc><is_milestone_grade>false</is_milestone_grade></scoring></item><item id="572" identifier="497771"><category_id>497758</category_id><name>Troubleshooting #9 Group 2</name><short_name>Ts9G2</short_name><sort_order>13</sort_order><show_average>false</show_average><show_distribution>false</show_distribution><description text_type="text/html" is_displayed="false" /><type_id>1</type_id><is_active>true</is_active><scoring><can_exceed_weight>false</can_exceed_weight><out_of>10</out_of><is_bonus>false</is_bonus><max_grade>10</max_grade><exclude_from_final_grade_calc>false</exclude_from_final_grade_calc><is_milestone_grade>false</is_milestone_grade></scoring></item><item id="573" identifier="497772"><category_id>497758</category_id><name>Troubleshooting #9 Group 3</name><short_name>Ts9G3</short_name><sort_order>14</sort_order><show_average>false</show_average><show_distribution>false</show_distribution><description text_type="text/html" is_displayed="false" /><type_id>1</type_id><is_active>true</is_active><scoring><can_exceed_weight>false</can_exceed_weight><out_of>10</out_of><is_bonus>false</is_bonus><max_grade>10</max_grade><exclude_from_final_grade_calc>false</exclude_from_final_grade_calc><is_milestone_grade>false</is_milestone_grade></scoring></item><item id="574" identifier="497773"><category_id>497758</category_id><name>Troubleshooting #9 Group 4</name><short_name>Ts9G4</short_name><sort_order>15</sort_order><show_average>false</show_average><show_distribution>false</show_distribution><description text_type="text/html" is_displayed="false" /><type_id>1</type_id><is_active>true</is_active><scoring><can_exceed_weight>false</can_exceed_weight><out_of>10</out_of><is_bonus>false</is_bonus><max_grade>10</max_grade><exclude_from_final_grade_calc>false</exclude_from_final_grade_calc><is_milestone_grade>false</is_milestone_grade></scoring></item><item id="575" identifier="542800"><category_id>497758</category_id><name>JJ - Force Discussion - Group 1</name><short_name>W6DBG1</short_name><sort_order>16</sort_order><show_average>false</show_average><show_distribution>false</show_distribution><description text_type="text/html" is_displayed="false" /><type_id>1</type_id><is_active>true</is_active><scoring><can_exceed_weight>false</can_exceed_weight><out_of>10</out_of><is_bonus>false</is_bonus><max_grade>10</max_grade><exclude_from_final_grade_calc>false</exclude_from_final_grade_calc><is_milestone_grade>false</is_milestone_grade></scoring></item><item id="576" identifier="542812"><category_id>497758</category_id><name>JJ - Force Discussion - Group 2</name><short_name>W6DBG2</short_name><sort_order>17</sort_order><show_average>false</show_average><show_distribution>false</show_distribution><description text_type="text/html" is_displayed="false" /><type_id>1</type_id><is_active>true</is_active><scoring><can_exceed_weight>false</can_exceed_weight><out_of>10</out_of><is_bonus>false</is_bonus><max_grade>10</max_grade><exclude_from_final_grade_calc>false</exclude_from_final_grade_calc><is_milestone_grade>false</is_milestone_grade></scoring></item><item id="577" identifier="542813"><category_id>497758</category_id><name>JJ - Force Discussion - Group 3</name><short_name>W6DBG3</short_name><sort_order>18</sort_order><show_average>false</show_average><show_distribution>false</show_distribution><description text_type="text/html" is_displayed="false" /><type_id>1</type_id><is_active>true</is_active><scoring><can_exceed_weight>false</can_exceed_weight><out_of>10</out_of><is_bonus>false</is_bonus><max_grade>10</max_grade><exclude_from_final_grade_calc>false</exclude_from_final_grade_calc><is_milestone_grade>false</is_milestone_grade></scoring></item><item id="578" identifier="542816"><category_id>497758</category_id><name>JJ - Force Discussion - Group 4</name><short_name>W6DBG4</short_name><sort_order>19</sort_order><show_average>false</show_average><show_distribution>false</show_distribution><description text_type="text/html" is_displayed="false" /><type_id>1</type_id><is_active>true</is_active><scoring><can_exceed_weight>false</can_exceed_weight><out_of>10</out_of><is_bonus>false</is_bonus><max_grade>10</max_grade><exclude_from_final_grade_calc>false</exclude_from_final_grade_calc><is_milestone_grade>false</is_milestone_grade></scoring></item><item id="579" identifier="542817"><category_id>497758</category_id><name>JJ - Force Discussion - Group 5</name><short_name>W6DBG5</short_name><sort_order>20</sort_order><show_average>false</show_average><show_distribution>false</show_distribution><description text_type="text/html" is_displayed="false" /><type_id>1</type_id><is_active>true</is_active><scoring><can_exceed_weight>false</can_exceed_weight><out_of>10</out_of><is_bonus>false</is_bonus><max_grade>10</max_grade><exclude_from_final_grade_calc>false</exclude_from_final_grade_calc><is_milestone_grade>false</is_milestone_grade></scoring></item><item id="580" identifier="551888"><category_id>497758</category_id><name>Lesson 05 - Discussion Board Group 01</name><short_name>L5DBG1</short_name><sort_order>21</sort_order><show_average>false</show_average><show_distribution>false</show_distribution><description text_type="text/html" is_displayed="false" /><type_id>1</type_id><is_active>true</is_active><scoring><can_exceed_weight>false</can_exceed_weight><out_of>15</out_of><is_bonus>false</is_bonus><max_grade>10</max_grade><exclude_from_final_grade_calc>false</exclude_from_final_grade_calc><is_milestone_grade>false</is_milestone_grade></scoring></item><item id="581" identifier="551890"><category_id>497758</category_id><name>Lesson 05 - Discussion Board Group 02</name><short_name>L5DBG2</short_name><sort_order>22</sort_order><show_average>false</show_average><show_distribution>false</show_distribution><description text_type="text/html" is_displayed="false" /><type_id>1</type_id><is_active>true</is_active><scoring><can_exceed_weight>false</can_exceed_weight><out_of>15</out_of><is_bonus>false</is_bonus><max_grade>10</max_grade><exclude_from_final_grade_calc>false</exclude_from_final_grade_calc><is_milestone_grade>false</is_milestone_grade></scoring></item><item id="582" identifier="551893"><category_id>497758</category_id><name>Lesson 05 - Discussion Board Group 03</name><short_name>L5DBG3</short_name><sort_order>23</sort_order><show_average>false</show_average><show_distribution>false</show_distribution><description text_type="text/html" is_displayed="false" /><type_id>1</type_id><is_active>true</is_active><scoring><can_exceed_weight>false</can_exceed_weight><out_of>15</out_of><is_bonus>false</is_bonus><max_grade>10</max_grade><exclude_from_final_grade_calc>false</exclude_from_final_grade_calc><is_milestone_grade>false</is_milestone_grade></scoring></item><item id="583" identifier="1402999" resource_code="byui_production-1575099"><category_id>497758</category_id><name>Quiz 01</name><short_name /><sort_order>24</sort_order><show_average>false</show_average><show_distribution>false</show_distribution><description text_type="text/html" is_displayed="false" /><type_id>1</type_id><is_active>true</is_active><scoring><can_exceed_weight>false</can_exceed_weight><out_of>5</out_of><is_bonus>false</is_bonus><max_grade>10</max_grade><exclude_from_final_grade_calc>false</exclude_from_final_grade_calc><is_milestone_grade>false</is_milestone_grade></scoring></item><item id="584" identifier="1403770"><category_id>497758</category_id><name>Chapter 02 Charms</name><short_name>02 Charms</short_name><sort_order>25</sort_order><show_average>false</show_average><show_distribution>false</show_distribution><description text_type="text/html" is_displayed="false" /><type_id>1</type_id><is_active>true</is_active><scoring><can_exceed_weight>false</can_exceed_weight><out_of>10</out_of><is_bonus>false</is_bonus><max_grade>10</max_grade><exclude_from_final_grade_calc>false</exclude_from_final_grade_calc><is_milestone_grade>false</is_milestone_grade></scoring></item><item id="585" identifier="1403852"><category_id>497758</category_id><name>Lesson 03 Discussion Group 1</name><short_name>L03 Discussion 1</short_name><sort_order>26</sort_order><show_average>false</show_average><show_distribution>false</show_distribution><description text_type="text/html" is_displayed="false" /><type_id>1</type_id><is_active>true</is_active><scoring><can_exceed_weight>false</can_exceed_weight><out_of>10</out_of><is_bonus>false</is_bonus><max_grade>10</max_grade><exclude_from_final_grade_calc>false</exclude_from_final_grade_calc><is_milestone_grade>false</is_milestone_grade></scoring></item><item id="586" identifier="497753" resource_code="byui_production-1575063"><category_id>497752</category_id><name>L01: Chapter 1 Quiz</name><short_name>L1:C1Q</short_name><sort_order>28</sort_order><show_average>false</show_average><show_distribution>false</show_distribution><description text_type="text/html" is_displayed="false" /><type_id>1</type_id><is_active>true</is_active><scoring><can_exceed_weight>false</can_exceed_weight><out_of>10</out_of><is_bonus>false</is_bonus><max_grade>10</max_grade><exclude_from_final_grade_calc>false</exclude_from_final_grade_calc><is_milestone_grade>false</is_milestone_grade></scoring></item><item id="587" identifier="497754"><category_id>497752</category_id><name>Chapter 01 Transfiguration</name><short_name>C01 T</short_name><sort_order>29</sort_order><show_average>false</show_average><show_distribution>false</show_distribution><description text_type="text/html" is_displayed="false" /><type_id>1</type_id><is_active>true</is_active><scoring><can_exceed_weight>false</can_exceed_weight><out_of>10</out_of><is_bonus>false</is_bonus><max_grade>10</max_grade><exclude_from_final_grade_calc>false</exclude_from_final_grade_calc><is_milestone_grade>false</is_milestone_grade></scoring></item><item id="588" identifier="497755" resource_code="byui_production-1575285"><category_id>497752</category_id><name>Chapter 01 Charms</name><short_name>C01 C</short_name><sort_order>30</sort_order><show_average>false</show_average><show_distribution>false</show_distribution><description text_type="text/html" is_displayed="false" /><type_id>1</type_id><is_active>true</is_active><scoring><can_exceed_weight>false</can_exceed_weight><out_of>10</out_of><is_bonus>false</is_bonus><max_grade>10</max_grade><exclude_from_final_grade_calc>false</exclude_from_final_grade_calc><is_milestone_grade>false</is_milestone_grade></scoring></item><item id="589" identifier="497756" resource_code="byui_production-1575273"><category_id>497752</category_id><name>Muggle Vampire Documentary</name><short_name>MVD</short_name><sort_order>31</sort_order><show_average>false</show_average><show_distribution>false</show_distribution><description text_type="text/html" is_displayed="false" /><type_id>1</type_id><is_active>true</is_active><scoring><can_exceed_weight>false</can_exceed_weight><out_of>15</out_of><is_bonus>false</is_bonus><max_grade>10</max_grade><exclude_from_final_grade_calc>false</exclude_from_final_grade_calc><is_milestone_grade>false</is_milestone_grade></scoring></item><item id="590" identifier="497757" resource_code="byui_production-1575064"><category_id>497752</category_id><name>Quiz 2</name><short_name>Q2</short_name><sort_order>32</sort_order><show_average>false</show_average><show_distribution>false</show_distribution><description text_type="text/html" is_displayed="false" /><type_id>1</type_id><is_active>true</is_active><scoring><can_exceed_weight>false</can_exceed_weight><out_of>10</out_of><is_bonus>false</is_bonus><max_grade>10</max_grade><exclude_from_final_grade_calc>false</exclude_from_final_grade_calc><is_milestone_grade>false</is_milestone_grade></scoring></item><item id="591" identifier="1454276" resource_code="byui_production-1575072"><category_id>1454275</category_id><name>L01: Chapter 1 Quiz</name><short_name>L1:C1Q</short_name><sort_order>34</sort_order><show_average>false</show_average><show_distribution>false</show_distribution><description text_type="text/html" is_displayed="false" /><type_id>1</type_id><is_active>true</is_active><scoring><can_exceed_weight>false</can_exceed_weight><out_of>10</out_of><is_bonus>false</is_bonus><max_grade>10</max_grade><exclude_from_final_grade_calc>false</exclude_from_final_grade_calc><is_milestone_grade>false</is_milestone_grade></scoring></item><item id="592" identifier="1454277" resource_code="byui_production-1575274"><category_id>1454275</category_id><name>Chapter 01 Transfiguration</name><short_name>C01 T</short_name><sort_order>35</sort_order><show_average>false</show_average><show_distribution>false</show_distribution><description text_type="text/html" is_displayed="false" /><type_id>1</type_id><is_active>true</is_active><scoring><can_exceed_weight>false</can_exceed_weight><out_of>100</out_of><is_bonus>false</is_bonus><max_grade>10</max_grade><exclude_from_final_grade_calc>false</exclude_from_final_grade_calc><is_milestone_grade>false</is_milestone_grade></scoring></item><item id="593" identifier="1454278" resource_code="byui_production-1575081"><category_id>1454275</category_id><name>Chapter 01 Charms</name><short_name>C01 C</short_name><sort_order>36</sort_order><show_average>false</show_average><show_distribution>false</show_distribution><description text_type="text/html" is_displayed="false" /><type_id>1</type_id><is_active>true</is_active><scoring><can_exceed_weight>false</can_exceed_weight><out_of>10</out_of><is_bonus>false</is_bonus><max_grade>10</max_grade><exclude_from_final_grade_calc>false</exclude_from_final_grade_calc><is_milestone_grade>false</is_milestone_grade></scoring></item><item id="594" identifier="1454279" resource_code="byui_production-1575075"><category_id>1454275</category_id><name>Muggle Vampire Documentary</name><short_name>MVD</short_name><sort_order>37</sort_order><show_average>false</show_average><show_distribution>false</show_distribution><description text_type="text/html" is_displayed="false" /><type_id>1</type_id><is_active>true</is_active><scoring><can_exceed_weight>false</can_exceed_weight><out_of>15</out_of><is_bonus>false</is_bonus><max_grade>10</max_grade><exclude_from_final_grade_calc>false</exclude_from_final_grade_calc><is_milestone_grade>false</is_milestone_grade></scoring></item><item id="595" identifier="1454280" resource_code="byui_production-1575073"><category_id>1454275</category_id><name>Quiz 2</name><short_name>Q2</short_name><sort_order>38</sort_order><show_average>false</show_average><show_distribution>false</show_distribution><description text_type="text/html" is_displayed="false" /><type_id>1</type_id><is_active>true</is_active><scoring><can_exceed_weight>false</can_exceed_weight><out_of>10</out_of><is_bonus>false</is_bonus><max_grade>10</max_grade><exclude_from_final_grade_calc>false</exclude_from_final_grade_calc><is_milestone_grade>false</is_milestone_grade></scoring></item><item id="596" identifier="1454282" resource_code="byui_production-1575076"><category_id>1454281</category_id><name>Jedi Quiz 2</name><short_name>JQ2</short_name><sort_order>40</sort_order><show_average>false</show_average><show_distribution>false</show_distribution><description text_type="text/html" is_displayed="false" /><type_id>1</type_id><is_active>true</is_active><scoring><can_exceed_weight>true</can_exceed_weight><out_of>10</out_of><is_bonus>true</is_bonus><max_grade>10</max_grade><exclude_from_final_grade_calc>false</exclude_from_final_grade_calc><is_milestone_grade>false</is_milestone_grade></scoring></item><item id="597" identifier="1454283" resource_code="byui_production-1575082"><category_id>1454281</category_id><name>Week 04 Reading and Participation Quiz</name><short_name /><sort_order>41</sort_order><show_average>false</show_average><show_distribution>false</show_distribution><description text_type="text/html" is_displayed="false" /><type_id>1</type_id><is_active>true</is_active><scoring><can_exceed_weight>false</can_exceed_weight><out_of>10</out_of><is_bonus>false</is_bonus><max_grade>10</max_grade><exclude_from_final_grade_calc>false</exclude_from_final_grade_calc><is_milestone_grade>false</is_milestone_grade></scoring></item><item id="598" identifier="1454284" resource_code="byui_production-1575122"><category_id>1454281</category_id><name>Troubleshooting #1 Group 1</name><short_name>Ts1G1</short_name><sort_order>42</sort_order><show_average>false</show_average><show_distribution>false</show_distribution><description text_type="text/html" is_displayed="false" /><type_id>1</type_id><is_active>true</is_active><scoring><can_exceed_weight>false</can_exceed_weight><out_of>10</out_of><is_bonus>false</is_bonus><max_grade>10</max_grade><exclude_from_final_grade_calc>false</exclude_from_final_grade_calc><is_milestone_grade>false</is_milestone_grade></scoring></item><item id="599" identifier="1454285" resource_code="byui_production-1575124"><category_id>1454281</category_id><name>Troubleshooting #1 Group 2</name><short_name>Ts1G2</short_name><sort_order>43</sort_order><show_average>false</show_average><show_distribution>false</show_distribution><description text_type="text/html" is_displayed="false" /><type_id>1</type_id><is_active>true</is_active><scoring><can_exceed_weight>false</can_exceed_weight><out_of>10</out_of><is_bonus>false</is_bonus><max_grade>10</max_grade><exclude_from_final_grade_calc>false</exclude_from_final_grade_calc><is_milestone_grade>false</is_milestone_grade></scoring></item><item id="600" identifier="1454286" resource_code="byui_production-1575126"><category_id>1454281</category_id><name>Troubleshooting #1 Group 3</name><short_name>Ts1G3</short_name><sort_order>44</sort_order><show_average>false</show_average><show_distribution>false</show_distribution><description text_type="text/html" is_displayed="false" /><type_id>1</type_id><is_active>true</is_active><scoring><can_exceed_weight>false</can_exceed_weight><out_of>10</out_of><is_bonus>false</is_bonus><max_grade>10</max_grade><exclude_from_final_grade_calc>false</exclude_from_final_grade_calc><is_milestone_grade>false</is_milestone_grade></scoring></item><item id="601" identifier="1454287" resource_code="byui_production-1575128"><category_id>1454281</category_id><name>Troubleshooting #1 Group 4</name><short_name>Ts1G4</short_name><sort_order>45</sort_order><show_average>false</show_average><show_distribution>false</show_distribution><description text_type="text/html" is_displayed="false" /><type_id>1</type_id><is_active>true</is_active><scoring><can_exceed_weight>false</can_exceed_weight><out_of>10</out_of><is_bonus>false</is_bonus><max_grade>10</max_grade><exclude_from_final_grade_calc>false</exclude_from_final_grade_calc><is_milestone_grade>false</is_milestone_grade></scoring></item><item id="602" identifier="1454288" resource_code="byui_production-1575151"><category_id>1454281</category_id><name>Troubleshooting #8 Group 1</name><short_name>Ts8G1</short_name><sort_order>46</sort_order><show_average>false</show_average><show_distribution>false</show_distribution><description text_type="text/html" is_displayed="false" /><type_id>1</type_id><is_active>true</is_active><scoring><can_exceed_weight>false</can_exceed_weight><out_of>10</out_of><is_bonus>false</is_bonus><max_grade>10</max_grade><exclude_from_final_grade_calc>false</exclude_from_final_grade_calc><is_milestone_grade>false</is_milestone_grade></scoring></item><item id="603" identifier="1454289" resource_code="byui_production-1575153"><category_id>1454281</category_id><name>Troubleshooting #8 Group 2</name><short_name>Ts8G2</short_name><sort_order>47</sort_order><show_average>false</show_average><show_distribution>false</show_distribution><description text_type="text/html" is_displayed="false" /><type_id>1</type_id><is_active>true</is_active><scoring><can_exceed_weight>false</can_exceed_weight><out_of>10</out_of><is_bonus>false</is_bonus><max_grade>10</max_grade><exclude_from_final_grade_calc>false</exclude_from_final_grade_calc><is_milestone_grade>false</is_milestone_grade></scoring></item><item id="604" identifier="1454290" resource_code="byui_production-1575157"><category_id>1454281</category_id><name>Troubleshooting #8 Group 3</name><short_name>Ts8G3</short_name><sort_order>48</sort_order><show_average>false</show_average><show_distribution>false</show_distribution><description text_type="text/html" is_displayed="false" /><type_id>1</type_id><is_active>true</is_active><scoring><can_exceed_weight>false</can_exceed_weight><out_of>10</out_of><is_bonus>false</is_bonus><max_grade>10</max_grade><exclude_from_final_grade_calc>false</exclude_from_final_grade_calc><is_milestone_grade>false</is_milestone_grade></scoring></item><item id="605" identifier="1454291" resource_code="byui_production-1575155"><category_id>1454281</category_id><name>Troubleshooting #8 Group 4</name><short_name>Ts8G4</short_name><sort_order>49</sort_order><show_average>false</show_average><show_distribution>false</show_distribution><description text_type="text/html" is_displayed="false" /><type_id>1</type_id><is_active>true</is_active><scoring><can_exceed_weight>false</can_exceed_weight><out_of>10</out_of><is_bonus>false</is_bonus><max_grade>10</max_grade><exclude_from_final_grade_calc>false</exclude_from_final_grade_calc><is_milestone_grade>false</is_milestone_grade></scoring></item><item id="606" identifier="1454292" resource_code="byui_production-1575159"><category_id>1454281</category_id><name>Troubleshooting #9 Group 1</name><short_name>Ts9G1</short_name><sort_order>50</sort_order><show_average>false</show_average><show_distribution>false</show_distribution><description text_type="text/html" is_displayed="false" /><type_id>1</type_id><is_active>true</is_active><scoring><can_exceed_weight>false</can_exceed_weight><out_of>10</out_of><is_bonus>false</is_bonus><max_grade>10</max_grade><exclude_from_final_grade_calc>false</exclude_from_final_grade_calc><is_milestone_grade>false</is_milestone_grade></scoring></item><item id="607" identifier="1454293" resource_code="byui_production-1575161"><category_id>1454281</category_id><name>Troubleshooting #9 Group 2</name><short_name>Ts9G2</short_name><sort_order>51</sort_order><show_average>false</show_average><show_distribution>false</show_distribution><description text_type="text/html" is_displayed="false" /><type_id>1</type_id><is_active>true</is_active><scoring><can_exceed_weight>false</can_exceed_weight><out_of>10</out_of><is_bonus>false</is_bonus><max_grade>10</max_grade><exclude_from_final_grade_calc>false</exclude_from_final_grade_calc><is_milestone_grade>false</is_milestone_grade></scoring></item><item id="608" identifier="1454294" resource_code="byui_production-1575163"><category_id>1454281</category_id><name>Troubleshooting #9 Group 3</name><short_name>Ts9G3</short_name><sort_order>52</sort_order><show_average>false</show_average><show_distribution>false</show_distribution><description text_type="text/html" is_displayed="false" /><type_id>1</type_id><is_active>true</is_active><scoring><can_exceed_weight>false</can_exceed_weight><out_of>10</out_of><is_bonus>false</is_bonus><max_grade>10</max_grade><exclude_from_final_grade_calc>false</exclude_from_final_grade_calc><is_milestone_grade>false</is_milestone_grade></scoring></item><item id="609" identifier="1454295" resource_code="byui_production-1575165"><category_id>1454281</category_id><name>Troubleshooting #9 Group 4</name><short_name>Ts9G4</short_name><sort_order>53</sort_order><show_average>false</show_average><show_distribution>false</show_distribution><description text_type="text/html" is_displayed="false" /><type_id>1</type_id><is_active>true</is_active><scoring><can_exceed_weight>false</can_exceed_weight><out_of>10</out_of><is_bonus>false</is_bonus><max_grade>10</max_grade><exclude_from_final_grade_calc>false</exclude_from_final_grade_calc><is_milestone_grade>false</is_milestone_grade></scoring></item><item id="610" identifier="1454296" resource_code="byui_production-1575171"><category_id>1454281</category_id><name>JB - Force Discussion - Group 01</name><short_name>JB-G1</short_name><sort_order>54</sort_order><show_average>false</show_average><show_distribution>false</show_distribution><description text_type="text/html" is_displayed="false" /><type_id>1</type_id><is_active>true</is_active><scoring><can_exceed_weight>false</can_exceed_weight><out_of>10</out_of><is_bonus>false</is_bonus><max_grade>10</max_grade><exclude_from_final_grade_calc>false</exclude_from_final_grade_calc><is_milestone_grade>false</is_milestone_grade></scoring></item><item id="611" identifier="1454297" resource_code="byui_production-1575173"><category_id>1454281</category_id><name>JB - Force Discussion - Group 02</name><short_name>JB-G2</short_name><sort_order>55</sort_order><show_average>false</show_average><show_distribution>false</show_distribution><description text_type="text/html" is_displayed="false" /><type_id>1</type_id><is_active>true</is_active><scoring><can_exceed_weight>false</can_exceed_weight><out_of>10</out_of><is_bonus>false</is_bonus><max_grade>10</max_grade><exclude_from_final_grade_calc>false</exclude_from_final_grade_calc><is_milestone_grade>false</is_milestone_grade></scoring></item><item id="612" identifier="1454298" resource_code="byui_production-1575175"><category_id>1454281</category_id><name>JB - Force Discussion - Group 03</name><short_name>JB-G3</short_name><sort_order>56</sort_order><show_average>false</show_average><show_distribution>false</show_distribution><description text_type="text/html" is_displayed="false" /><type_id>1</type_id><is_active>true</is_active><scoring><can_exceed_weight>false</can_exceed_weight><out_of>10</out_of><is_bonus>false</is_bonus><max_grade>10</max_grade><exclude_from_final_grade_calc>false</exclude_from_final_grade_calc><is_milestone_grade>false</is_milestone_grade></scoring></item><item id="613" identifier="1454299" resource_code="byui_production-1575177"><category_id>1454281</category_id><name>JB - Force Discussion - Group 04 </name><short_name>JB-G4</short_name><sort_order>57</sort_order><show_average>false</show_average><show_distribution>false</show_distribution><description text_type="text/html" is_displayed="false" /><type_id>1</type_id><is_active>true</is_active><scoring><can_exceed_weight>false</can_exceed_weight><out_of>10</out_of><is_bonus>false</is_bonus><max_grade>10</max_grade><exclude_from_final_grade_calc>false</exclude_from_final_grade_calc><is_milestone_grade>false</is_milestone_grade></scoring></item><item id="614" identifier="1454300" resource_code="byui_production-1575179"><category_id>1454281</category_id><name>JB - Force Discussion - Group 05</name><short_name>JB-G5</short_name><sort_order>58</sort_order><show_average>false</show_average><show_distribution>false</show_distribution><description text_type="text/html" is_displayed="false" /><type_id>1</type_id><is_active>true</is_active><scoring><can_exceed_weight>false</can_exceed_weight><out_of>10</out_of><is_bonus>false</is_bonus><max_grade>10</max_grade><exclude_from_final_grade_calc>false</exclude_from_final_grade_calc><is_milestone_grade>false</is_milestone_grade></scoring></item><item id="615" identifier="1454301" resource_code="byui_production-1575084"><name>Test quiz</name><short_name>test</short_name><sort_order>59</sort_order><show_average>false</show_average><show_distribution>false</show_distribution><description text_type="text/html" is_displayed="false" /><type_id>1</type_id><is_active>true</is_active><scoring><can_exceed_weight>false</can_exceed_weight><out_of>5</out_of><is_bonus>false</is_bonus><max_grade>10</max_grade><exclude_from_final_grade_calc>false</exclude_from_final_grade_calc><is_milestone_grade>false</is_milestone_grade></scoring></item><item id="616" identifier="1454302" resource_code="byui_production-1575181"><name>Test</name><short_name>TEST</short_name><sort_order>60</sort_order><show_average>false</show_average><show_distribution>false</show_distribution><description text_type="text/html" is_displayed="false" /><type_id>1</type_id><is_active>true</is_active><scoring><can_exceed_weight>false</can_exceed_weight><out_of>10</out_of><is_bonus>false</is_bonus><max_grade>10</max_grade><exclude_from_final_grade_calc>false</exclude_from_final_grade_calc><is_milestone_grade>false</is_milestone_grade></scoring></item><item id="617" identifier="1454303" resource_code="byui_production-1575183"><name>Scott</name><short_name>SC</short_name><sort_order>61</sort_order><show_average>false</show_average><show_distribution>false</show_distribution><description text_type="text/html" is_displayed="false" /><type_id>1</type_id><is_active>true</is_active><scoring><can_exceed_weight>false</can_exceed_weight><out_of>10</out_of><is_bonus>false</is_bonus><max_grade>10</max_grade><exclude_from_final_grade_calc>false</exclude_from_final_grade_calc><is_milestone_grade>false</is_milestone_grade></scoring></item><item id="618" identifier="1454306" resource_code="byui_production-1575086"><category_id>1454305</category_id><name>L01: Chapter 1 Quiz</name><short_name>L1:C1Q</short_name><sort_order>63</sort_order><show_average>false</show_average><show_distribution>false</show_distribution><description text_type="text/html" is_displayed="false" /><type_id>1</type_id><is_active>true</is_active><scoring><can_exceed_weight>false</can_exceed_weight><out_of>10</out_of><is_bonus>false</is_bonus><max_grade>10</max_grade><exclude_from_final_grade_calc>false</exclude_from_final_grade_calc><is_milestone_grade>false</is_milestone_grade></scoring></item><item id="619" identifier="1454307" resource_code="byui_production-1575279"><category_id>1454305</category_id><name>Chapter 01 Transfiguration</name><short_name>C01 T</short_name><sort_order>64</sort_order><show_average>false</show_average><show_distribution>false</show_distribution><description text_type="text/html" is_displayed="false" /><type_id>1</type_id><is_active>true</is_active><scoring><can_exceed_weight>false</can_exceed_weight><out_of>100</out_of><is_bonus>false</is_bonus><max_grade>10</max_grade><exclude_from_final_grade_calc>false</exclude_from_final_grade_calc><is_milestone_grade>false</is_milestone_grade></scoring></item><item id="620" identifier="1454308" resource_code="byui_production-1575094"><category_id>1454305</category_id><name>Chapter 01 Charms</name><short_name>C01 C</short_name><sort_order>65</sort_order><show_average>false</show_average><show_distribution>false</show_distribution><description text_type="text/html" is_displayed="false" /><type_id>1</type_id><is_active>true</is_active><scoring><can_exceed_weight>false</can_exceed_weight><out_of>10</out_of><is_bonus>false</is_bonus><max_grade>10</max_grade><exclude_from_final_grade_calc>false</exclude_from_final_grade_calc><is_milestone_grade>false</is_milestone_grade></scoring></item><item id="621" identifier="1454309" resource_code="byui_production-1575089"><category_id>1454305</category_id><name>Muggle Vampire Documentary</name><short_name>MVD</short_name><sort_order>66</sort_order><show_average>false</show_average><show_distribution>false</show_distribution><description text_type="text/html" is_displayed="false" /><type_id>1</type_id><is_active>true</is_active><scoring><can_exceed_weight>false</can_exceed_weight><out_of>15</out_of><is_bonus>false</is_bonus><max_grade>10</max_grade><exclude_from_final_grade_calc>false</exclude_from_final_grade_calc><is_milestone_grade>false</is_milestone_grade></scoring></item><item id="622" identifier="1454310" resource_code="byui_production-1575087"><category_id>1454305</category_id><name>Quiz 2</name><short_name>Q2</short_name><sort_order>67</sort_order><show_average>false</show_average><show_distribution>false</show_distribution><description text_type="text/html" is_displayed="false" /><type_id>1</type_id><is_active>true</is_active><scoring><can_exceed_weight>false</can_exceed_weight><out_of>10</out_of><is_bonus>false</is_bonus><max_grade>10</max_grade><exclude_from_final_grade_calc>false</exclude_from_final_grade_calc><is_milestone_grade>false</is_milestone_grade></scoring></item><item id="623" identifier="1454312" resource_code="byui_production-1575090"><category_id>1454311</category_id><name>Jedi Quiz 2</name><short_name>JQ2</short_name><sort_order>69</sort_order><show_average>false</show_average><show_distribution>false</show_distribution><description text_type="text/html" is_displayed="false" /><type_id>1</type_id><is_active>true</is_active><scoring><can_exceed_weight>true</can_exceed_weight><out_of>10</out_of><is_bonus>true</is_bonus><max_grade>10</max_grade><exclude_from_final_grade_calc>false</exclude_from_final_grade_calc><is_milestone_grade>false</is_milestone_grade></scoring></item><item id="624" identifier="1454313" resource_code="byui_production-1575095"><category_id>1454311</category_id><name>Week 04 Reading and Participation Quiz</name><short_name /><sort_order>70</sort_order><show_average>false</show_average><show_distribution>false</show_distribution><description text_type="text/html" is_displayed="false" /><type_id>1</type_id><is_active>true</is_active><scoring><can_exceed_weight>false</can_exceed_weight><out_of>10</out_of><is_bonus>false</is_bonus><max_grade>10</max_grade><exclude_from_final_grade_calc>false</exclude_from_final_grade_calc><is_milestone_grade>false</is_milestone_grade></scoring></item><item id="625" identifier="1454314" resource_code="byui_production-1575206"><category_id>1454311</category_id><name>Troubleshooting #1 Group 1</name><short_name>Ts1G1</short_name><sort_order>71</sort_order><show_average>false</show_average><show_distribution>false</show_distribution><description text_type="text/html" is_displayed="false" /><type_id>1</type_id><is_active>true</is_active><scoring><can_exceed_weight>false</can_exceed_weight><out_of>10</out_of><is_bonus>false</is_bonus><max_grade>10</max_grade><exclude_from_final_grade_calc>false</exclude_from_final_grade_calc><is_milestone_grade>false</is_milestone_grade></scoring></item><item id="626" identifier="1454315" resource_code="byui_production-1575208"><category_id>1454311</category_id><name>Troubleshooting #1 Group 2</name><short_name>Ts1G2</short_name><sort_order>72</sort_order><show_average>false</show_average><show_distribution>false</show_distribution><description text_type="text/html" is_displayed="false" /><type_id>1</type_id><is_active>true</is_active><scoring><can_exceed_weight>false</can_exceed_weight><out_of>10</out_of><is_bonus>false</is_bonus><max_grade>10</max_grade><exclude_from_final_grade_calc>false</exclude_from_final_grade_calc><is_milestone_grade>false</is_milestone_grade></scoring></item><item id="627" identifier="1454316" resource_code="byui_production-1575210"><category_id>1454311</category_id><name>Troubleshooting #1 Group 3</name><short_name>Ts1G3</short_name><sort_order>73</sort_order><show_average>false</show_average><show_distribution>false</show_distribution><description text_type="text/html" is_displayed="false" /><type_id>1</type_id><is_active>true</is_active><scoring><can_exceed_weight>false</can_exceed_weight><out_of>10</out_of><is_bonus>false</is_bonus><max_grade>10</max_grade><exclude_from_final_grade_calc>false</exclude_from_final_grade_calc><is_milestone_grade>false</is_milestone_grade></scoring></item><item id="628" identifier="1454317" resource_code="byui_production-1575212"><category_id>1454311</category_id><name>Troubleshooting #1 Group 4</name><short_name>Ts1G4</short_name><sort_order>74</sort_order><show_average>false</show_average><show_distribution>false</show_distribution><description text_type="text/html" is_displayed="false" /><type_id>1</type_id><is_active>true</is_active><scoring><can_exceed_weight>false</can_exceed_weight><out_of>10</out_of><is_bonus>false</is_bonus><max_grade>10</max_grade><exclude_from_final_grade_calc>false</exclude_from_final_grade_calc><is_milestone_grade>false</is_milestone_grade></scoring></item><item id="629" identifier="1454318" resource_code="byui_production-1575235"><category_id>1454311</category_id><name>Troubleshooting #8 Group 1</name><short_name>Ts8G1</short_name><sort_order>75</sort_order><show_average>false</show_average><show_distribution>false</show_distribution><description text_type="text/html" is_displayed="false" /><type_id>1</type_id><is_active>true</is_active><scoring><can_exceed_weight>false</can_exceed_weight><out_of>10</out_of><is_bonus>false</is_bonus><max_grade>10</max_grade><exclude_from_final_grade_calc>false</exclude_from_final_grade_calc><is_milestone_grade>false</is_milestone_grade></scoring></item><item id="630" identifier="1454319" resource_code="byui_production-1575237"><category_id>1454311</category_id><name>Troubleshooting #8 Group 2</name><short_name>Ts8G2</short_name><sort_order>76</sort_order><show_average>false</show_average><show_distribution>false</show_distribution><description text_type="text/html" is_displayed="false" /><type_id>1</type_id><is_active>true</is_active><scoring><can_exceed_weight>false</can_exceed_weight><out_of>10</out_of><is_bonus>false</is_bonus><max_grade>10</max_grade><exclude_from_final_grade_calc>false</exclude_from_final_grade_calc><is_milestone_grade>false</is_milestone_grade></scoring></item><item id="631" identifier="1454320" resource_code="byui_production-1575241"><category_id>1454311</category_id><name>Troubleshooting #8 Group 3</name><short_name>Ts8G3</short_name><sort_order>77</sort_order><show_average>false</show_average><show_distribution>false</show_distribution><description text_type="text/html" is_displayed="false" /><type_id>1</type_id><is_active>true</is_active><scoring><can_exceed_weight>false</can_exceed_weight><out_of>10</out_of><is_bonus>false</is_bonus><max_grade>10</max_grade><exclude_from_final_grade_calc>false</exclude_from_final_grade_calc><is_milestone_grade>false</is_milestone_grade></scoring></item><item id="632" identifier="1454321" resource_code="byui_production-1575239"><category_id>1454311</category_id><name>Troubleshooting #8 Group 4</name><short_name>Ts8G4</short_name><sort_order>78</sort_order><show_average>false</show_average><show_distribution>false</show_distribution><description text_type="text/html" is_displayed="false" /><type_id>1</type_id><is_active>true</is_active><scoring><can_exceed_weight>false</can_exceed_weight><out_of>10</out_of><is_bonus>false</is_bonus><max_grade>10</max_grade><exclude_from_final_grade_calc>false</exclude_from_final_grade_calc><is_milestone_grade>false</is_milestone_grade></scoring></item><item id="633" identifier="1454322" resource_code="byui_production-1575243"><category_id>1454311</category_id><name>Troubleshooting #9 Group 1</name><short_name>Ts9G1</short_name><sort_order>79</sort_order><show_average>false</show_average><show_distribution>false</show_distribution><description text_type="text/html" is_displayed="false" /><type_id>1</type_id><is_active>true</is_active><scoring><can_exceed_weight>false</can_exceed_weight><out_of>10</out_of><is_bonus>false</is_bonus><max_grade>10</max_grade><exclude_from_final_grade_calc>false</exclude_from_final_grade_calc><is_milestone_grade>false</is_milestone_grade></scoring></item><item id="634" identifier="1454323" resource_code="byui_production-1575245"><category_id>1454311</category_id><name>Troubleshooting #9 Group 2</name><short_name>Ts9G2</short_name><sort_order>80</sort_order><show_average>false</show_average><show_distribution>false</show_distribution><description text_type="text/html" is_displayed="false" /><type_id>1</type_id><is_active>true</is_active><scoring><can_exceed_weight>false</can_exceed_weight><out_of>10</out_of><is_bonus>false</is_bonus><max_grade>10</max_grade><exclude_from_final_grade_calc>false</exclude_from_final_grade_calc><is_milestone_grade>false</is_milestone_grade></scoring></item><item id="635" identifier="1454324" resource_code="byui_production-1575247"><category_id>1454311</category_id><name>Troubleshooting #9 Group 3</name><short_name>Ts9G3</short_name><sort_order>81</sort_order><show_average>false</show_average><show_distribution>false</show_distribution><description text_type="text/html" is_displayed="false" /><type_id>1</type_id><is_active>true</is_active><scoring><can_exceed_weight>false</can_exceed_weight><out_of>10</out_of><is_bonus>false</is_bonus><max_grade>10</max_grade><exclude_from_final_grade_calc>false</exclude_from_final_grade_calc><is_milestone_grade>false</is_milestone_grade></scoring></item><item id="636" identifier="1454325" resource_code="byui_production-1575249"><category_id>1454311</category_id><name>Troubleshooting #9 Group 4</name><short_name>Ts9G4</short_name><sort_order>82</sort_order><show_average>false</show_average><show_distribution>false</show_distribution><description text_type="text/html" is_displayed="false" /><type_id>1</type_id><is_active>true</is_active><scoring><can_exceed_weight>false</can_exceed_weight><out_of>10</out_of><is_bonus>false</is_bonus><max_grade>10</max_grade><exclude_from_final_grade_calc>false</exclude_from_final_grade_calc><is_milestone_grade>false</is_milestone_grade></scoring></item><item id="637" identifier="1454326" resource_code="byui_production-1575255"><category_id>1454311</category_id><name>JB - Force Discussion - Group 01</name><short_name>JB-G1</short_name><sort_order>83</sort_order><show_average>false</show_average><show_distribution>false</show_distribution><description text_type="text/html" is_displayed="false" /><type_id>1</type_id><is_active>true</is_active><scoring><can_exceed_weight>false</can_exceed_weight><out_of>10</out_of><is_bonus>false</is_bonus><max_grade>10</max_grade><exclude_from_final_grade_calc>false</exclude_from_final_grade_calc><is_milestone_grade>false</is_milestone_grade></scoring></item><item id="638" identifier="1454327" resource_code="byui_production-1575257"><category_id>1454311</category_id><name>JB - Force Discussion - Group 02</name><short_name>JB-G2</short_name><sort_order>84</sort_order><show_average>false</show_average><show_distribution>false</show_distribution><description text_type="text/html" is_displayed="false" /><type_id>1</type_id><is_active>true</is_active><scoring><can_exceed_weight>false</can_exceed_weight><out_of>10</out_of><is_bonus>false</is_bonus><max_grade>10</max_grade><exclude_from_final_grade_calc>false</exclude_from_final_grade_calc><is_milestone_grade>false</is_milestone_grade></scoring></item><item id="639" identifier="1454328" resource_code="byui_production-1575259"><category_id>1454311</category_id><name>JB - Force Discussion - Group 03</name><short_name>JB-G3</short_name><sort_order>85</sort_order><show_average>false</show_average><show_distribution>false</show_distribution><description text_type="text/html" is_displayed="false" /><type_id>1</type_id><is_active>true</is_active><scoring><can_exceed_weight>false</can_exceed_weight><out_of>10</out_of><is_bonus>false</is_bonus><max_grade>10</max_grade><exclude_from_final_grade_calc>false</exclude_from_final_grade_calc><is_milestone_grade>false</is_milestone_grade></scoring></item><item id="640" identifier="1454329" resource_code="byui_production-1575261"><category_id>1454311</category_id><name>JB - Force Discussion - Group 04 </name><short_name>JB-G4</short_name><sort_order>86</sort_order><show_average>false</show_average><show_distribution>false</show_distribution><description text_type="text/html" is_displayed="false" /><type_id>1</type_id><is_active>true</is_active><scoring><can_exceed_weight>false</can_exceed_weight><out_of>10</out_of><is_bonus>false</is_bonus><max_grade>10</max_grade><exclude_from_final_grade_calc>false</exclude_from_final_grade_calc><is_milestone_grade>false</is_milestone_grade></scoring></item><item id="641" identifier="1454330" resource_code="byui_production-1575263"><category_id>1454311</category_id><name>JB - Force Discussion - Group 05</name><short_name>JB-G5</short_name><sort_order>87</sort_order><show_average>false</show_average><show_distribution>false</show_distribution><description text_type="text/html" is_displayed="false" /><type_id>1</type_id><is_active>true</is_active><scoring><can_exceed_weight>false</can_exceed_weight><out_of>10</out_of><is_bonus>false</is_bonus><max_grade>10</max_grade><exclude_from_final_grade_calc>false</exclude_from_final_grade_calc><is_milestone_grade>false</is_milestone_grade></scoring></item><item id="642" identifier="1454331" resource_code="byui_production-1575096"><name>Test quiz</name><short_name>test</short_name><sort_order>88</sort_order><show_average>false</show_average><show_distribution>false</show_distribution><description text_type="text/html" is_displayed="false" /><type_id>1</type_id><is_active>true</is_active><scoring><can_exceed_weight>false</can_exceed_weight><out_of>5</out_of><is_bonus>false</is_bonus><max_grade>10</max_grade><exclude_from_final_grade_calc>false</exclude_from_final_grade_calc><is_milestone_grade>false</is_milestone_grade></scoring></item><item id="643" identifier="1454332" resource_code="byui_production-1575265"><name>Test</name><short_name>TEST</short_name><sort_order>89</sort_order><show_average>false</show_average><show_distribution>false</show_distribution><description text_type="text/html" is_displayed="false" /><type_id>1</type_id><is_active>true</is_active><scoring><can_exceed_weight>false</can_exceed_weight><out_of>10</out_of><is_bonus>false</is_bonus><max_grade>10</max_grade><exclude_from_final_grade_calc>false</exclude_from_final_grade_calc><is_milestone_grade>false</is_milestone_grade></scoring></item><item id="644" identifier="1454333" resource_code="byui_production-1575267"><name>Scott</name><short_name>SC</short_name><sort_order>90</sort_order><show_average>false</show_average><show_distribution>false</show_distribution><description text_type="text/html" is_displayed="false" /><type_id>1</type_id><is_active>true</is_active><scoring><can_exceed_weight>false</can_exceed_weight><out_of>10</out_of><is_bonus>false</is_bonus><max_grade>10</max_grade><exclude_from_final_grade_calc>false</exclude_from_final_grade_calc><is_milestone_grade>false</is_milestone_grade></scoring></item><item id="645" identifier="1454335" resource_code="byui_produ-600511,byui_produ-600808,byui_produ-602893,byui_produ-609511"><category_id>1454334</category_id><name>L01: Chapter 1 Quiz</name><short_name>L1:C1Q</short_name><sort_order>92</sort_order><show_average>false</show_average><show_distribution>false</show_distribution><description text_type="text/html" is_displayed="false" /><type_id>1</type_id><is_active>true</is_active><scoring><can_exceed_weight>false</can_exceed_weight><out_of>10</out_of><is_bonus>false</is_bonus><max_grade>10</max_grade><exclude_from_final_grade_calc>false</exclude_from_final_grade_calc><is_milestone_grade>false</is_milestone_grade></scoring></item><item id="646" identifier="1454336" resource_code="byui_produ-600512,byui_produ-600809,byui_produ-602894,byui_produ-609512"><category_id>1454334</category_id><name>Chapter 01 Transfiguration</name><short_name>C01 T</short_name><sort_order>93</sort_order><show_average>false</show_average><show_distribution>false</show_distribution><description text_type="text/html" is_displayed="false" /><type_id>1</type_id><is_active>true</is_active><scoring><can_exceed_weight>false</can_exceed_weight><out_of>100</out_of><is_bonus>false</is_bonus><max_grade>10</max_grade><exclude_from_final_grade_calc>false</exclude_from_final_grade_calc><is_milestone_grade>false</is_milestone_grade></scoring></item><item id="647" identifier="1454337" resource_code="byui_produ-600513,byui_produ-600810,byui_produ-602895,byui_produ-609513"><category_id>1454334</category_id><name>Chapter 01 Charms</name><short_name>C01 C</short_name><sort_order>94</sort_order><show_average>false</show_average><show_distribution>false</show_distribution><description text_type="text/html" is_displayed="false" /><type_id>1</type_id><is_active>true</is_active><scoring><can_exceed_weight>false</can_exceed_weight><out_of>10</out_of><is_bonus>false</is_bonus><max_grade>10</max_grade><exclude_from_final_grade_calc>false</exclude_from_final_grade_calc><is_milestone_grade>false</is_milestone_grade></scoring></item><item id="648" identifier="1454338" resource_code="byui_produ-600514,byui_produ-600811,byui_produ-602896,byui_produ-609514"><category_id>1454334</category_id><name>Muggle Vampire Documentary</name><short_name>MVD</short_name><sort_order>95</sort_order><show_average>false</show_average><show_distribution>false</show_distribution><description text_type="text/html" is_displayed="false" /><type_id>1</type_id><is_active>true</is_active><scoring><can_exceed_weight>false</can_exceed_weight><out_of>15</out_of><is_bonus>false</is_bonus><max_grade>10</max_grade><exclude_from_final_grade_calc>false</exclude_from_final_grade_calc><is_milestone_grade>false</is_milestone_grade></scoring></item><item id="649" identifier="1454339" resource_code="byui_produ-600515,byui_produ-600812,byui_produ-602897,byui_produ-609515"><category_id>1454334</category_id><name>Quiz 2</name><short_name>Q2</short_name><sort_order>96</sort_order><show_average>false</show_average><show_distribution>false</show_distribution><description text_type="text/html" is_displayed="false" /><type_id>1</type_id><is_active>true</is_active><scoring><can_exceed_weight>false</can_exceed_weight><out_of>10</out_of><is_bonus>false</is_bonus><max_grade>10</max_grade><exclude_from_final_grade_calc>false</exclude_from_final_grade_calc><is_milestone_grade>false</is_milestone_grade></scoring></item><item id="650" identifier="1454341" resource_code="byui_produ-600517,byui_produ-600814,byui_produ-602899,byui_produ-609517"><category_id>1454340</category_id><name>Jedi Quiz 2</name><short_name>JQ2</short_name><sort_order>98</sort_order><show_average>false</show_average><show_distribution>false</show_distribution><description text_type="text/html" is_displayed="false" /><type_id>1</type_id><is_active>true</is_active><scoring><can_exceed_weight>true</can_exceed_weight><out_of>10</out_of><is_bonus>true</is_bonus><max_grade>10</max_grade><exclude_from_final_grade_calc>false</exclude_from_final_grade_calc><is_milestone_grade>false</is_milestone_grade></scoring></item><item id="651" identifier="1454342" resource_code="byui_produ-600518,byui_produ-600815,byui_produ-602900"><category_id>1454340</category_id><name>Week 04 Reading and Participation Quiz</name><short_name /><sort_order>99</sort_order><show_average>false</show_average><show_distribution>false</show_distribution><description text_type="text/html" is_displayed="false" /><type_id>1</type_id><is_active>true</is_active><scoring><can_exceed_weight>false</can_exceed_weight><out_of>10</out_of><is_bonus>false</is_bonus><max_grade>10</max_grade><exclude_from_final_grade_calc>false</exclude_from_final_grade_calc><is_milestone_grade>false</is_milestone_grade></scoring></item><item id="652" identifier="1454343" resource_code="byui_produ-600817,byui_produ-602902"><category_id>1454340</category_id><name>Troubleshooting #1 Group 1</name><short_name>Ts1G1</short_name><sort_order>100</sort_order><show_average>false</show_average><show_distribution>false</show_distribution><description text_type="text/html" is_displayed="false" /><type_id>1</type_id><is_active>true</is_active><scoring><can_exceed_weight>false</can_exceed_weight><out_of>10</out_of><is_bonus>false</is_bonus><max_grade>10</max_grade><exclude_from_final_grade_calc>false</exclude_from_final_grade_calc><is_milestone_grade>false</is_milestone_grade></scoring></item><item id="653" identifier="1454344" resource_code="byui_produ-600818,byui_produ-602903"><category_id>1454340</category_id><name>Troubleshooting #1 Group 2</name><short_name>Ts1G2</short_name><sort_order>101</sort_order><show_average>false</show_average><show_distribution>false</show_distribution><description text_type="text/html" is_displayed="false" /><type_id>1</type_id><is_active>true</is_active><scoring><can_exceed_weight>false</can_exceed_weight><out_of>10</out_of><is_bonus>false</is_bonus><max_grade>10</max_grade><exclude_from_final_grade_calc>false</exclude_from_final_grade_calc><is_milestone_grade>false</is_milestone_grade></scoring></item><item id="654" identifier="1454345" resource_code="byui_produ-600819,byui_produ-602904"><category_id>1454340</category_id><name>Troubleshooting #1 Group 3</name><short_name>Ts1G3</short_name><sort_order>102</sort_order><show_average>false</show_average><show_distribution>false</show_distribution><description text_type="text/html" is_displayed="false" /><type_id>1</type_id><is_active>true</is_active><scoring><can_exceed_weight>false</can_exceed_weight><out_of>10</out_of><is_bonus>false</is_bonus><max_grade>10</max_grade><exclude_from_final_grade_calc>false</exclude_from_final_grade_calc><is_milestone_grade>false</is_milestone_grade></scoring></item><item id="655" identifier="1454346" resource_code="byui_produ-600820,byui_produ-602905"><category_id>1454340</category_id><name>Troubleshooting #1 Group 4</name><short_name>Ts1G4</short_name><sort_order>103</sort_order><show_average>false</show_average><show_distribution>false</show_distribution><description text_type="text/html" is_displayed="false" /><type_id>1</type_id><is_active>true</is_active><scoring><can_exceed_weight>false</can_exceed_weight><out_of>10</out_of><is_bonus>false</is_bonus><max_grade>10</max_grade><exclude_from_final_grade_calc>false</exclude_from_final_grade_calc><is_milestone_grade>false</is_milestone_grade></scoring></item><item id="656" identifier="1454347" resource_code="byui_produ-600821,byui_produ-602906"><category_id>1454340</category_id><name>Troubleshooting #8 Group 1</name><short_name>Ts8G1</short_name><sort_order>104</sort_order><show_average>false</show_average><show_distribution>false</show_distribution><description text_type="text/html" is_displayed="false" /><type_id>1</type_id><is_active>true</is_active><scoring><can_exceed_weight>false</can_exceed_weight><out_of>10</out_of><is_bonus>false</is_bonus><max_grade>10</max_grade><exclude_from_final_grade_calc>false</exclude_from_final_grade_calc><is_milestone_grade>false</is_milestone_grade></scoring></item><item id="657" identifier="1454348" resource_code="byui_produ-600822,byui_produ-602907"><category_id>1454340</category_id><name>Troubleshooting #8 Group 2</name><short_name>Ts8G2</short_name><sort_order>105</sort_order><show_average>false</show_average><show_distribution>false</show_distribution><description text_type="text/html" is_displayed="false" /><type_id>1</type_id><is_active>true</is_active><scoring><can_exceed_weight>false</can_exceed_weight><out_of>10</out_of><is_bonus>false</is_bonus><max_grade>10</max_grade><exclude_from_final_grade_calc>false</exclude_from_final_grade_calc><is_milestone_grade>false</is_milestone_grade></scoring></item><item id="658" identifier="1454349" resource_code="byui_produ-600823,byui_produ-602908"><category_id>1454340</category_id><name>Troubleshooting #8 Group 3</name><short_name>Ts8G3</short_name><sort_order>106</sort_order><show_average>false</show_average><show_distribution>false</show_distribution><description text_type="text/html" is_displayed="false" /><type_id>1</type_id><is_active>true</is_active><scoring><can_exceed_weight>false</can_exceed_weight><out_of>10</out_of><is_bonus>false</is_bonus><max_grade>10</max_grade><exclude_from_final_grade_calc>false</exclude_from_final_grade_calc><is_milestone_grade>false</is_milestone_grade></scoring></item><item id="659" identifier="1454350" resource_code="byui_produ-600824,byui_produ-602909"><category_id>1454340</category_id><name>Troubleshooting #8 Group 4</name><short_name>Ts8G4</short_name><sort_order>107</sort_order><show_average>false</show_average><show_distribution>false</show_distribution><description text_type="text/html" is_displayed="false" /><type_id>1</type_id><is_active>true</is_active><scoring><can_exceed_weight>false</can_exceed_weight><out_of>10</out_of><is_bonus>false</is_bonus><max_grade>10</max_grade><exclude_from_final_grade_calc>false</exclude_from_final_grade_calc><is_milestone_grade>false</is_milestone_grade></scoring></item><item id="660" identifier="1454351" resource_code="byui_produ-600825,byui_produ-602910"><category_id>1454340</category_id><name>Troubleshooting #9 Group 1</name><short_name>Ts9G1</short_name><sort_order>108</sort_order><show_average>false</show_average><show_distribution>false</show_distribution><description text_type="text/html" is_displayed="false" /><type_id>1</type_id><is_active>true</is_active><scoring><can_exceed_weight>false</can_exceed_weight><out_of>10</out_of><is_bonus>false</is_bonus><max_grade>10</max_grade><exclude_from_final_grade_calc>false</exclude_from_final_grade_calc><is_milestone_grade>false</is_milestone_grade></scoring></item><item id="661" identifier="1454352" resource_code="byui_produ-600826,byui_produ-602911"><category_id>1454340</category_id><name>Troubleshooting #9 Group 2</name><short_name>Ts9G2</short_name><sort_order>109</sort_order><show_average>false</show_average><show_distribution>false</show_distribution><description text_type="text/html" is_displayed="false" /><type_id>1</type_id><is_active>true</is_active><scoring><can_exceed_weight>false</can_exceed_weight><out_of>10</out_of><is_bonus>false</is_bonus><max_grade>10</max_grade><exclude_from_final_grade_calc>false</exclude_from_final_grade_calc><is_milestone_grade>false</is_milestone_grade></scoring></item><item id="662" identifier="1454353" resource_code="byui_produ-600827,byui_produ-602912"><category_id>1454340</category_id><name>Troubleshooting #9 Group 3</name><short_name>Ts9G3</short_name><sort_order>110</sort_order><show_average>false</show_average><show_distribution>false</show_distribution><description text_type="text/html" is_displayed="false" /><type_id>1</type_id><is_active>true</is_active><scoring><can_exceed_weight>false</can_exceed_weight><out_of>10</out_of><is_bonus>false</is_bonus><max_grade>10</max_grade><exclude_from_final_grade_calc>false</exclude_from_final_grade_calc><is_milestone_grade>false</is_milestone_grade></scoring></item><item id="663" identifier="1454354" resource_code="byui_produ-600828,byui_produ-602913"><category_id>1454340</category_id><name>Troubleshooting #9 Group 4</name><short_name>Ts9G4</short_name><sort_order>111</sort_order><show_average>false</show_average><show_distribution>false</show_distribution><description text_type="text/html" is_displayed="false" /><type_id>1</type_id><is_active>true</is_active><scoring><can_exceed_weight>false</can_exceed_weight><out_of>10</out_of><is_bonus>false</is_bonus><max_grade>10</max_grade><exclude_from_final_grade_calc>false</exclude_from_final_grade_calc><is_milestone_grade>false</is_milestone_grade></scoring></item><item id="664" identifier="1454355" resource_code="byui_production-1351782"><category_id>1454340</category_id><name>JB - Force Discussion - Group 01</name><short_name>JB-G1</short_name><sort_order>112</sort_order><show_average>false</show_average><show_distribution>false</show_distribution><description text_type="text/html" is_displayed="false" /><type_id>1</type_id><is_active>true</is_active><scoring><can_exceed_weight>false</can_exceed_weight><out_of>10</out_of><is_bonus>false</is_bonus><max_grade>10</max_grade><exclude_from_final_grade_calc>false</exclude_from_final_grade_calc><is_milestone_grade>false</is_milestone_grade></scoring></item><item id="665" identifier="1454356" resource_code="byui_production-1351783"><category_id>1454340</category_id><name>JB - Force Discussion - Group 02</name><short_name>JB-G2</short_name><sort_order>113</sort_order><show_average>false</show_average><show_distribution>false</show_distribution><description text_type="text/html" is_displayed="false" /><type_id>1</type_id><is_active>true</is_active><scoring><can_exceed_weight>false</can_exceed_weight><out_of>10</out_of><is_bonus>false</is_bonus><max_grade>10</max_grade><exclude_from_final_grade_calc>false</exclude_from_final_grade_calc><is_milestone_grade>false</is_milestone_grade></scoring></item><item id="666" identifier="1454357" resource_code="byui_production-1351784"><category_id>1454340</category_id><name>JB - Force Discussion - Group 03</name><short_name>JB-G3</short_name><sort_order>114</sort_order><show_average>false</show_average><show_distribution>false</show_distribution><description text_type="text/html" is_displayed="false" /><type_id>1</type_id><is_active>true</is_active><scoring><can_exceed_weight>false</can_exceed_weight><out_of>10</out_of><is_bonus>false</is_bonus><max_grade>10</max_grade><exclude_from_final_grade_calc>false</exclude_from_final_grade_calc><is_milestone_grade>false</is_milestone_grade></scoring></item><item id="667" identifier="1454358" resource_code="byui_production-1351785"><category_id>1454340</category_id><name>JB - Force Discussion - Group 04 </name><short_name>JB-G4</short_name><sort_order>115</sort_order><show_average>false</show_average><show_distribution>false</show_distribution><description text_type="text/html" is_displayed="false" /><type_id>1</type_id><is_active>true</is_active><scoring><can_exceed_weight>false</can_exceed_weight><out_of>10</out_of><is_bonus>false</is_bonus><max_grade>10</max_grade><exclude_from_final_grade_calc>false</exclude_from_final_grade_calc><is_milestone_grade>false</is_milestone_grade></scoring></item><item id="668" identifier="1454359" resource_code="byui_production-1351786"><category_id>1454340</category_id><name>JB - Force Discussion - Group 05</name><short_name>JB-G5</short_name><sort_order>116</sort_order><show_average>false</show_average><show_distribution>false</show_distribution><description text_type="text/html" is_displayed="false" /><type_id>1</type_id><is_active>true</is_active><scoring><can_exceed_weight>false</can_exceed_weight><out_of>10</out_of><is_bonus>false</is_bonus><max_grade>10</max_grade><exclude_from_final_grade_calc>false</exclude_from_final_grade_calc><is_milestone_grade>false</is_milestone_grade></scoring></item><item id="669" identifier="1454360" resource_code="byui_production-1351787"><name>Test quiz</name><short_name>test</short_name><sort_order>117</sort_order><show_average>false</show_average><show_distribution>false</show_distribution><description text_type="text/html" is_displayed="false" /><type_id>1</type_id><is_active>true</is_active><scoring><can_exceed_weight>false</can_exceed_weight><out_of>5</out_of><is_bonus>false</is_bonus><max_grade>10</max_grade><exclude_from_final_grade_calc>false</exclude_from_final_grade_calc><is_milestone_grade>false</is_milestone_grade></scoring></item><item id="670" identifier="1454361" resource_code="byui_production-1351788"><name>Test</name><short_name>TEST</short_name><sort_order>118</sort_order><show_average>false</show_average><show_distribution>false</show_distribution><description text_type="text/html" is_displayed="false" /><type_id>1</type_id><is_active>true</is_active><scoring><can_exceed_weight>false</can_exceed_weight><out_of>10</out_of><is_bonus>false</is_bonus><max_grade>10</max_grade><exclude_from_final_grade_calc>false</exclude_from_final_grade_calc><is_milestone_grade>false</is_milestone_grade></scoring></item><item id="671" identifier="1454362" resource_code="byui_production-1351789"><name>Scott</name><short_name>SC</short_name><sort_order>119</sort_order><show_average>false</show_average><show_distribution>false</show_distribution><description text_type="text/html" is_displayed="false" /><type_id>1</type_id><is_active>true</is_active><scoring><can_exceed_weight>false</can_exceed_weight><out_of>10</out_of><is_bonus>false</is_bonus><max_grade>10</max_grade><exclude_from_final_grade_calc>false</exclude_from_final_grade_calc><is_milestone_grade>false</is_milestone_grade></scoring></item><item id="672" identifier="1454778" resource_code="byui_produ-377879,byui_produ-389680,byui_produ-390281,byui_produ-408082,byui_produ-411994,byui_produ-413139,byui_produ-511032,byui_produ-515753,byui_produ-578481,byui_produ-579214,byui_produ-579920,byui_produ-580212,byui_produ-580234,byui_produ-585844,byui_produ-588968,byui_produ-593837,byui_produ-594161,byui_produ-594484,byui_produ-594839,byui_produ-595358,byui_produ-598475,byui_produ-598685,byui_produ-599343,byui_produ-599689"><category_id>1454777</category_id><name>L01: Chapter 1 Quiz</name><short_name>L1:C1Q</short_name><sort_order>121</sort_order><show_average>false</show_average><show_distribution>false</show_distribution><description text_type="text/html" is_displayed="false" /><type_id>1</type_id><is_active>true</is_active><scoring><can_exceed_weight>false</can_exceed_weight><out_of>10</out_of><is_bonus>false</is_bonus><max_grade>10</max_grade><exclude_from_final_grade_calc>false</exclude_from_final_grade_calc><is_milestone_grade>false</is_milestone_grade></scoring></item><item id="673" identifier="1454779" resource_code="byui_produ-377880,byui_produ-389681,byui_produ-390282,byui_produ-408083,byui_produ-411995,byui_produ-413140,byui_produ-511033,byui_produ-515754,byui_produ-578482,byui_produ-579215,byui_produ-579921,byui_produ-580213,byui_produ-580235,byui_produ-585845,byui_produ-588969,byui_produ-593838,byui_produ-594162,byui_produ-594485,byui_produ-594840,byui_produ-595359,byui_produ-598476,byui_produ-598686,byui_produ-599344,byui_produ-599690"><category_id>1454777</category_id><name>Chapter 01 Transfiguration</name><short_name>C01 T</short_name><sort_order>122</sort_order><show_average>false</show_average><show_distribution>false</show_distribution><description text_type="text/html" is_displayed="false" /><type_id>1</type_id><is_active>true</is_active><scoring><can_exceed_weight>false</can_exceed_weight><out_of>10</out_of><is_bonus>false</is_bonus><max_grade>10</max_grade><exclude_from_final_grade_calc>false</exclude_from_final_grade_calc><is_milestone_grade>false</is_milestone_grade></scoring></item><item id="674" identifier="1454780" resource_code="byui_produ-377881,byui_produ-389682,byui_produ-390283,byui_produ-408084,byui_produ-411996,byui_produ-413141,byui_produ-511034,byui_produ-515755,byui_produ-578483,byui_produ-579216,byui_produ-579922,byui_produ-580214,byui_produ-580236,byui_produ-585846,byui_produ-588970,byui_produ-593839,byui_produ-594163,byui_produ-594486,byui_produ-594841,byui_produ-595360,byui_produ-598477,byui_produ-598687,byui_produ-599345,byui_produ-599691"><category_id>1454777</category_id><name>Chapter 01 Charms</name><short_name>C01 C</short_name><sort_order>123</sort_order><show_average>false</show_average><show_distribution>false</show_distribution><description text_type="text/html" is_displayed="false" /><type_id>1</type_id><is_active>true</is_active><scoring><can_exceed_weight>false</can_exceed_weight><out_of>10</out_of><is_bonus>false</is_bonus><max_grade>10</max_grade><exclude_from_final_grade_calc>false</exclude_from_final_grade_calc><is_milestone_grade>false</is_milestone_grade></scoring></item><item id="675" identifier="1454781" resource_code="byui_produ-377882,byui_produ-389683,byui_produ-390284,byui_produ-408085,byui_produ-411997,byui_produ-413142,byui_produ-511035,byui_produ-515756,byui_produ-578484,byui_produ-579217,byui_produ-579923,byui_produ-580215,byui_produ-580237,byui_produ-585847,byui_produ-588971,byui_produ-593840,byui_produ-594164,byui_produ-594487,byui_produ-594842,byui_produ-595361,byui_produ-598478,byui_produ-598688,byui_produ-599346,byui_produ-599692"><category_id>1454777</category_id><name>Muggle Vampire Documentary</name><short_name>MVD</short_name><sort_order>124</sort_order><show_average>false</show_average><show_distribution>false</show_distribution><description text_type="text/html" is_displayed="false" /><type_id>1</type_id><is_active>true</is_active><scoring><can_exceed_weight>false</can_exceed_weight><out_of>15</out_of><is_bonus>false</is_bonus><max_grade>10</max_grade><exclude_from_final_grade_calc>false</exclude_from_final_grade_calc><is_milestone_grade>false</is_milestone_grade></scoring></item><item id="676" identifier="1454782" resource_code="byui_produ-377883,byui_produ-389684,byui_produ-390285,byui_produ-408086,byui_produ-411998,byui_produ-413143,byui_produ-511036,byui_produ-515757,byui_produ-578485,byui_produ-579218,byui_produ-579924,byui_produ-580216,byui_produ-580238,byui_produ-585848,byui_produ-588972,byui_produ-593841,byui_produ-594165,byui_produ-594488,byui_produ-594843,byui_produ-595362,byui_produ-598479,byui_produ-598689,byui_produ-599347,byui_produ-599693"><category_id>1454777</category_id><name>Quiz 2</name><short_name>Q2</short_name><sort_order>125</sort_order><show_average>false</show_average><show_distribution>false</show_distribution><description text_type="text/html" is_displayed="false" /><type_id>1</type_id><is_active>true</is_active><scoring><can_exceed_weight>false</can_exceed_weight><out_of>10</out_of><is_bonus>false</is_bonus><max_grade>10</max_grade><exclude_from_final_grade_calc>false</exclude_from_final_grade_calc><is_milestone_grade>false</is_milestone_grade></scoring></item><item id="677" identifier="1454784" resource_code="byui_produ-377885,byui_produ-389686,byui_produ-390287,byui_produ-408088,byui_produ-412000,byui_produ-413145,byui_produ-511038,byui_produ-515759,byui_produ-578487,byui_produ-579220,byui_produ-579926,byui_produ-580218,byui_produ-580240,byui_produ-585850,byui_produ-588974,byui_produ-593843,byui_produ-594167,byui_produ-594490,byui_produ-594845,byui_produ-595364,byui_produ-598481,byui_produ-598691,byui_produ-599349,byui_produ-599695"><category_id>1454783</category_id><name>Jedi Quiz 2</name><short_name>JQ2</short_name><sort_order>127</sort_order><show_average>false</show_average><show_distribution>false</show_distribution><description text_type="text/html" is_displayed="false" /><type_id>1</type_id><is_active>true</is_active><scoring><can_exceed_weight>false</can_exceed_weight><out_of>10</out_of><is_bonus>false</is_bonus><max_grade>10</max_grade><exclude_from_final_grade_calc>false</exclude_from_final_grade_calc><is_milestone_grade>false</is_milestone_grade></scoring></item><item id="678" identifier="1454785" resource_code="byui_produ-390568,byui_produ-413146,byui_produ-511039,byui_produ-515760,byui_produ-578488,byui_produ-580219,byui_produ-580241,byui_produ-588975,byui_produ-593844,byui_produ-594168,byui_produ-594491,byui_produ-594846,byui_produ-595365"><category_id>1454783</category_id><name>Week 04 Reading and Participation Quiz</name><short_name /><sort_order>128</sort_order><show_average>false</show_average><show_distribution>false</show_distribution><description text_type="text/html" is_displayed="false" /><type_id>1</type_id><is_active>true</is_active><scoring><can_exceed_weight>false</can_exceed_weight><out_of>10</out_of><is_bonus>false</is_bonus><max_grade>10</max_grade><exclude_from_final_grade_calc>false</exclude_from_final_grade_calc><is_milestone_grade>false</is_milestone_grade></scoring></item><item id="679" identifier="1454786" resource_code="byui_produ-408089,byui_produ-413147,byui_produ-511040,byui_produ-515761,byui_produ-580220,byui_produ-580242,byui_produ-593845,byui_produ-594169,byui_produ-594492,byui_produ-594847,byui_produ-595366"><category_id>1454783</category_id><name>Troubleshooting Ticket #7 DB</name><short_name>Ts#7</short_name><sort_order>129</sort_order><show_average>false</show_average><show_distribution>false</show_distribution><description text_type="text/html" is_displayed="false" /><type_id>1</type_id><is_active>true</is_active><scoring><can_exceed_weight>false</can_exceed_weight><out_of>10</out_of><is_bonus>false</is_bonus><max_grade>10</max_grade><exclude_from_final_grade_calc>false</exclude_from_final_grade_calc><is_milestone_grade>false</is_milestone_grade></scoring></item><item id="680" identifier="1454787" resource_code="byui_produ-412001,byui_produ-511049,byui_produ-515762,byui_produ-580221,byui_produ-580243,byui_produ-593846,byui_produ-594170,byui_produ-594493,byui_produ-594848,byui_produ-595367"><category_id>1454783</category_id><name>Troubleshooting #1 Group 1</name><short_name>Ts1G1</short_name><sort_order>130</sort_order><show_average>false</show_average><show_distribution>false</show_distribution><description text_type="text/html" is_displayed="false" /><type_id>1</type_id><is_active>true</is_active><scoring><can_exceed_weight>false</can_exceed_weight><out_of>10</out_of><is_bonus>false</is_bonus><max_grade>10</max_grade><exclude_from_final_grade_calc>false</exclude_from_final_grade_calc><is_milestone_grade>false</is_milestone_grade></scoring></item><item id="681" identifier="1454788" resource_code="byui_produ-412002,byui_produ-511050,byui_produ-515763,byui_produ-580222,byui_produ-580244,byui_produ-593847,byui_produ-594171,byui_produ-594494,byui_produ-594849,byui_produ-595368"><category_id>1454783</category_id><name>Troubleshooting #1 Group 2</name><short_name>Ts1G2</short_name><sort_order>131</sort_order><show_average>false</show_average><show_distribution>false</show_distribution><description text_type="text/html" is_displayed="false" /><type_id>1</type_id><is_active>true</is_active><scoring><can_exceed_weight>false</can_exceed_weight><out_of>10</out_of><is_bonus>false</is_bonus><max_grade>10</max_grade><exclude_from_final_grade_calc>false</exclude_from_final_grade_calc><is_milestone_grade>false</is_milestone_grade></scoring></item><item id="682" identifier="1454789" resource_code="byui_produ-412003,byui_produ-511051,byui_produ-515764,byui_produ-580223,byui_produ-580245,byui_produ-593848,byui_produ-594172,byui_produ-594495,byui_produ-594850,byui_produ-595369"><category_id>1454783</category_id><name>Troubleshooting #1 Group 3</name><short_name>Ts1G3</short_name><sort_order>132</sort_order><show_average>false</show_average><show_distribution>false</show_distribution><description text_type="text/html" is_displayed="false" /><type_id>1</type_id><is_active>true</is_active><scoring><can_exceed_weight>false</can_exceed_weight><out_of>10</out_of><is_bonus>false</is_bonus><max_grade>10</max_grade><exclude_from_final_grade_calc>false</exclude_from_final_grade_calc><is_milestone_grade>false</is_milestone_grade></scoring></item><item id="683" identifier="1454790" resource_code="byui_produ-412004,byui_produ-511052,byui_produ-515765,byui_produ-580224,byui_produ-580246,byui_produ-593849,byui_produ-594173,byui_produ-594496,byui_produ-594851,byui_produ-595370"><category_id>1454783</category_id><name>Troubleshooting #1 Group 4</name><short_name>Ts1G4</short_name><sort_order>133</sort_order><show_average>false</show_average><show_distribution>false</show_distribution><description text_type="text/html" is_displayed="false" /><type_id>1</type_id><is_active>true</is_active><scoring><can_exceed_weight>false</can_exceed_weight><out_of>10</out_of><is_bonus>false</is_bonus><max_grade>10</max_grade><exclude_from_final_grade_calc>false</exclude_from_final_grade_calc><is_milestone_grade>false</is_milestone_grade></scoring></item><item id="684" identifier="1454791" resource_code="byui_produ-408090,byui_produ-413148,byui_produ-511041,byui_produ-515766,byui_produ-580225,byui_produ-580247,byui_produ-593850,byui_produ-594174,byui_produ-594497,byui_produ-594852,byui_produ-595371"><category_id>1454783</category_id><name>Troubleshooting #8 Group 1</name><short_name>Ts8G1</short_name><sort_order>134</sort_order><show_average>false</show_average><show_distribution>false</show_distribution><description text_type="text/html" is_displayed="false" /><type_id>1</type_id><is_active>true</is_active><scoring><can_exceed_weight>false</can_exceed_weight><out_of>10</out_of><is_bonus>false</is_bonus><max_grade>10</max_grade><exclude_from_final_grade_calc>false</exclude_from_final_grade_calc><is_milestone_grade>false</is_milestone_grade></scoring></item><item id="685" identifier="1454792" resource_code="byui_produ-408091,byui_produ-413149,byui_produ-511042,byui_produ-515767,byui_produ-580226,byui_produ-580248,byui_produ-593851,byui_produ-594175,byui_produ-594498,byui_produ-594853,byui_produ-595372"><category_id>1454783</category_id><name>Troubleshooting #8 Group 2</name><short_name>Ts8G2</short_name><sort_order>135</sort_order><show_average>false</show_average><show_distribution>false</show_distribution><description text_type="text/html" is_displayed="false" /><type_id>1</type_id><is_active>true</is_active><scoring><can_exceed_weight>false</can_exceed_weight><out_of>10</out_of><is_bonus>false</is_bonus><max_grade>10</max_grade><exclude_from_final_grade_calc>false</exclude_from_final_grade_calc><is_milestone_grade>false</is_milestone_grade></scoring></item><item id="686" identifier="1454793" resource_code="byui_produ-408092,byui_produ-413150,byui_produ-511043,byui_produ-515768,byui_produ-580227,byui_produ-580249,byui_produ-593852,byui_produ-594176,byui_produ-594499,byui_produ-594854,byui_produ-595373"><category_id>1454783</category_id><name>Troubleshooting #8 Group 3</name><short_name>Ts8G3</short_name><sort_order>136</sort_order><show_average>false</show_average><show_distribution>false</show_distribution><description text_type="text/html" is_displayed="false" /><type_id>1</type_id><is_active>true</is_active><scoring><can_exceed_weight>false</can_exceed_weight><out_of>10</out_of><is_bonus>false</is_bonus><max_grade>10</max_grade><exclude_from_final_grade_calc>false</exclude_from_final_grade_calc><is_milestone_grade>false</is_milestone_grade></scoring></item><item id="687" identifier="1454794" resource_code="byui_produ-408093,byui_produ-413151,byui_produ-511044,byui_produ-515769,byui_produ-580228,byui_produ-580250,byui_produ-593853,byui_produ-594177,byui_produ-594500,byui_produ-594855,byui_produ-595374"><category_id>1454783</category_id><name>Troubleshooting #8 Group 4</name><short_name>Ts8G4</short_name><sort_order>137</sort_order><show_average>false</show_average><show_distribution>false</show_distribution><description text_type="text/html" is_displayed="false" /><type_id>1</type_id><is_active>true</is_active><scoring><can_exceed_weight>false</can_exceed_weight><out_of>10</out_of><is_bonus>false</is_bonus><max_grade>10</max_grade><exclude_from_final_grade_calc>false</exclude_from_final_grade_calc><is_milestone_grade>false</is_milestone_grade></scoring></item><item id="688" identifier="1454795" resource_code="byui_produ-408096,byui_produ-413152,byui_produ-511045,byui_produ-515770,byui_produ-580229,byui_produ-580251,byui_produ-593854,byui_produ-594178,byui_produ-594501,byui_produ-594856,byui_produ-595375"><category_id>1454783</category_id><name>Troubleshooting #9 Group 1</name><short_name>Ts9G1</short_name><sort_order>138</sort_order><show_average>false</show_average><show_distribution>false</show_distribution><description text_type="text/html" is_displayed="false" /><type_id>1</type_id><is_active>true</is_active><scoring><can_exceed_weight>false</can_exceed_weight><out_of>10</out_of><is_bonus>false</is_bonus><max_grade>10</max_grade><exclude_from_final_grade_calc>false</exclude_from_final_grade_calc><is_milestone_grade>false</is_milestone_grade></scoring></item><item id="689" identifier="1454796" resource_code="byui_produ-408097,byui_produ-413153,byui_produ-511046,byui_produ-515771,byui_produ-580230,byui_produ-580252,byui_produ-593855,byui_produ-594179,byui_produ-594502,byui_produ-594857,byui_produ-595376"><category_id>1454783</category_id><name>Troubleshooting #9 Group 2</name><short_name>Ts9G2</short_name><sort_order>139</sort_order><show_average>false</show_average><show_distribution>false</show_distribution><description text_type="text/html" is_displayed="false" /><type_id>1</type_id><is_active>true</is_active><scoring><can_exceed_weight>false</can_exceed_weight><out_of>10</out_of><is_bonus>false</is_bonus><max_grade>10</max_grade><exclude_from_final_grade_calc>false</exclude_from_final_grade_calc><is_milestone_grade>false</is_milestone_grade></scoring></item><item id="690" identifier="1454797" resource_code="byui_produ-408098,byui_produ-413154,byui_produ-511047,byui_produ-515772,byui_produ-580231,byui_produ-580253,byui_produ-593856,byui_produ-594180,byui_produ-594503,byui_produ-594858,byui_produ-595377"><category_id>1454783</category_id><name>Troubleshooting #9 Group 3</name><short_name>Ts9G3</short_name><sort_order>140</sort_order><show_average>false</show_average><show_distribution>false</show_distribution><description text_type="text/html" is_displayed="false" /><type_id>1</type_id><is_active>true</is_active><scoring><can_exceed_weight>false</can_exceed_weight><out_of>10</out_of><is_bonus>false</is_bonus><max_grade>10</max_grade><exclude_from_final_grade_calc>false</exclude_from_final_grade_calc><is_milestone_grade>false</is_milestone_grade></scoring></item><item id="691" identifier="1454798" resource_code="byui_produ-408099,byui_produ-413155,byui_produ-511048,byui_produ-515773,byui_produ-580232,byui_produ-580254,byui_produ-593857,byui_produ-594181,byui_produ-594504,byui_produ-594859,byui_produ-595378"><category_id>1454783</category_id><name>Troubleshooting #9 Group 4</name><short_name>Ts9G4</short_name><sort_order>141</sort_order><show_average>false</show_average><show_distribution>false</show_distribution><description text_type="text/html" is_displayed="false" /><type_id>1</type_id><is_active>true</is_active><scoring><can_exceed_weight>false</can_exceed_weight><out_of>10</out_of><is_bonus>false</is_bonus><max_grade>10</max_grade><exclude_from_final_grade_calc>false</exclude_from_final_grade_calc><is_milestone_grade>false</is_milestone_grade></scoring></item></items></grades>