﻿<?xml version="1.0" encoding="UTF-8"?>
<manifest identifier="D2L_65437" xmlns:d2l_2p0="http://desire2learn.com/xsd/d2lcp_v2p0" xmlns:scorm_1p2="http://www.adlnet.org/xsd/adlcp_rootv1p2" xmlns="http://www.imsglobal.org/xsd/imscp_v1p1">
    <organizations default="d2l_orgs">
        <organization identifier="d2l_org">
            <item identifier="4076705" identifierref="RES_CONTENT_4076705" d2l_2p0:id="1" description="" completion_type="2">
                <title>Test Environment</title>
                <item identifier="4076706" identifierref="RES_CONTENT_4076706" d2l_2p0:id="2" d2l_2p0:resource_code="byui_production-1352446" description="" completion_type="2" resource_type_key="">
                    <title>L01 Questions and Conversations</title>
                </item>
                <item identifier="4086370" identifierref="RES_CONTENT_4086370" d2l_2p0:id="3" description="" completion_type="2" resource_type_key="">
                    <title>Potato</title>
                </item>
                <item identifier="4090719" identifierref="RES_CONTENT_4090719" d2l_2p0:id="4" description="" completion_type="2" resource_type_key="">
                    <title>Chapter 03 Quiz</title>
                </item>
                <item identifier="4710228" identifierref="RES_CONTENT_4710228" d2l_2p0:id="5" d2l_2p0:resource_code="byui_production-1553138" description="" completion_type="2" resource_type_key="">
                    <title>File1</title>
                </item>
                <item identifier="4710230" identifierref="RES_CONTENT_4710230" d2l_2p0:id="6" d2l_2p0:resource_code="byui_production-1545892" description="" completion_type="2" resource_type_key="">
                    <title>File2</title>
                </item>
            </item>
            <item identifier="4077071" identifierref="RES_CONTENT_4077071" d2l_2p0:id="7" d2l_2p0:resource_code="byui_produ-336380" description="" completion_type="2">
                <title>FDDA 240</title>
                <item identifier="4077078" identifierref="RES_CONTENT_4077078" d2l_2p0:id="8" d2l_2p0:resource_code="byui_produ-377907" description="" completion_type="2">
                    <title>Professor Resources</title>
                    <item identifier="4077097" identifierref="RES_CONTENT_4077097" d2l_2p0:id="9" d2l_2p0:resource_code="byui_produ-377914" description="" completion_type="2">
                        <title>Guide to Teaching this Course</title>
                    </item>
                    <item identifier="4077098" identifierref="RES_CONTENT_4077098" d2l_2p0:id="10" d2l_2p0:resource_code="byui_produ-377915" description="" completion_type="2">
                        <title>Course Improvement Log</title>
                    </item>
                </item>
                <item identifier="4077075" identifierref="RES_CONTENT_4077075" d2l_2p0:id="11" d2l_2p0:resource_code="byui_produ-125665" description="" completion_type="2">
                    <title>Course Introduction</title>
                    <item identifier="4077095" identifierref="RES_CONTENT_4077095" d2l_2p0:id="12" d2l_2p0:resource_code="byui_produ-125666" description="" completion_type="2">
                        <title>Prepare</title>
                        <item identifier="4077150" identifierref="RES_CONTENT_4077150" d2l_2p0:id="13" d2l_2p0:resource_code="byui_produ-125667" description="" completion_type="2">
                            <title>Welcome Discussion Board- Instructions </title>
                        </item>
                        <item identifier="4077151" identifierref="RES_CONTENT_4077151" d2l_2p0:id="14" d2l_2p0:resource_code="byui_produ-125669" description="" completion_type="2">
                            <title>Welcome Discussion Board- Initial Post </title>
                        </item>
                        <item identifier="4077137" identifierref="RES_CONTENT_4077137" d2l_2p0:id="15" d2l_2p0:resource_code="byui_produ-125668" description="" completion_type="2" resource_type_key="">
                            <title>Welcome Discussion Board</title>
                        </item>
                        <item identifier="4077152" identifierref="RES_CONTENT_4077152" d2l_2p0:id="16" d2l_2p0:resource_code="byui_produ-125670" description="" completion_type="2">
                            <title>Welcome Discussion Board- Replies </title>
                        </item>
                    </item>
                    <item identifier="4077096" identifierref="RES_CONTENT_4077096" d2l_2p0:id="17" d2l_2p0:resource_code="byui_produ-125671" description="" completion_type="2">
                        <title>Ponder and Prove</title>
                        <item identifier="4077153" identifierref="RES_CONTENT_4077153" d2l_2p0:id="18" d2l_2p0:resource_code="byui_produ-125672" description="" completion_type="2">
                            <title>Syllabus Quiz- Instructions </title>
                        </item>
                        <item identifier="4077138" identifierref="RES_CONTENT_4077138" d2l_2p0:id="19" d2l_2p0:resource_code="byui_produ-124131" description="" completion_type="2">
                            <title>Read the Syllabus</title>
                        </item>
                    </item>
                </item>
                <item identifier="4077076" identifierref="RES_CONTENT_4077076" d2l_2p0:id="20" d2l_2p0:resource_code="byui_produ-125673" description="" completion_type="2">
                    <title>Lesson 01</title>
                    <item identifier="4077093" identifierref="RES_CONTENT_4077093" d2l_2p0:id="21" d2l_2p0:resource_code="byui_produ-125674" description="" completion_type="2">
                        <title>Prepare</title>
                        <item identifier="4077139" identifierref="RES_CONTENT_4077139" d2l_2p0:id="22" d2l_2p0:resource_code="byui_produ-125675" description="" completion_type="2">
                            <title>Reading- Week 1</title>
                        </item>
                    </item>
                    <item identifier="4077094" identifierref="RES_CONTENT_4077094" d2l_2p0:id="23" d2l_2p0:resource_code="byui_produ-125676" description="" completion_type="2">
                        <title>Ponder and Prove</title>
                        <item identifier="4077147" identifierref="RES_CONTENT_4077147" d2l_2p0:id="24" d2l_2p0:resource_code="byui_produ-125677" description="" completion_type="2">
                            <title>Chapter 01 Charms- Instructions </title>
                        </item>
                        <item identifier="4077141" identifierref="RES_CONTENT_4077141" d2l_2p0:id="25" d2l_2p0:resource_code="byui_produ-124098" description="" completion_type="2">
                            <title>Chapter 01 Charms</title>
                        </item>
                        <item identifier="4077146" identifierref="RES_CONTENT_4077146" d2l_2p0:id="26" d2l_2p0:resource_code="byui_produ-125678" description="" completion_type="2">
                            <title>Chapter 01 Quiz- Instructions </title>
                        </item>
                        <item identifier="4077140" identifierref="RES_CONTENT_4077140" d2l_2p0:id="27" d2l_2p0:resource_code="byui_produ-124094" description="" completion_type="2">
                            <title>Chapter 01 Quiz</title>
                        </item>
                    </item>
                </item>
                <item identifier="4077077" identifierref="RES_CONTENT_4077077" d2l_2p0:id="28" d2l_2p0:resource_code="byui_produ-125679" description="" completion_type="2">
                    <title>Lesson 02</title>
                    <item identifier="4077091" identifierref="RES_CONTENT_4077091" d2l_2p0:id="29" d2l_2p0:resource_code="byui_produ-125680" description="" completion_type="2">
                        <title>Prepare</title>
                        <item identifier="4077143" identifierref="RES_CONTENT_4077143" d2l_2p0:id="30" d2l_2p0:resource_code="byui_produ-125681" description="" completion_type="2">
                            <title>Reading- Week 2</title>
                        </item>
                        <item identifier="4077142" identifierref="RES_CONTENT_4077142" d2l_2p0:id="31" d2l_2p0:resource_code="byui_produ-125372" description="" completion_type="2">
                            <title>Spellcasting Review 1- Reminder</title>
                        </item>
                    </item>
                    <item identifier="4077092" identifierref="RES_CONTENT_4077092" d2l_2p0:id="32" d2l_2p0:resource_code="byui_produ-125682" description="" completion_type="2">
                        <title>Ponder and Prove</title>
                        <item identifier="4077149" identifierref="RES_CONTENT_4077149" d2l_2p0:id="33" d2l_2p0:resource_code="byui_produ-125683" description="" completion_type="2">
                            <title>Chapter 02 Charms- Instructions </title>
                        </item>
                        <item identifier="4077145" identifierref="RES_CONTENT_4077145" d2l_2p0:id="34" d2l_2p0:resource_code="byui_produ-125684" description="" completion_type="2" date_due="2018-02-19T15:00:00">
                            <title>Chapter 02 Charms</title>
                        </item>
                        <item identifier="4077148" identifierref="RES_CONTENT_4077148" d2l_2p0:id="35" d2l_2p0:resource_code="byui_produ-125685" description="" completion_type="2">
                            <title>Chapter 02 Quiz- Instructions </title>
                        </item>
                        <item identifier="4077144" identifierref="RES_CONTENT_4077144" d2l_2p0:id="36" d2l_2p0:resource_code="byui_produ-77130" description="" completion_type="2" date_due="2018-02-18T06:59:00">
                            <title>Chapter 02 Quiz</title>
                        </item>
                    </item>
                </item>
            </item>
            <item identifier="4077072" identifierref="RES_CONTENT_4077072" d2l_2p0:id="37" d2l_2p0:resource_code="byui_produ-377904" description="" completion_type="2">
                <title>FDHUM BB8</title>
                <item identifier="4077083" identifierref="RES_CONTENT_4077083" d2l_2p0:id="38" d2l_2p0:resource_code="byui_produ-377912" description="" completion_type="2">
                    <title>Instructor Resources</title>
                    <item identifier="4077123" identifierref="RES_CONTENT_4077123" d2l_2p0:id="39" d2l_2p0:resource_code="byui_produ-377935" description="" completion_type="2">
                        <title>Course Improvement Log</title>
                    </item>
                </item>
                <item identifier="4077079" identifierref="RES_CONTENT_4077079" d2l_2p0:id="40" d2l_2p0:resource_code="byui_produ-377908" description="" completion_type="2" date_start="2032-01-03T07:00:00">
                    <title>Week 01</title>
                    <item identifier="4077099" identifierref="RES_CONTENT_4077099" d2l_2p0:id="41" d2l_2p0:resource_code="byui_produ-377916" description="" completion_type="2">
                        <title>Welcome to FDHUM BB-8! </title>
                    </item>
                    <item identifier="4077102" identifierref="RES_CONTENT_4077102" d2l_2p0:id="42" d2l_2p0:resource_code="byui_produ-377917" description="" completion_type="2">
                        <title>Syllabus</title>
                    </item>
                    <item identifier="4077103" identifierref="RES_CONTENT_4077103" d2l_2p0:id="43" d2l_2p0:resource_code="byui_produ-377918" description="" completion_type="2">
                        <title>Schedule</title>
                    </item>
                    <item identifier="4077100" identifierref="RES_CONTENT_4077100" d2l_2p0:id="44" d2l_2p0:resource_code="byui_produ-358087" description="" completion_type="2">
                        <title>Reading Week 01</title>
                    </item>
                    <item identifier="4077110" identifierref="RES_CONTENT_4077110" d2l_2p0:id="45" d2l_2p0:resource_code="byui_produ-377922" description="" completion_type="2">
                        <title>Introduce Yourself - Instructions</title>
                    </item>
                    <item identifier="4077101" identifierref="RES_CONTENT_4077101" d2l_2p0:id="46" d2l_2p0:resource_code="byui_produ-367500" description="" completion_type="2" date_due="2032-01-12T15:00:00" resource_type_key="">
                        <title>/d2l/common/dialogs/quickLink/quickLink.d2l?ou={orgUnitId}&amp;type=discuss&amp;rCode=byui_produ-348353</title>
                    </item>
                    <item identifier="4077111" identifierref="RES_CONTENT_4077111" d2l_2p0:id="47" d2l_2p0:resource_code="byui_produ-377923" description="" completion_type="2">
                        <title>Week 01 Reading Quiz - Instructions</title>
                    </item>
                    <item identifier="4077109" identifierref="RES_CONTENT_4077109" d2l_2p0:id="48" d2l_2p0:resource_code="byui_produ-377921" description="" completion_type="2" date_start="2032-01-03T07:00:00" date_end="2032-01-12T15:00:00" resource_type_key="">
                        <title>/d2l/common/dialogs/quickLink/quickLink.d2l?ou={orgUnitId}&amp;type=quiz&amp;rCode=byui_produ-358088</title>
                    </item>
                </item>
                <item identifier="4077080" identifierref="RES_CONTENT_4077080" d2l_2p0:id="49" d2l_2p0:resource_code="byui_produ-377909" description="" completion_type="2" date_start="2032-01-03T07:00:00">
                    <title>Week 02</title>
                    <item identifier="4077104" identifierref="RES_CONTENT_4077104" d2l_2p0:id="50" d2l_2p0:resource_code="byui_produ-348382" description="" completion_type="2">
                        <title>Reading Week 02</title>
                    </item>
                    <item identifier="4077112" identifierref="RES_CONTENT_4077112" d2l_2p0:id="51" d2l_2p0:resource_code="byui_produ-377924" description="" completion_type="2">
                        <title>Discussion Board Week 02 - Instructions</title>
                    </item>
                    <item identifier="4077115" identifierref="RES_CONTENT_4077115" d2l_2p0:id="52" d2l_2p0:resource_code="byui_produ-377927" description="" completion_type="2" date_due="2032-01-19T15:00:00" resource_type_key="">
                        <title>Weekly Discussion - Week 2</title>
                    </item>
                    <item identifier="4077113" identifierref="RES_CONTENT_4077113" d2l_2p0:id="53" d2l_2p0:resource_code="byui_produ-377925" description="" completion_type="2">
                        <title>Bi-Weekly Meditation Journal - Instructions</title>
                    </item>
                    <item identifier="4077108" identifierref="RES_CONTENT_4077108" d2l_2p0:id="54" d2l_2p0:resource_code="byui_produ-377920" description="" completion_type="2" date_start="2032-01-03T07:00:00" date_end="2032-01-19T15:00:00" resource_type_key="">
                        <title>/d2l/common/dialogs/quickLink/quickLink.d2l?ou={orgUnitId}&amp;type=quiz&amp;rCode=byui_produ-348445</title>
                    </item>
                    <item identifier="4077114" identifierref="RES_CONTENT_4077114" d2l_2p0:id="55" d2l_2p0:resource_code="byui_produ-377926" description="" completion_type="2">
                        <title>Week 02 Reading Quiz - Instructions</title>
                    </item>
                    <item identifier="4077105" identifierref="RES_CONTENT_4077105" d2l_2p0:id="56" d2l_2p0:resource_code="byui_produ-367502" description="" completion_type="2" date_start="2032-01-03T07:00:00" date_end="2032-01-19T15:00:00" resource_type_key="">
                        <title>/d2l/common/dialogs/quickLink/quickLink.d2l?ou={orgUnitId}&amp;type=quiz&amp;rCode=byui_produ-348383</title>
                    </item>
                </item>
                <item identifier="4077081" identifierref="RES_CONTENT_4077081" d2l_2p0:id="57" d2l_2p0:resource_code="byui_produ-377910" description="" completion_type="2" date_start="2032-01-10T07:00:00">
                    <title>Week 03</title>
                    <item identifier="4077106" identifierref="RES_CONTENT_4077106" d2l_2p0:id="58" d2l_2p0:resource_code="byui_produ-348413" description="" completion_type="2">
                        <title>Reading Week 03</title>
                    </item>
                    <item identifier="4077116" identifierref="RES_CONTENT_4077116" d2l_2p0:id="59" d2l_2p0:resource_code="byui_produ-377928" description="" completion_type="2">
                        <title>Discussion Board Week 03 - Instructions</title>
                    </item>
                    <item identifier="4077117" identifierref="RES_CONTENT_4077117" d2l_2p0:id="60" d2l_2p0:resource_code="byui_produ-377929" description="" completion_type="2" date_due="2032-01-26T15:00:00" resource_type_key="">
                        <title>Weekly Discussion - Week 3</title>
                    </item>
                    <item identifier="4077118" identifierref="RES_CONTENT_4077118" d2l_2p0:id="61" d2l_2p0:resource_code="byui_produ-377930" description="" completion_type="2">
                        <title>Week 03 Reading Quiz - Instructions</title>
                    </item>
                    <item identifier="4077107" identifierref="RES_CONTENT_4077107" d2l_2p0:id="62" d2l_2p0:resource_code="byui_produ-377919" description="" completion_type="2" date_start="2032-01-10T07:00:00" date_end="2032-01-26T15:00:00" resource_type_key="">
                        <title>/d2l/common/dialogs/quickLink/quickLink.d2l?ou={orgUnitId}&amp;type=quiz&amp;rCode=byui_produ-348411</title>
                    </item>
                </item>
                <item identifier="4077082" identifierref="RES_CONTENT_4077082" d2l_2p0:id="63" d2l_2p0:resource_code="byui_produ-377911" description="" completion_type="2" date_start="2032-01-17T07:00:00">
                    <title>Week 04</title>
                    <item identifier="4077119" identifierref="RES_CONTENT_4077119" d2l_2p0:id="64" d2l_2p0:resource_code="byui_produ-377931" description="" completion_type="2">
                        <title>Reading Week 04</title>
                    </item>
                    <item identifier="4077120" identifierref="RES_CONTENT_4077120" d2l_2p0:id="65" d2l_2p0:resource_code="byui_produ-377932" description="" completion_type="2">
                        <title>Discussion Board Week 04 - Instructions</title>
                    </item>
                    <item identifier="4077121" identifierref="RES_CONTENT_4077121" d2l_2p0:id="66" d2l_2p0:resource_code="byui_produ-377933" description="" completion_type="2" date_due="2032-02-02T15:00:00" resource_type_key="">
                        <title>Weekly Discussion - Week 4</title>
                    </item>
                    <item identifier="4077124" identifierref="RES_CONTENT_4077124" d2l_2p0:id="67" d2l_2p0:resource_code="byui_produ-377936" description="" completion_type="2">
                        <title>Unit One Group Report - Instructions</title>
                    </item>
                    <item identifier="4077122" identifierref="RES_CONTENT_4077122" d2l_2p0:id="68" d2l_2p0:resource_code="byui_produ-377934" description="" completion_type="2" date_due="2032-02-02T15:00:00" resource_type_key="">
                        <title>/d2l/common/dialogs/quickLink/quickLink.d2l?ou={orgUnitId}&amp;type=dropbox&amp;rCode=byui_produ-370332</title>
                    </item>
                    <item identifier="4077125" identifierref="RES_CONTENT_4077125" d2l_2p0:id="69" d2l_2p0:resource_code="byui_produ-390569" description="" completion_type="2" resource_type_key="">
                        <title>/d2l/common/dialogs/quickLink/quickLink.d2l?ou={orgUnitId}&amp;type=quiz&amp;rCode=byui_produ-390466</title>
                    </item>
                </item>
                <item identifier="4077090" identifierref="RES_CONTENT_4077090" d2l_2p0:id="70" d2l_2p0:resource_code="byui_produ-408149" description="" completion_type="2">
                    <title>Troubleshooting Tickets</title>
                    <item identifier="4077134" identifierref="RES_CONTENT_4077134" d2l_2p0:id="71" d2l_2p0:resource_code="byui_produ-412100" description="" completion_type="2" resource_type_key="">
                        <title>Troubleshooting Forum #1</title>
                    </item>
                    <item identifier="4077133" identifierref="RES_CONTENT_4077133" d2l_2p0:id="72" d2l_2p0:resource_code="byui_produ-408185" description="" completion_type="2" resource_type_key="">
                        <title>Troubleshooting Forum #2</title>
                    </item>
                    <item identifier="4077132" identifierref="RES_CONTENT_4077132" d2l_2p0:id="73" d2l_2p0:resource_code="byui_produ-408184" description="" completion_type="2" resource_type_key="">
                        <title>Troubleshooting Forum #3</title>
                    </item>
                    <item identifier="4077128" identifierref="RES_CONTENT_4077128" d2l_2p0:id="74" d2l_2p0:resource_code="byui_produ-408180" description="" completion_type="2" resource_type_key="">
                        <title>Troubleshooting Forum #4</title>
                    </item>
                    <item identifier="4077127" identifierref="RES_CONTENT_4077127" d2l_2p0:id="75" d2l_2p0:resource_code="byui_produ-408179" description="" completion_type="2" resource_type_key="">
                        <title>Broken Forum #2</title>
                    </item>
                    <item identifier="4077130" identifierref="RES_CONTENT_4077130" d2l_2p0:id="76" d2l_2p0:resource_code="byui_produ-408182" description="" completion_type="2" resource_type_key="">
                        <title>Troubleshooting Forum #6</title>
                    </item>
                    <item identifier="4077126" identifierref="RES_CONTENT_4077126" d2l_2p0:id="77" d2l_2p0:resource_code="byui_produ-408178" description="" completion_type="2" resource_type_key="">
                        <title>/d2l/common/dialogs/quickLink/quickLink.d2l?ou={orgUnitId}&amp;type=discuss&amp;rCode=byui_produ-404948</title>
                    </item>
                    <item identifier="4077129" identifierref="RES_CONTENT_4077129" d2l_2p0:id="78" d2l_2p0:resource_code="byui_produ-408181" description="" completion_type="2" resource_type_key="">
                        <title>Troubleshooting Forum #8</title>
                    </item>
                    <item identifier="4077131" identifierref="RES_CONTENT_4077131" d2l_2p0:id="79" d2l_2p0:resource_code="byui_produ-408183" description="" completion_type="2" resource_type_key="">
                        <title>Troubleshooting Forum #9</title>
                    </item>
                    <item identifier="4077135" identifierref="RES_CONTENT_4077135" d2l_2p0:id="80" d2l_2p0:resource_code="byui_produ-412101" description="" completion_type="2" resource_type_key="">
                        <title>Troubleshooting Forum #10</title>
                    </item>
                </item>
            </item>
            <item identifier="4077073" identifierref="RES_CONTENT_4077073" d2l_2p0:id="81" d2l_2p0:resource_code="byui_produ-377905" description="" completion_type="2">
                <title>LIT 111</title>
                <item identifier="4077085" identifierref="RES_CONTENT_4077085" d2l_2p0:id="82" d2l_2p0:resource_code="byui_produ-389732" description="" completion_type="2">
                    <title>Instructor Resources</title>
                </item>
                <item identifier="4077086" identifierref="RES_CONTENT_4077086" d2l_2p0:id="83" d2l_2p0:resource_code="byui_produ-389733" description="" completion_type="2">
                    <title>Week 1</title>
                    <item identifier="4077136" identifierref="RES_CONTENT_4077136" d2l_2p0:id="84" d2l_2p0:resource_code="byui_produ-585931" description="" completion_type="2">
                        <title>Syllabus</title>
                    </item>
                </item>
                <item identifier="4077087" identifierref="RES_CONTENT_4077087" d2l_2p0:id="85" d2l_2p0:resource_code="byui_produ-389734" description="" completion_type="2">
                    <title>Week 2</title>
                </item>
                <item identifier="4077088" identifierref="RES_CONTENT_4077088" d2l_2p0:id="86" d2l_2p0:resource_code="byui_produ-389735" description="" completion_type="2">
                    <title>Week 3</title>
                </item>
                <item identifier="4077089" identifierref="RES_CONTENT_4077089" d2l_2p0:id="87" d2l_2p0:resource_code="byui_produ-389736" description="" completion_type="2">
                    <title>Week 4</title>
                </item>
            </item>
            <item identifier="4077074" identifierref="RES_CONTENT_4077074" d2l_2p0:id="88" description="" completion_type="2">
                <title>Sandbox</title>
                <item identifier="4077084" identifierref="RES_CONTENT_4077084" d2l_2p0:id="89" description="" completion_type="2" resource_type_key="">
                    <title>/d2l/common/dialogs/quickLink/quickLink.d2l?ou={orgUnitId}&amp;type=quiz&amp;rCode=byui_produ-373816</title>
                </item>
            </item>
            <item identifier="4077157" identifierref="RES_CONTENT_4077157" d2l_2p0:id="90" d2l_2p0:resource_code="byui_produ-377906" description="" completion_type="2">
                <title>Sandbox</title>
                <item identifier="4077158" identifierref="RES_CONTENT_4077158" d2l_2p0:id="91" d2l_2p0:resource_code="byui_produ-377913" description="" completion_type="2" resource_type_key="">
                    <title>/d2l/common/dialogs/quickLink/quickLink.d2l?ou={orgUnitId}&amp;type=quiz&amp;rCode=byui_produ-373816</title>
                </item>
                <item identifier="4077159" identifierref="RES_CONTENT_4077159" d2l_2p0:id="92" d2l_2p0:resource_code="byui_production-1352448" description="" completion_type="2" resource_type_key="">
                    <title>Test Example</title>
                </item>
            </item>
            <item identifier="4077832" identifierref="RES_CONTENT_4077832" d2l_2p0:id="93" description="" completion_type="2">
                <title>Test</title>
                <item identifier="4077833" identifierref="RES_CONTENT_4077833" d2l_2p0:id="94" d2l_2p0:resource_code="byui_production-1352847" description="" completion_type="2" resource_type_key="">
                    <title>Test 1</title>
                </item>
                <item identifier="4077834" identifierref="RES_CONTENT_4077834" d2l_2p0:id="95" d2l_2p0:resource_code="byui_production-1403061" description="" completion_type="2" resource_type_key="">
                    <title>Test 2</title>
                </item>
                <item identifier="4112289" identifierref="RES_CONTENT_4112289" d2l_2p0:id="96" description="" completion_type="2" date_end="2017-06-26T20:40:00" resource_type_key="">
                    <title>End Date Test</title>
                </item>
                <item identifier="4162054" identifierref="RES_CONTENT_4162054" d2l_2p0:id="97" d2l_2p0:resource_code="byui_production-1468995" description="" completion_type="2" resource_type_key="">
                    <title>Course Search External Links</title>
                </item>
            </item>
            <item identifier="4162840" identifierref="RES_CONTENT_4162840" d2l_2p0:id="98" description="" completion_type="2">
                <title>Course Search - External Links</title>
                <item identifier="4162841" identifierref="RES_CONTENT_4162841" d2l_2p0:id="99" d2l_2p0:resource_code="byui_production-1469859" description="" completion_type="2" resource_type_key="">
                    <title>Course Search - External Links V2.0</title>
                </item>
            </item>
        </organization>
    </organizations>
    <resources>
        <resource identifier="RES_CONTENT_4076705" type="webcontent" d2l_2p0:material_type="contentmodule" d2l_2p0:link_target="" href="" title="" />
        <resource identifier="RES_CONTENT_4076706" type="webcontent" d2l_2p0:material_type="content" d2l_2p0:link_target="" href="Student Retention.html" title="" />
        <resource identifier="RES_CONTENT_4086370" type="webcontent" d2l_2p0:material_type="contentlink" d2l_2p0:link_target="_self" href="/d2l/common/dialogs/quickLink/quickLink.d2l?ou={orgUnitId}&amp;type=dropbox&amp;rCode=byui_production-1357664" title="" />
        <resource identifier="RES_CONTENT_4090719" type="webcontent" d2l_2p0:material_type="contentlink" d2l_2p0:link_target="_self" href="/d2l/common/dialogs/quickLink/quickLink.d2l?ou={orgUnitId}&amp;type=quiz&amp;rcode=byui_production-1360040" title="" />
        <resource identifier="RES_CONTENT_4710228" type="webcontent" d2l_2p0:material_type="content" d2l_2p0:link_target="" href="File1.html" title="" />
        <resource identifier="RES_CONTENT_4710230" type="webcontent" d2l_2p0:material_type="content" d2l_2p0:link_target="" href="File2.html" title="" />
        <resource identifier="RES_CONTENT_4077071" type="webcontent" d2l_2p0:material_type="contentmodule" d2l_2p0:link_target="" href="" title="" />
        <resource identifier="RES_CONTENT_4077078" type="webcontent" d2l_2p0:material_type="contentmodule" d2l_2p0:link_target="" href="" title="" />
        <resource identifier="RES_CONTENT_4077097" type="webcontent" d2l_2p0:material_type="content" d2l_2p0:link_target="" href="FDDA 240\Guide to Teaching this Course.html" title="" />
        <resource identifier="RES_CONTENT_4077098" type="webcontent" d2l_2p0:material_type="content" d2l_2p0:link_target="" href="FDDA 240\Course Improvement Log.html" title="" />
        <resource identifier="RES_CONTENT_4077075" type="webcontent" d2l_2p0:material_type="contentmodule" d2l_2p0:link_target="" href="" title="" />
        <resource identifier="RES_CONTENT_4077095" type="webcontent" d2l_2p0:material_type="contentmodule" d2l_2p0:link_target="" href="" title="" />
        <resource identifier="RES_CONTENT_4077150" type="webcontent" d2l_2p0:material_type="content" d2l_2p0:link_target="" href="FDDA 240\Welcome Discussion Board- Instructions.html" title="" />
        <resource identifier="RES_CONTENT_4077151" type="webcontent" d2l_2p0:material_type="content" d2l_2p0:link_target="" href="FDDA 240\Welcome Discussion Board- Initial Post.html" title="" />
        <resource identifier="RES_CONTENT_4077137" type="webcontent" d2l_2p0:material_type="contentlink" d2l_2p0:link_target="_self" href="/d2l/common/dialogs/quickLink/quickLink.d2l?ou={orgUnitId}&amp;type=discuss&amp;rcode=byui_produ-27777" title="" />
        <resource identifier="RES_CONTENT_4077152" type="webcontent" d2l_2p0:material_type="content" d2l_2p0:link_target="" href="FDDA 240\Welcome Discussion Board- Replies.html" title="" />
        <resource identifier="RES_CONTENT_4077096" type="webcontent" d2l_2p0:material_type="contentmodule" d2l_2p0:link_target="" href="" title="" />
        <resource identifier="RES_CONTENT_4077153" type="webcontent" d2l_2p0:material_type="content" d2l_2p0:link_target="" href="FDDA 240\Syllabus Quiz- Instructions.html" title="" />
        <resource identifier="RES_CONTENT_4077138" type="webcontent" d2l_2p0:material_type="contentlink" d2l_2p0:link_target="" href="/d2l/common/dialogs/quickLink/quickLink.d2l?ou={orgUnitId}&amp;type=quiz&amp;rCode=byui_produ-27781" title="" />
        <resource identifier="RES_CONTENT_4077076" type="webcontent" d2l_2p0:material_type="contentmodule" d2l_2p0:link_target="" href="" title="" />
        <resource identifier="RES_CONTENT_4077093" type="webcontent" d2l_2p0:material_type="contentmodule" d2l_2p0:link_target="" href="" title="" />
        <resource identifier="RES_CONTENT_4077139" type="webcontent" d2l_2p0:material_type="content" d2l_2p0:link_target="" href="FDDA 240\Reading Week 1.html" title="" />
        <resource identifier="RES_CONTENT_4077094" type="webcontent" d2l_2p0:material_type="contentmodule" d2l_2p0:link_target="" href="" title="" />
        <resource identifier="RES_CONTENT_4077147" type="webcontent" d2l_2p0:material_type="content" d2l_2p0:link_target="" href="FDDA 240\Chapter 01 Charms- Instructions.html" title="" />
        <resource identifier="RES_CONTENT_4077141" type="webcontent" d2l_2p0:material_type="contentlink" d2l_2p0:link_target="" href="/d2l/common/dialogs/quickLink/quickLink.d2l?ou={orgUnitId}&amp;type=dropbox&amp;rCode=byui_produ-27785" title="" />
        <resource identifier="RES_CONTENT_4077146" type="webcontent" d2l_2p0:material_type="content" d2l_2p0:link_target="" href="FDDA 240\Chapter 01 Quiz- Instructions.html" title="" />
        <resource identifier="RES_CONTENT_4077140" type="webcontent" d2l_2p0:material_type="contentlink" d2l_2p0:link_target="" href="/d2l/common/dialogs/quickLink/quickLink.d2l?ou={orgUnitId}&amp;type=quiz&amp;rCode=byui_produ-27784" title="" />
        <resource identifier="RES_CONTENT_4077077" type="webcontent" d2l_2p0:material_type="contentmodule" d2l_2p0:link_target="" href="" title="" />
        <resource identifier="RES_CONTENT_4077091" type="webcontent" d2l_2p0:material_type="contentmodule" d2l_2p0:link_target="" href="" title="" />
        <resource identifier="RES_CONTENT_4077143" type="webcontent" d2l_2p0:material_type="content" d2l_2p0:link_target="" href="FDDA 240\Reading Week 2.html" title="" />
        <resource identifier="RES_CONTENT_4077142" type="webcontent" d2l_2p0:material_type="content" d2l_2p0:link_target="" href="FDDA 240\Spellcasting Review 1 Reminder.html" title="" />
        <resource identifier="RES_CONTENT_4077092" type="webcontent" d2l_2p0:material_type="contentmodule" d2l_2p0:link_target="" href="" title="" />
        <resource identifier="RES_CONTENT_4077149" type="webcontent" d2l_2p0:material_type="content" d2l_2p0:link_target="" href="FDDA 240\Chapter 02 Charms- Instructions.html" title="" />
        <resource identifier="RES_CONTENT_4077145" type="webcontent" d2l_2p0:material_type="contentlink" d2l_2p0:link_target="" href="/d2l/common/dialogs/quickLink/quickLink.d2l?ou={orgUnitId}&amp;type=dropbox&amp;rCode=byui_produ-27799" title="" />
        <resource identifier="RES_CONTENT_4077148" type="webcontent" d2l_2p0:material_type="content" d2l_2p0:link_target="" href="FDDA 240\Chapter 02 Quiz- Instructions.html" title="" />
        <resource identifier="RES_CONTENT_4077144" type="webcontent" d2l_2p0:material_type="contentlink" d2l_2p0:link_target="" href="/d2l/common/dialogs/quickLink/quickLink.d2l?ou={orgUnitId}&amp;type=quiz&amp;rCode=byui_produ-27798" title="" />
        <resource identifier="RES_CONTENT_4077072" type="webcontent" d2l_2p0:material_type="contentmodule" d2l_2p0:link_target="" href="" title="" />
        <resource identifier="RES_CONTENT_4077083" type="webcontent" d2l_2p0:material_type="contentmodule" d2l_2p0:link_target="" href="" title="" />
        <resource identifier="RES_CONTENT_4077123" type="webcontent" d2l_2p0:material_type="content" d2l_2p0:link_target="" href="fdhum bb8\Course Improvement Log1.html" title="" />
        <resource identifier="RES_CONTENT_4077079" type="webcontent" d2l_2p0:material_type="contentmodule" d2l_2p0:link_target="" href="" title="" />
        <resource identifier="RES_CONTENT_4077099" type="webcontent" d2l_2p0:material_type="content" d2l_2p0:link_target="" href="fdhum bb8\Welcome to FDHUM BB-8!.html" title="" />
        <resource identifier="RES_CONTENT_4077102" type="webcontent" d2l_2p0:material_type="content" d2l_2p0:link_target="" href="fdhum bb8\Syllabus.html" title="" />
        <resource identifier="RES_CONTENT_4077103" type="webcontent" d2l_2p0:material_type="content" d2l_2p0:link_target="" href="fdhum bb8\Schedule.html" title="" />
        <resource identifier="RES_CONTENT_4077100" type="webcontent" d2l_2p0:material_type="content" d2l_2p0:link_target="" href="fdhum bb8\Reading Week 01.html" title="" />
        <resource identifier="RES_CONTENT_4077110" type="webcontent" d2l_2p0:material_type="content" d2l_2p0:link_target="" href="fdhum bb8\Introduce Yourself.html" title="" />
        <resource identifier="RES_CONTENT_4077101" type="webcontent" d2l_2p0:material_type="contentlink" d2l_2p0:link_target="_self" href="/d2l/common/dialogs/quickLink/quickLink.d2l?ou={orgUnitId}&amp;type=discuss&amp;rCode=byui_produ-348353" title="" />
        <resource identifier="RES_CONTENT_4077111" type="webcontent" d2l_2p0:material_type="content" d2l_2p0:link_target="" href="fdhum bb8\Week 01 Reading and Participation Quiz.html" title="" />
        <resource identifier="RES_CONTENT_4077109" type="webcontent" d2l_2p0:material_type="contentlink" d2l_2p0:link_target="_self" href="/d2l/common/dialogs/quickLink/quickLink.d2l?ou={orgUnitId}&amp;type=quiz&amp;rCode=byui_produ-358088" title="" />
        <resource identifier="RES_CONTENT_4077080" type="webcontent" d2l_2p0:material_type="contentmodule" d2l_2p0:link_target="" href="" title="" />
        <resource identifier="RES_CONTENT_4077104" type="webcontent" d2l_2p0:material_type="content" d2l_2p0:link_target="" href="fdhum bb8\The Origins of the Jedi.html" title="" />
        <resource identifier="RES_CONTENT_4077112" type="webcontent" d2l_2p0:material_type="content" d2l_2p0:link_target="" href="fdhum bb8\Discussion Board Week 02.html" title="" />
        <resource identifier="RES_CONTENT_4077115" type="webcontent" d2l_2p0:material_type="contentlink" d2l_2p0:link_target="_self" href="/d2l/common/dialogs/quickLink/quickLink.d2l?ou={orgUnitId}&amp;type=discuss&amp;rcode=byui_produ-370316" title="" />
        <resource identifier="RES_CONTENT_4077113" type="webcontent" d2l_2p0:material_type="content" d2l_2p0:link_target="" href="fdhum bb8\Bi-Weekly Meditation Journal.html" title="" />
        <resource identifier="RES_CONTENT_4077108" type="webcontent" d2l_2p0:material_type="contentlink" d2l_2p0:link_target="_self" href="/d2l/common/dialogs/quickLink/quickLink.d2l?ou={orgUnitId}&amp;type=quiz&amp;rCode=byui_produ-348445" title="" />
        <resource identifier="RES_CONTENT_4077114" type="webcontent" d2l_2p0:material_type="content" d2l_2p0:link_target="" href="fdhum bb8\Week 02 Reading Quiz - Instructions.html" title="" />
        <resource identifier="RES_CONTENT_4077105" type="webcontent" d2l_2p0:material_type="contentlink" d2l_2p0:link_target="_self" href="/d2l/common/dialogs/quickLink/quickLink.d2l?ou={orgUnitId}&amp;type=quiz&amp;rCode=byui_produ-348383" title="" />
        <resource identifier="RES_CONTENT_4077081" type="webcontent" d2l_2p0:material_type="contentmodule" d2l_2p0:link_target="" href="" title="" />
        <resource identifier="RES_CONTENT_4077106" type="webcontent" d2l_2p0:material_type="content" d2l_2p0:link_target="" href="fdhum bb8\Readings Lesson 02.html" title="" />
        <resource identifier="RES_CONTENT_4077116" type="webcontent" d2l_2p0:material_type="content" d2l_2p0:link_target="" href="fdhum bb8\Discussion Board Week 03 - Instructions.html" title="" />
        <resource identifier="RES_CONTENT_4077117" type="webcontent" d2l_2p0:material_type="contentlink" d2l_2p0:link_target="_self" href="/d2l/common/dialogs/quickLink/quickLink.d2l?ou={orgUnitId}&amp;type=discuss&amp;rcode=byui_produ-370317" title="" />
        <resource identifier="RES_CONTENT_4077118" type="webcontent" d2l_2p0:material_type="content" d2l_2p0:link_target="" href="fdhum bb8\Reading Week 03 - Instructions.html" title="" />
        <resource identifier="RES_CONTENT_4077107" type="webcontent" d2l_2p0:material_type="contentlink" d2l_2p0:link_target="_self" href="/d2l/common/dialogs/quickLink/quickLink.d2l?ou={orgUnitId}&amp;type=quiz&amp;rCode=byui_produ-348411" title="" />
        <resource identifier="RES_CONTENT_4077082" type="webcontent" d2l_2p0:material_type="contentmodule" d2l_2p0:link_target="" href="" title="" />
        <resource identifier="RES_CONTENT_4077119" type="webcontent" d2l_2p0:material_type="content" d2l_2p0:link_target="" href="fdhum bb8\Reading Week 04.html" title="" />
        <resource identifier="RES_CONTENT_4077120" type="webcontent" d2l_2p0:material_type="content" d2l_2p0:link_target="" href="fdhum bb8\Weekly Discussion - Instructions.html" title="" />
        <resource identifier="RES_CONTENT_4077121" type="webcontent" d2l_2p0:material_type="contentlink" d2l_2p0:link_target="_self" href="/d2l/common/dialogs/quickLink/quickLink.d2l?ou={orgUnitId}&amp;type=discuss&amp;rcode=byui_produ-370329" title="" />
        <resource identifier="RES_CONTENT_4077124" type="webcontent" d2l_2p0:material_type="content" d2l_2p0:link_target="" href="fdhum bb8\Unit One Group Report - Instructions.html" title="" />
        <resource identifier="RES_CONTENT_4077122" type="webcontent" d2l_2p0:material_type="contentlink" d2l_2p0:link_target="_self" href="/d2l/common/dialogs/quickLink/quickLink.d2l?ou={orgUnitId}&amp;type=dropbox&amp;rCode=byui_produ-370332" title="" />
        <resource identifier="RES_CONTENT_4077125" type="webcontent" d2l_2p0:material_type="contentlink" d2l_2p0:link_target="_self" href="/d2l/common/dialogs/quickLink/quickLink.d2l?ou={orgUnitId}&amp;type=quiz&amp;rCode=byui_produ-390466" title="" />
        <resource identifier="RES_CONTENT_4077090" type="webcontent" d2l_2p0:material_type="contentmodule" d2l_2p0:link_target="" href="" title="" />
        <resource identifier="RES_CONTENT_4077134" type="webcontent" d2l_2p0:material_type="contentlink" d2l_2p0:link_target="_self" href="/d2l/common/dialogs/quickLink/quickLink.d2l?ou={orgUnitId}&amp;type=discuss&amp;rcode=byui_produ-409641" title="" />
        <resource identifier="RES_CONTENT_4077133" type="webcontent" d2l_2p0:material_type="contentlink" d2l_2p0:link_target="_self" href="/d2l/common/dialogs/quickLink/quickLink.d2l?ou={orgUnitId}&amp;type=discuss&amp;rcode=byui_produ-407880" title="" />
        <resource identifier="RES_CONTENT_4077132" type="webcontent" d2l_2p0:material_type="contentlink" d2l_2p0:link_target="_self" href="/d2l/common/dialogs/quickLink/quickLink.d2l?ou={orgUnitId}&amp;type=discuss&amp;rcode=byui_produ-407879" title="" />
        <resource identifier="RES_CONTENT_4077128" type="webcontent" d2l_2p0:material_type="contentlink" d2l_2p0:link_target="_self" href="/d2l/common/dialogs/quickLink/quickLink.d2l?ou={orgUnitId}&amp;type=discuss&amp;rcode=byui_produ-404966" title="" />
        <resource identifier="RES_CONTENT_4077127" type="webcontent" d2l_2p0:material_type="contentlink" d2l_2p0:link_target="_self" href="/d2l/common/dialogs/quickLink/quickLink.d2l?ou={orgUnitId}&amp;type=discuss&amp;rcode=byui_produ-404953" title="" />
        <resource identifier="RES_CONTENT_4077130" type="webcontent" d2l_2p0:material_type="contentlink" d2l_2p0:link_target="_self" href="/d2l/common/dialogs/quickLink/quickLink.d2l?ou={orgUnitId}&amp;type=discuss&amp;rcode=byui_produ-404968" title="" />
        <resource identifier="RES_CONTENT_4077126" type="webcontent" d2l_2p0:material_type="contentlink" d2l_2p0:link_target="_self" href="/d2l/common/dialogs/quickLink/quickLink.d2l?ou={orgUnitId}&amp;type=discuss&amp;rCode=byui_produ-404948" title="" />
        <resource identifier="RES_CONTENT_4077129" type="webcontent" d2l_2p0:material_type="contentlink" d2l_2p0:link_target="_self" href="/d2l/common/dialogs/quickLink/quickLink.d2l?ou={orgUnitId}&amp;type=discuss&amp;rcode=byui_produ-404967" title="" />
        <resource identifier="RES_CONTENT_4077131" type="webcontent" d2l_2p0:material_type="contentlink" d2l_2p0:link_target="_self" href="/d2l/common/dialogs/quickLink/quickLink.d2l?ou={orgUnitId}&amp;type=discuss&amp;rcode=byui_produ-404969" title="" />
        <resource identifier="RES_CONTENT_4077135" type="webcontent" d2l_2p0:material_type="contentlink" d2l_2p0:link_target="_self" href="/d2l/common/dialogs/quickLink/quickLink.d2l?ou={orgUnitId}&amp;type=discuss&amp;rcode=byui_produ-409642" title="" />
        <resource identifier="RES_CONTENT_4077073" type="webcontent" d2l_2p0:material_type="contentmodule" d2l_2p0:link_target="" href="" title="" />
        <resource identifier="RES_CONTENT_4077085" type="webcontent" d2l_2p0:material_type="contentmodule" d2l_2p0:link_target="" href="" title="" />
        <resource identifier="RES_CONTENT_4077086" type="webcontent" d2l_2p0:material_type="contentmodule" d2l_2p0:link_target="" href="" title="" />
        <resource identifier="RES_CONTENT_4077136" type="webcontent" d2l_2p0:material_type="contentlink" d2l_2p0:link_target="_self" href="https://content.byui.edu/integ/gen/a807b047-82cd-403a-842e-708d7c729705/0/lit111syllabus.html" title="" />
        <resource identifier="RES_CONTENT_4077087" type="webcontent" d2l_2p0:material_type="contentmodule" d2l_2p0:link_target="" href="" title="" />
        <resource identifier="RES_CONTENT_4077088" type="webcontent" d2l_2p0:material_type="contentmodule" d2l_2p0:link_target="" href="" title="" />
        <resource identifier="RES_CONTENT_4077089" type="webcontent" d2l_2p0:material_type="contentmodule" d2l_2p0:link_target="" href="" title="" />
        <resource identifier="RES_CONTENT_4077074" type="webcontent" d2l_2p0:material_type="contentmodule" d2l_2p0:link_target="" href="" title="" />
        <resource identifier="RES_CONTENT_4077084" type="webcontent" d2l_2p0:material_type="contentlink" d2l_2p0:link_target="_self" href="/d2l/common/dialogs/quickLink/quickLink.d2l?ou={orgUnitId}&amp;type=quiz&amp;rCode=byui_produ-373816" title="" />
        <resource identifier="RES_CONTENT_4077157" type="webcontent" d2l_2p0:material_type="contentmodule" d2l_2p0:link_target="" href="" title="" />
        <resource identifier="RES_CONTENT_4077158" type="webcontent" d2l_2p0:material_type="contentlink" d2l_2p0:link_target="_self" href="/d2l/common/dialogs/quickLink/quickLink.d2l?ou={orgUnitId}&amp;type=quiz&amp;rCode=byui_produ-373816" title="" />
        <resource identifier="RES_CONTENT_4077159" type="webcontent" d2l_2p0:material_type="content" d2l_2p0:link_target="" href="Test Example.html" title="" />
        <resource identifier="RES_CONTENT_4077832" type="webcontent" d2l_2p0:material_type="contentmodule" d2l_2p0:link_target="" href="" title="" />
        <resource identifier="RES_CONTENT_4077833" type="webcontent" d2l_2p0:material_type="content" d2l_2p0:link_target="" href="Test 1.html" title="" />
        <resource identifier="RES_CONTENT_4077834" type="webcontent" d2l_2p0:material_type="content" d2l_2p0:link_target="" href="Test 2.html" title="" />
        <resource identifier="RES_CONTENT_4112289" type="webcontent" d2l_2p0:material_type="contentlink" d2l_2p0:link_target="_self" href="/d2l/common/dialogs/quickLink/quickLink.d2l?ou={orgUnitId}&amp;type=quiz&amp;rCode=byui_production-1402434" title="" />
        <resource identifier="RES_CONTENT_4162054" type="webcontent" d2l_2p0:material_type="content" d2l_2p0:link_target="" href="Course Search External Links.html" title="" />
        <resource identifier="RES_CONTENT_4162840" type="webcontent" d2l_2p0:material_type="contentmodule" d2l_2p0:link_target="" href="" title="" />
        <resource identifier="RES_CONTENT_4162841" type="webcontent" d2l_2p0:material_type="content" d2l_2p0:link_target="" href="Course Search - External Links V2.0.html" title="" />
        <resource identifier="res_syllabus" type="webcontent" d2l_2p0:material_type="d2lsyllabus" d2l_2p0:link_target="" href="syllabus_d2l.xml" title="" />
        <resource identifier="res_quiz_246937" type="webcontent" d2l_2p0:material_type="d2lquiz" d2l_2p0:link_target="" href="quiz_d2l_246937.xml" title="Syllabus Quiz" />
        <resource identifier="res_quiz_246938" type="webcontent" d2l_2p0:material_type="d2lquiz" d2l_2p0:link_target="" href="quiz_d2l_246938.xml" title="Syllabus Quiz" />
        <resource identifier="res_quiz_246939" type="webcontent" d2l_2p0:material_type="d2lquiz" d2l_2p0:link_target="" href="quiz_d2l_246939.xml" title="Chapter 01 Quiz" />
        <resource identifier="res_quiz_246940" type="webcontent" d2l_2p0:material_type="d2lquiz" d2l_2p0:link_target="" href="quiz_d2l_246940.xml" title="Chapter 02 Quiz" />
        <resource identifier="res_quiz_246941" type="webcontent" d2l_2p0:material_type="d2lquiz" d2l_2p0:link_target="" href="quiz_d2l_246941.xml" title="Chapter 03 Quiz" />
        <resource identifier="res_quiz_246942" type="webcontent" d2l_2p0:material_type="d2lquiz" d2l_2p0:link_target="" href="quiz_d2l_246942.xml" title="Chapter 03 Quiz" />
        <resource identifier="res_quiz_246943" type="webcontent" d2l_2p0:material_type="d2lquiz" d2l_2p0:link_target="" href="quiz_d2l_246943.xml" title="Week 02 Reading and Participation Quiz" />
        <resource identifier="res_quiz_246944" type="webcontent" d2l_2p0:material_type="d2lquiz" d2l_2p0:link_target="" href="quiz_d2l_246944.xml" title="Week 03 Reading and Participation Quiz" />
        <resource identifier="res_quiz_246945" type="webcontent" d2l_2p0:material_type="d2lquiz" d2l_2p0:link_target="" href="quiz_d2l_246945.xml" title="Week 04 Reading and Participation" />
        <resource identifier="res_quiz_246946" type="webcontent" d2l_2p0:material_type="d2lquiz" d2l_2p0:link_target="" href="quiz_d2l_246946.xml" title="Lesson 02 Reading and Participation" />
        <resource identifier="res_quiz_246947" type="webcontent" d2l_2p0:material_type="d2lquiz" d2l_2p0:link_target="" href="quiz_d2l_246947.xml" title="Bi-Weekly Meditation Journal" />
        <resource identifier="res_quiz_246948" type="webcontent" d2l_2p0:material_type="d2lquiz" d2l_2p0:link_target="" href="quiz_d2l_246948.xml" title="Week 01 Reading and Participation Quiz" />
        <resource identifier="res_quiz_246949" type="webcontent" d2l_2p0:material_type="d2lquiz" d2l_2p0:link_target="" href="quiz_d2l_246949.xml" title="Test Quiz Exam" />
        <resource identifier="res_quiz_246950" type="webcontent" d2l_2p0:material_type="d2lquiz" d2l_2p0:link_target="" href="quiz_d2l_246950.xml" title="Week 04 Reading and Participation Course" />
        <resource identifier="res_quiz_600326" type="webcontent" d2l_2p0:material_type="d2lquiz" d2l_2p0:link_target="" href="quiz_d2l_600326.xml" title="Syllabus Quiz" />
        <resource identifier="res_quiz_600327" type="webcontent" d2l_2p0:material_type="d2lquiz" d2l_2p0:link_target="" href="quiz_d2l_600327.xml" title="Syllabus Quiz" />
        <resource identifier="res_quiz_600328" type="webcontent" d2l_2p0:material_type="d2lquiz" d2l_2p0:link_target="" href="quiz_d2l_600328.xml" title="Chapter 01 Quiz" />
        <resource identifier="res_quiz_600329" type="webcontent" d2l_2p0:material_type="d2lquiz" d2l_2p0:link_target="" href="quiz_d2l_600329.xml" title="Chapter 02 Quiz" />
        <resource identifier="res_quiz_600330" type="webcontent" d2l_2p0:material_type="d2lquiz" d2l_2p0:link_target="" href="quiz_d2l_600330.xml" title="Chapter 03 Quiz" />
        <resource identifier="res_quiz_600331" type="webcontent" d2l_2p0:material_type="d2lquiz" d2l_2p0:link_target="" href="quiz_d2l_600331.xml" title="Chapter 03 Quiz" />
        <resource identifier="res_quiz_600332" type="webcontent" d2l_2p0:material_type="d2lquiz" d2l_2p0:link_target="" href="quiz_d2l_600332.xml" title="Week 02 Reading and Participation Quiz" />
        <resource identifier="res_quiz_600333" type="webcontent" d2l_2p0:material_type="d2lquiz" d2l_2p0:link_target="" href="quiz_d2l_600333.xml" title="Week 03 Reading and Participation Quiz" />
        <resource identifier="res_quiz_600334" type="webcontent" d2l_2p0:material_type="d2lquiz" d2l_2p0:link_target="" href="quiz_d2l_600334.xml" title="Week 04 Reading and Participation" />
        <resource identifier="res_quiz_600335" type="webcontent" d2l_2p0:material_type="d2lquiz" d2l_2p0:link_target="" href="quiz_d2l_600335.xml" title="Lesson 02 Reading and Participation" />
        <resource identifier="res_quiz_600336" type="webcontent" d2l_2p0:material_type="d2lquiz" d2l_2p0:link_target="" href="quiz_d2l_600336.xml" title="Bi-Weekly Meditation Journal" />
        <resource identifier="res_quiz_600337" type="webcontent" d2l_2p0:material_type="d2lquiz" d2l_2p0:link_target="" href="quiz_d2l_600337.xml" title="Week 01 Reading and Participation Quiz" />
        <resource identifier="res_quiz_600338" type="webcontent" d2l_2p0:material_type="d2lquiz" d2l_2p0:link_target="" href="quiz_d2l_600338.xml" title="Test Quiz Exam" />
        <resource identifier="res_quiz_600339" type="webcontent" d2l_2p0:material_type="d2lquiz" d2l_2p0:link_target="" href="quiz_d2l_600339.xml" title="Week 04 Reading and Participation Course" />
        <resource identifier="res_quiz_600340" type="webcontent" d2l_2p0:material_type="d2lquiz" d2l_2p0:link_target="" href="quiz_d2l_600340.xml" title="Week 04 Reading and Participation Quiz" />
        <resource identifier="res_quiz_600341" type="webcontent" d2l_2p0:material_type="d2lquiz" d2l_2p0:link_target="" href="quiz_d2l_600341.xml" title="Week 04 Reading and Participation Quiz" />
        <resource identifier="res_quiz_600342" type="webcontent" d2l_2p0:material_type="d2lquiz" d2l_2p0:link_target="" href="quiz_d2l_600342.xml" title="Test quiz" />
        <resource identifier="res_quiz_600343" type="webcontent" d2l_2p0:material_type="d2lquiz" d2l_2p0:link_target="" href="quiz_d2l_600343.xml" title="Syllabus Quiz" />
        <resource identifier="res_quiz_600344" type="webcontent" d2l_2p0:material_type="d2lquiz" d2l_2p0:link_target="" href="quiz_d2l_600344.xml" title="Syllabus Quiz" />
        <resource identifier="res_quiz_600345" type="webcontent" d2l_2p0:material_type="d2lquiz" d2l_2p0:link_target="" href="quiz_d2l_600345.xml" title="Chapter 01 Quiz" />
        <resource identifier="res_quiz_600346" type="webcontent" d2l_2p0:material_type="d2lquiz" d2l_2p0:link_target="" href="quiz_d2l_600346.xml" title="Chapter 02 Quiz" />
        <resource identifier="res_quiz_600347" type="webcontent" d2l_2p0:material_type="d2lquiz" d2l_2p0:link_target="" href="quiz_d2l_600347.xml" title="Chapter 03 Quiz" />
        <resource identifier="res_quiz_600348" type="webcontent" d2l_2p0:material_type="d2lquiz" d2l_2p0:link_target="" href="quiz_d2l_600348.xml" title="Chapter 03 Quiz" />
        <resource identifier="res_quiz_600349" type="webcontent" d2l_2p0:material_type="d2lquiz" d2l_2p0:link_target="" href="quiz_d2l_600349.xml" title="Week 02 Reading and Participation Quiz" />
        <resource identifier="res_quiz_600350" type="webcontent" d2l_2p0:material_type="d2lquiz" d2l_2p0:link_target="" href="quiz_d2l_600350.xml" title="Week 03 Reading and Participation Quiz" />
        <resource identifier="res_quiz_600351" type="webcontent" d2l_2p0:material_type="d2lquiz" d2l_2p0:link_target="" href="quiz_d2l_600351.xml" title="Week 04 Reading and Participation" />
        <resource identifier="res_quiz_600352" type="webcontent" d2l_2p0:material_type="d2lquiz" d2l_2p0:link_target="" href="quiz_d2l_600352.xml" title="Lesson 02 Reading and Participation" />
        <resource identifier="res_quiz_600353" type="webcontent" d2l_2p0:material_type="d2lquiz" d2l_2p0:link_target="" href="quiz_d2l_600353.xml" title="Bi-Weekly Meditation Journal" />
        <resource identifier="res_quiz_600354" type="webcontent" d2l_2p0:material_type="d2lquiz" d2l_2p0:link_target="" href="quiz_d2l_600354.xml" title="Week 01 Reading and Participation Quiz" />
        <resource identifier="res_quiz_600355" type="webcontent" d2l_2p0:material_type="d2lquiz" d2l_2p0:link_target="" href="quiz_d2l_600355.xml" title="Test Quiz Exam" />
        <resource identifier="res_quiz_600356" type="webcontent" d2l_2p0:material_type="d2lquiz" d2l_2p0:link_target="" href="quiz_d2l_600356.xml" title="Week 04 Reading and Participation Course" />
        <resource identifier="res_quiz_600357" type="webcontent" d2l_2p0:material_type="d2lquiz" d2l_2p0:link_target="" href="quiz_d2l_600357.xml" title="Week 04 Reading and Participation Quiz" />
        <resource identifier="res_quiz_600358" type="webcontent" d2l_2p0:material_type="d2lquiz" d2l_2p0:link_target="" href="quiz_d2l_600358.xml" title="Week 04 Reading and Participation Quiz" />
        <resource identifier="res_quiz_600359" type="webcontent" d2l_2p0:material_type="d2lquiz" d2l_2p0:link_target="" href="quiz_d2l_600359.xml" title="Test quiz" />
        <resource identifier="res_quiz_600361" type="webcontent" d2l_2p0:material_type="d2lquiz" d2l_2p0:link_target="" href="quiz_d2l_600361.xml" title="Syllabus Quiz" />
        <resource identifier="res_quiz_600362" type="webcontent" d2l_2p0:material_type="d2lquiz" d2l_2p0:link_target="" href="quiz_d2l_600362.xml" title="Syllabus Quiz" />
        <resource identifier="res_quiz_600363" type="webcontent" d2l_2p0:material_type="d2lquiz" d2l_2p0:link_target="" href="quiz_d2l_600363.xml" title="Chapter 01 Quiz" />
        <resource identifier="res_quiz_600364" type="webcontent" d2l_2p0:material_type="d2lquiz" d2l_2p0:link_target="" href="quiz_d2l_600364.xml" title="Chapter 02 Quiz" />
        <resource identifier="res_quiz_600365" type="webcontent" d2l_2p0:material_type="d2lquiz" d2l_2p0:link_target="" href="quiz_d2l_600365.xml" title="Chapter 03 Quiz" />
        <resource identifier="res_quiz_600366" type="webcontent" d2l_2p0:material_type="d2lquiz" d2l_2p0:link_target="" href="quiz_d2l_600366.xml" title="Chapter 03 Quiz" />
        <resource identifier="res_quiz_600367" type="webcontent" d2l_2p0:material_type="d2lquiz" d2l_2p0:link_target="" href="quiz_d2l_600367.xml" title="Week 02 Reading and Participation Quiz" />
        <resource identifier="res_quiz_600368" type="webcontent" d2l_2p0:material_type="d2lquiz" d2l_2p0:link_target="" href="quiz_d2l_600368.xml" title="Week 03 Reading and Participation Quiz" />
        <resource identifier="res_quiz_600369" type="webcontent" d2l_2p0:material_type="d2lquiz" d2l_2p0:link_target="" href="quiz_d2l_600369.xml" title="Week 04 Reading and Participation" />
        <resource identifier="res_quiz_600370" type="webcontent" d2l_2p0:material_type="d2lquiz" d2l_2p0:link_target="" href="quiz_d2l_600370.xml" title="Lesson 02 Reading and Participation" />
        <resource identifier="res_quiz_600371" type="webcontent" d2l_2p0:material_type="d2lquiz" d2l_2p0:link_target="" href="quiz_d2l_600371.xml" title="Bi-Weekly Meditation Journal" />
        <resource identifier="res_quiz_600372" type="webcontent" d2l_2p0:material_type="d2lquiz" d2l_2p0:link_target="" href="quiz_d2l_600372.xml" title="Week 01 Reading and Participation Quiz" />
        <resource identifier="res_quiz_600373" type="webcontent" d2l_2p0:material_type="d2lquiz" d2l_2p0:link_target="" href="quiz_d2l_600373.xml" title="Test Quiz Exam" />
        <resource identifier="res_quiz_600374" type="webcontent" d2l_2p0:material_type="d2lquiz" d2l_2p0:link_target="" href="quiz_d2l_600374.xml" title="Week 04 Reading and Participation Course" />
        <resource identifier="res_quiz_600375" type="webcontent" d2l_2p0:material_type="d2lquiz" d2l_2p0:link_target="" href="quiz_d2l_600375.xml" title="Week 04 Reading and Participation Quiz" />
        <resource identifier="res_quiz_600376" type="webcontent" d2l_2p0:material_type="d2lquiz" d2l_2p0:link_target="" href="quiz_d2l_600376.xml" title="Week 04 Reading and Participation Quiz" />
        <resource identifier="res_quiz_600377" type="webcontent" d2l_2p0:material_type="d2lquiz" d2l_2p0:link_target="" href="quiz_d2l_600377.xml" title="Test quiz" />
        <resource identifier="res_quiz_600459" type="webcontent" d2l_2p0:material_type="d2lquiz" d2l_2p0:link_target="" href="quiz_d2l_600459.xml" title="Syllabus Quiz" />
        <resource identifier="res_quiz_600460" type="webcontent" d2l_2p0:material_type="d2lquiz" d2l_2p0:link_target="" href="quiz_d2l_600460.xml" title="Syllabus Quiz" />
        <resource identifier="res_quiz_600461" type="webcontent" d2l_2p0:material_type="d2lquiz" d2l_2p0:link_target="" href="quiz_d2l_600461.xml" title="Chapter 01 Quiz" />
        <resource identifier="res_quiz_600462" type="webcontent" d2l_2p0:material_type="d2lquiz" d2l_2p0:link_target="" href="quiz_d2l_600462.xml" title="Chapter 02 Quiz" />
        <resource identifier="res_quiz_600463" type="webcontent" d2l_2p0:material_type="d2lquiz" d2l_2p0:link_target="" href="quiz_d2l_600463.xml" title="Chapter 03 Quiz" />
        <resource identifier="res_quiz_600464" type="webcontent" d2l_2p0:material_type="d2lquiz" d2l_2p0:link_target="" href="quiz_d2l_600464.xml" title="Chapter 03 Quiz" />
        <resource identifier="res_quiz_600465" type="webcontent" d2l_2p0:material_type="d2lquiz" d2l_2p0:link_target="" href="quiz_d2l_600465.xml" title="Week 02 Reading and Participation Quiz" />
        <resource identifier="res_quiz_600466" type="webcontent" d2l_2p0:material_type="d2lquiz" d2l_2p0:link_target="" href="quiz_d2l_600466.xml" title="Week 03 Reading and Participation Quiz" />
        <resource identifier="res_quiz_600467" type="webcontent" d2l_2p0:material_type="d2lquiz" d2l_2p0:link_target="" href="quiz_d2l_600467.xml" title="Week 04 Reading and Participation" />
        <resource identifier="res_quiz_600468" type="webcontent" d2l_2p0:material_type="d2lquiz" d2l_2p0:link_target="" href="quiz_d2l_600468.xml" title="Lesson 02 Reading and Participation" />
        <resource identifier="res_quiz_600469" type="webcontent" d2l_2p0:material_type="d2lquiz" d2l_2p0:link_target="" href="quiz_d2l_600469.xml" title="Bi-Weekly Meditation Journal" />
        <resource identifier="res_quiz_600470" type="webcontent" d2l_2p0:material_type="d2lquiz" d2l_2p0:link_target="" href="quiz_d2l_600470.xml" title="Week 01 Reading and Participation Quiz" />
        <resource identifier="res_quiz_600471" type="webcontent" d2l_2p0:material_type="d2lquiz" d2l_2p0:link_target="" href="quiz_d2l_600471.xml" title="Test Quiz Exam" />
        <resource identifier="res_quiz_600472" type="webcontent" d2l_2p0:material_type="d2lquiz" d2l_2p0:link_target="" href="quiz_d2l_600472.xml" title="Week 04 Reading and Participation Course" />
        <resource identifier="res_quiz_605039" type="webcontent" d2l_2p0:material_type="d2lquiz" d2l_2p0:link_target="" href="quiz_d2l_605039.xml" title="End Date Test" />
        <resource identifier="res_quiz_580102" type="webcontent" d2l_2p0:material_type="d2lquiz" d2l_2p0:link_target="" href="quiz_d2l_580102.xml" title="Quiz 01" />
        <resource identifier="res_quiz_580103" type="webcontent" d2l_2p0:material_type="d2lquiz" d2l_2p0:link_target="" href="quiz_d2l_580103.xml" title="Quiz 01" />
        <resource identifier="res_quiz_580104" type="webcontent" d2l_2p0:material_type="d2lquiz" d2l_2p0:link_target="" href="quiz_d2l_580104.xml" title="Quiz 01" />
        <resource identifier="res_discuss_1" type="webcontent" d2l_2p0:material_type="d2ldiscussion" d2l_2p0:link_target="" href="discussion_d2l_1.xml" title="" />
        <resource identifier="res_discuss_2" type="webcontent" d2l_2p0:material_type="d2ldiscussion" d2l_2p0:link_target="" href="discussion_d2l_2.xml" title="" />
        <resource identifier="res_discuss_3" type="webcontent" d2l_2p0:material_type="d2ldiscussion" d2l_2p0:link_target="" href="discussion_d2l_3.xml" title="" />
        <resource identifier="res_discuss_4" type="webcontent" d2l_2p0:material_type="d2ldiscussion" d2l_2p0:link_target="" href="discussion_d2l_4.xml" title="" />
        <resource identifier="res_discuss_5" type="webcontent" d2l_2p0:material_type="d2ldiscussion" d2l_2p0:link_target="" href="discussion_d2l_5.xml" title="" />
        <resource identifier="res_discuss_6" type="webcontent" d2l_2p0:material_type="d2ldiscussion" d2l_2p0:link_target="" href="discussion_d2l_6.xml" title="" />
        <resource identifier="res_discuss_7" type="webcontent" d2l_2p0:material_type="d2ldiscussion" d2l_2p0:link_target="" href="discussion_d2l_7.xml" title="" />
        <resource identifier="res_discuss_8" type="webcontent" d2l_2p0:material_type="d2ldiscussion" d2l_2p0:link_target="" href="discussion_d2l_8.xml" title="" />
        <resource identifier="res_discuss_9" type="webcontent" d2l_2p0:material_type="d2ldiscussion" d2l_2p0:link_target="" href="discussion_d2l_9.xml" title="" />
        <resource identifier="res_discuss_10" type="webcontent" d2l_2p0:material_type="d2ldiscussion" d2l_2p0:link_target="" href="discussion_d2l_10.xml" title="" />
        <resource identifier="res_discuss_11" type="webcontent" d2l_2p0:material_type="d2ldiscussion" d2l_2p0:link_target="" href="discussion_d2l_11.xml" title="" />
        <resource identifier="res_discuss_12" type="webcontent" d2l_2p0:material_type="d2ldiscussion" d2l_2p0:link_target="" href="discussion_d2l_12.xml" title="" />
        <resource identifier="res_discuss_13" type="webcontent" d2l_2p0:material_type="d2ldiscussion" d2l_2p0:link_target="" href="discussion_d2l_13.xml" title="" />
        <resource identifier="res_discuss_14" type="webcontent" d2l_2p0:material_type="d2ldiscussion" d2l_2p0:link_target="" href="discussion_d2l_14.xml" title="" />
        <resource identifier="res_discuss_15" type="webcontent" d2l_2p0:material_type="d2ldiscussion" d2l_2p0:link_target="" href="discussion_d2l_15.xml" title="" />
        <resource identifier="res_discuss_16" type="webcontent" d2l_2p0:material_type="d2ldiscussion" d2l_2p0:link_target="" href="discussion_d2l_16.xml" title="" />
        <resource identifier="res_discuss_17" type="webcontent" d2l_2p0:material_type="d2ldiscussion" d2l_2p0:link_target="" href="discussion_d2l_17.xml" title="" />
        <resource identifier="res_discuss_18" type="webcontent" d2l_2p0:material_type="d2ldiscussion" d2l_2p0:link_target="" href="discussion_d2l_18.xml" title="" />
        <resource identifier="res_discuss_19" type="webcontent" d2l_2p0:material_type="d2ldiscussion" d2l_2p0:link_target="" href="discussion_d2l_19.xml" title="" />
        <resource identifier="res_discuss_20" type="webcontent" d2l_2p0:material_type="d2ldiscussion" d2l_2p0:link_target="" href="discussion_d2l_20.xml" title="" />
        <resource identifier="res_discuss_21" type="webcontent" d2l_2p0:material_type="d2ldiscussion" d2l_2p0:link_target="" href="discussion_d2l_21.xml" title="" />
        <resource identifier="res_discuss_22" type="webcontent" d2l_2p0:material_type="d2ldiscussion" d2l_2p0:link_target="" href="discussion_d2l_22.xml" title="" />
        <resource identifier="res_discuss_23" type="webcontent" d2l_2p0:material_type="d2ldiscussion" d2l_2p0:link_target="" href="discussion_d2l_23.xml" title="" />
        <resource identifier="res_discuss_24" type="webcontent" d2l_2p0:material_type="d2ldiscussion" d2l_2p0:link_target="" href="discussion_d2l_24.xml" title="" />
        <resource identifier="res_discuss_25" type="webcontent" d2l_2p0:material_type="d2ldiscussion" d2l_2p0:link_target="" href="discussion_d2l_25.xml" title="" />
        <resource identifier="res_discuss_26" type="webcontent" d2l_2p0:material_type="d2ldiscussion" d2l_2p0:link_target="" href="discussion_d2l_26.xml" title="" />
        <resource identifier="res_discuss_27" type="webcontent" d2l_2p0:material_type="d2ldiscussion" d2l_2p0:link_target="" href="discussion_d2l_27.xml" title="" />
        <resource identifier="res_discuss_28" type="webcontent" d2l_2p0:material_type="d2ldiscussion" d2l_2p0:link_target="" href="discussion_d2l_28.xml" title="" />
        <resource identifier="res_discuss_29" type="webcontent" d2l_2p0:material_type="d2ldiscussion" d2l_2p0:link_target="" href="discussion_d2l_29.xml" title="" />
        <resource identifier="res_discuss_30" type="webcontent" d2l_2p0:material_type="d2ldiscussion" d2l_2p0:link_target="" href="discussion_d2l_30.xml" title="" />
        <resource identifier="res_discuss_31" type="webcontent" d2l_2p0:material_type="d2ldiscussion" d2l_2p0:link_target="" href="discussion_d2l_31.xml" title="" />
        <resource identifier="res_discuss_32" type="webcontent" d2l_2p0:material_type="d2ldiscussion" d2l_2p0:link_target="" href="discussion_d2l_32.xml" title="" />
        <resource identifier="res_discuss_33" type="webcontent" d2l_2p0:material_type="d2ldiscussion" d2l_2p0:link_target="" href="discussion_d2l_33.xml" title="" />
        <resource identifier="res_discuss_34" type="webcontent" d2l_2p0:material_type="d2ldiscussion" d2l_2p0:link_target="" href="discussion_d2l_34.xml" title="" />
        <resource identifier="res_discuss_35" type="webcontent" d2l_2p0:material_type="d2ldiscussion" d2l_2p0:link_target="" href="discussion_d2l_35.xml" title="" />
        <resource identifier="res_discuss_36" type="webcontent" d2l_2p0:material_type="d2ldiscussion" d2l_2p0:link_target="" href="discussion_d2l_36.xml" title="" />
        <resource identifier="res_discuss_37" type="webcontent" d2l_2p0:material_type="d2ldiscussion" d2l_2p0:link_target="" href="discussion_d2l_37.xml" title="" />
        <resource identifier="res_discuss_38" type="webcontent" d2l_2p0:material_type="d2ldiscussion" d2l_2p0:link_target="" href="discussion_d2l_38.xml" title="" />
        <resource identifier="res_discuss_39" type="webcontent" d2l_2p0:material_type="d2ldiscussion" d2l_2p0:link_target="" href="discussion_d2l_39.xml" title="" />
        <resource identifier="res_discuss_40" type="webcontent" d2l_2p0:material_type="d2ldiscussion" d2l_2p0:link_target="" href="discussion_d2l_40.xml" title="" />
        <resource identifier="res_discuss_41" type="webcontent" d2l_2p0:material_type="d2ldiscussion" d2l_2p0:link_target="" href="discussion_d2l_41.xml" title="" />
        <resource identifier="res_discuss_42" type="webcontent" d2l_2p0:material_type="d2ldiscussion" d2l_2p0:link_target="" href="discussion_d2l_42.xml" title="" />
        <resource identifier="res_discuss_43" type="webcontent" d2l_2p0:material_type="d2ldiscussion" d2l_2p0:link_target="" href="discussion_d2l_43.xml" title="" />
        <resource identifier="res_discuss_44" type="webcontent" d2l_2p0:material_type="d2ldiscussion" d2l_2p0:link_target="" href="discussion_d2l_44.xml" title="" />
        <resource identifier="res_discuss_45" type="webcontent" d2l_2p0:material_type="d2ldiscussion" d2l_2p0:link_target="" href="discussion_d2l_45.xml" title="" />
        <resource identifier="res_discuss_46" type="webcontent" d2l_2p0:material_type="d2ldiscussion" d2l_2p0:link_target="" href="discussion_d2l_46.xml" title="" />
        <resource identifier="res_discuss_47" type="webcontent" d2l_2p0:material_type="d2ldiscussion" d2l_2p0:link_target="" href="discussion_d2l_47.xml" title="" />
        <resource identifier="res_discuss_48" type="webcontent" d2l_2p0:material_type="d2ldiscussion" d2l_2p0:link_target="" href="discussion_d2l_48.xml" title="" />
        <resource identifier="res_discuss_49" type="webcontent" d2l_2p0:material_type="d2ldiscussion" d2l_2p0:link_target="" href="discussion_d2l_49.xml" title="" />
        <resource identifier="res_discuss_50" type="webcontent" d2l_2p0:material_type="d2ldiscussion" d2l_2p0:link_target="" href="discussion_d2l_50.xml" title="" />
        <resource identifier="res_discuss_51" type="webcontent" d2l_2p0:material_type="d2ldiscussion" d2l_2p0:link_target="" href="discussion_d2l_51.xml" title="" />
        <resource identifier="res_discuss_52" type="webcontent" d2l_2p0:material_type="d2ldiscussion" d2l_2p0:link_target="" href="discussion_d2l_52.xml" title="" />
        <resource identifier="res_discuss_53" type="webcontent" d2l_2p0:material_type="d2ldiscussion" d2l_2p0:link_target="" href="discussion_d2l_53.xml" title="" />
        <resource identifier="res_discuss_54" type="webcontent" d2l_2p0:material_type="d2ldiscussion" d2l_2p0:link_target="" href="discussion_d2l_54.xml" title="" />
        <resource identifier="res_discuss_55" type="webcontent" d2l_2p0:material_type="d2ldiscussion" d2l_2p0:link_target="" href="discussion_d2l_55.xml" title="" />
        <resource identifier="res_discuss_56" type="webcontent" d2l_2p0:material_type="d2ldiscussion" d2l_2p0:link_target="" href="discussion_d2l_56.xml" title="" />
        <resource identifier="res_discuss_57" type="webcontent" d2l_2p0:material_type="d2ldiscussion" d2l_2p0:link_target="" href="discussion_d2l_57.xml" title="" />
        <resource identifier="res_discuss_58" type="webcontent" d2l_2p0:material_type="d2ldiscussion" d2l_2p0:link_target="" href="discussion_d2l_58.xml" title="" />
        <resource identifier="res_discuss_59" type="webcontent" d2l_2p0:material_type="d2ldiscussion" d2l_2p0:link_target="" href="discussion_d2l_59.xml" title="" />
        <resource identifier="res_discuss_60" type="webcontent" d2l_2p0:material_type="d2ldiscussion" d2l_2p0:link_target="" href="discussion_d2l_60.xml" title="" />
        <resource identifier="res_discuss_61" type="webcontent" d2l_2p0:material_type="d2ldiscussion" d2l_2p0:link_target="" href="discussion_d2l_61.xml" title="" />
        <resource identifier="res_discuss_62" type="webcontent" d2l_2p0:material_type="d2ldiscussion" d2l_2p0:link_target="" href="discussion_d2l_62.xml" title="" />
        <resource identifier="res_discuss_63" type="webcontent" d2l_2p0:material_type="d2ldiscussion" d2l_2p0:link_target="" href="discussion_d2l_63.xml" title="" />
        <resource identifier="res_discuss_64" type="webcontent" d2l_2p0:material_type="d2ldiscussion" d2l_2p0:link_target="" href="discussion_d2l_64.xml" title="" />
        <resource identifier="res_discuss_65" type="webcontent" d2l_2p0:material_type="d2ldiscussion" d2l_2p0:link_target="" href="discussion_d2l_65.xml" title="" />
        <resource identifier="res_discuss_66" type="webcontent" d2l_2p0:material_type="d2ldiscussion" d2l_2p0:link_target="" href="discussion_d2l_66.xml" title="" />
        <resource identifier="res_discuss_67" type="webcontent" d2l_2p0:material_type="d2ldiscussion" d2l_2p0:link_target="" href="discussion_d2l_67.xml" title="" />
        <resource identifier="res_discuss_68" type="webcontent" d2l_2p0:material_type="d2ldiscussion" d2l_2p0:link_target="" href="discussion_d2l_68.xml" title="" />
        <resource identifier="res_discuss_69" type="webcontent" d2l_2p0:material_type="d2ldiscussion" d2l_2p0:link_target="" href="discussion_d2l_69.xml" title="" />
        <resource identifier="res_news" type="webcontent" d2l_2p0:material_type="d2lnews" d2l_2p0:link_target="" href="news_d2l.xml" title="" />
        <resource identifier="res_dropbox" type="webcontent" d2l_2p0:material_type="d2ldropbox" d2l_2p0:link_target="" href="dropbox_d2l.xml" title="" />
        <resource identifier="res_chklist" type="webcontent" d2l_2p0:material_type="d2lchecklist" d2l_2p0:link_target="" href="checklist_d2l.xml" title="" />
        <resource identifier="res_grades" type="webcontent" d2l_2p0:material_type="d2lgrades" d2l_2p0:link_target="" href="grades_d2l.xml" title="" />
        <resource identifier="res_courseimage" type="webcontent" d2l_2p0:material_type="d2lcourseimage" d2l_2p0:link_target="" href="courseimage_d2l.xml" title="" />
        <resource identifier="res_rubrics" type="webcontent" d2l_2p0:material_type="d2lrubrics" d2l_2p0:link_target="" href="rubrics_d2l.xml" title="" />
    </resources>
</manifest>