﻿<?xml version="1.0" encoding="UTF-8"?><questestinterop xmlns:d2l_2p0="http://desire2learn.com/xsd/d2lcp_v2p0"><assessment d2l_2p0:id="130" title="Test quiz" ident="res_quiz_600342" d2l_2p0:resource_code="byui_production-1402566"><rubric><flow_mat><material><mattext d2l_2p0:isdisplayed="no" texttype="text/html" /></material></flow_mat></rubric><assessmentcontrol hintswitch="no" solutionswitch="yes" feedbackswitch="no" /><presentation_material><flow_mat><material label="page header"><mattext d2l_2p0:isdisplayed="no" texttype="text/html" /></material><material label="page footer"><mattext d2l_2p0:isdisplayed="no" texttype="text/html" /></material></flow_mat></presentation_material><assess_procextension><d2l_2p0:intro_message d2l_2p0:isdisplayed="no" texttype="text/html" /><grade_item d2l_2p0:is_autoexport="yes" resource_code="byui_production-1575084">1454301</grade_item><d2l_2p0:disable_right_click>no</d2l_2p0:disable_right_click><d2l_2p0:disable_pager_access>no</d2l_2p0:disable_pager_access><is_active>yes</is_active><d2l_2p0:date_start /><d2l_2p0:date_end /><d2l_2p0:has_schedule_event>no</d2l_2p0:has_schedule_event><d2l_2p0:is_attempt_Rldb>no</d2l_2p0:is_attempt_Rldb><d2l_2p0:is_subview_Rldb>no</d2l_2p0:is_subview_Rldb><d2l_2p0:time_limit>120</d2l_2p0:time_limit><d2l_2p0:show_clock>no</d2l_2p0:show_clock><d2l_2p0:enforce_time_limit>no</d2l_2p0:enforce_time_limit><d2l_2p0:grace_period>5</d2l_2p0:grace_period><d2l_2p0:late_limit>0</d2l_2p0:late_limit><d2l_2p0:attempts_allowed>0</d2l_2p0:attempts_allowed><d2l_2p0:attempt_restrictions /><d2l_2p0:mark_calculation_type>5</d2l_2p0:mark_calculation_type><d2l_2p0:is_forward_only>no</d2l_2p0:is_forward_only></assess_procextension><assessfeedback title=""><rubric><flow_mat><material><mattext texttype="yes">&lt;p&gt;Your quiz has been submitted successfully.&lt;/p&gt;</mattext></material></flow_mat></rubric><d2l_2p0:duration>0</d2l_2p0:duration><d2l_2p0:response_display_type_id>2</d2l_2p0:response_display_type_id><d2l_2p0:show_correct_answers>yes</d2l_2p0:show_correct_answers><d2l_2p0:submission_restrictip>no</d2l_2p0:submission_restrictip><d2l_2p0:show_class_average>no</d2l_2p0:show_class_average><d2l_2p0:show_score_distribution>no</d2l_2p0:show_score_distribution></assessfeedback><section ident="CONTAINER_SECTION"><item ident="OBJ_12337171" label="QUES_1541646_1761739" d2l_2p0:page="1"><itemmetadata><qtimetadata><qti_metadatafield><fieldlabel>qmd_computerscored</fieldlabel><fieldentry>yes</fieldentry></qti_metadatafield><qti_metadatafield><fieldlabel>qmd_questiontype</fieldlabel><fieldentry>Multiple Choice</fieldentry></qti_metadatafield><qti_metadatafield><fieldlabel>qmd_weighting</fieldlabel><fieldentry>2.000000000</fieldentry></qti_metadatafield><qti_metadatafield><fieldlabel>qmd_globalid</fieldlabel><fieldentry>8a401340-5da5-4698-a438-f3ff87e64ab5</fieldentry></qti_metadatafield><qti_metadatafield><fieldlabel>qmd_displayid</fieldlabel><fieldentry>one11002-23</fieldentry></qti_metadatafield></qtimetadata></itemmetadata><itemproc_extension><d2l_2p0:difficulty>1</d2l_2p0:difficulty><d2l_2p0:isbonus>no</d2l_2p0:isbonus><d2l_2p0:ismandatory>no</d2l_2p0:ismandatory></itemproc_extension><presentation><flow><material><mattext texttype="text/html">&lt;p&gt;Choose 1&lt;/p&gt;</mattext></material><response_extension><d2l_2p0:display_style>2</d2l_2p0:display_style><d2l_2p0:enumeration>6</d2l_2p0:enumeration><d2l_2p0:grading_type>0</d2l_2p0:grading_type></response_extension><response_lid ident="QUES_1541646_1761739_LID" rcardinality="Single"><render_choice shuffle="no"><flow_label class="Block"><response_label ident="QUES_1541646_1761739_A5919170"><flow_mat><material><mattext texttype="text/html">&lt;p&gt;1&lt;/p&gt;</mattext></material></flow_mat></response_label></flow_label><flow_label class="Block"><response_label ident="QUES_1541646_1761739_A5919171"><flow_mat><material><mattext texttype="text/html">&lt;p&gt;2&lt;/p&gt;</mattext></material></flow_mat></response_label></flow_label><flow_label class="Block"><response_label ident="QUES_1541646_1761739_A5919172"><flow_mat><material><mattext texttype="text/html">&lt;p&gt;3&lt;/p&gt;</mattext></material></flow_mat></response_label></flow_label><flow_label class="Block"><response_label ident="QUES_1541646_1761739_A5919173"><flow_mat><material><mattext texttype="text/html">&lt;p&gt;4&lt;/p&gt;</mattext></material></flow_mat></response_label></flow_label></render_choice></response_lid></flow></presentation><resprocessing><respcondition title="Response Condition 1"><conditionvar><varequal respident="QUES_1541646_1761739_LID">QUES_1541646_1761739_A5919170</varequal></conditionvar><setvar action="Set">100.000000000</setvar><displayfeedback feedbacktype="Response" linkrefid="QUES_1541646_1761739_IF5919170" /></respcondition><respcondition title="Response Condition 2"><conditionvar><varequal respident="QUES_1541646_1761739_LID">QUES_1541646_1761739_A5919171</varequal></conditionvar><setvar action="Set">0.000000000</setvar><displayfeedback feedbacktype="Response" linkrefid="QUES_1541646_1761739_IF5919171" /></respcondition><respcondition title="Response Condition 3"><conditionvar><varequal respident="QUES_1541646_1761739_LID">QUES_1541646_1761739_A5919172</varequal></conditionvar><setvar action="Set">0.000000000</setvar><displayfeedback feedbacktype="Response" linkrefid="QUES_1541646_1761739_IF5919172" /></respcondition><respcondition title="Response Condition 4"><conditionvar><varequal respident="QUES_1541646_1761739_LID">QUES_1541646_1761739_A5919173</varequal></conditionvar><setvar action="Set">0.000000000</setvar><displayfeedback feedbacktype="Response" linkrefid="QUES_1541646_1761739_IF5919173" /></respcondition></resprocessing><itemfeedback ident="QUES_1541646_1761739_IF5919170"><material><mattext texttype="text/html" /></material></itemfeedback><itemfeedback ident="QUES_1541646_1761739_IF5919171"><material><mattext texttype="text/html" /></material></itemfeedback><itemfeedback ident="QUES_1541646_1761739_IF5919172"><material><mattext texttype="text/html" /></material></itemfeedback><itemfeedback ident="QUES_1541646_1761739_IF5919173"><material><mattext texttype="text/html" /></material></itemfeedback></item><item ident="OBJ_12337172" label="QUES_1541647_1761740" d2l_2p0:page="1"><itemmetadata><qtimetadata><qti_metadatafield><fieldlabel>qmd_computerscored</fieldlabel><fieldentry>yes</fieldentry></qti_metadatafield><qti_metadatafield><fieldlabel>qmd_questiontype</fieldlabel><fieldentry>Multiple Choice</fieldentry></qti_metadatafield><qti_metadatafield><fieldlabel>qmd_weighting</fieldlabel><fieldentry>2.000000000</fieldentry></qti_metadatafield><qti_metadatafield><fieldlabel>qmd_globalid</fieldlabel><fieldentry>a9b3d2be-7dc3-484e-b113-72af29a7580d</fieldentry></qti_metadatafield><qti_metadatafield><fieldlabel>qmd_displayid</fieldlabel><fieldentry>one11002-24</fieldentry></qti_metadatafield></qtimetadata></itemmetadata><itemproc_extension><d2l_2p0:difficulty>1</d2l_2p0:difficulty><d2l_2p0:isbonus>no</d2l_2p0:isbonus><d2l_2p0:ismandatory>no</d2l_2p0:ismandatory></itemproc_extension><presentation><flow><material><mattext texttype="text/html">&lt;p&gt;Choose 2&lt;/p&gt;</mattext></material><response_extension><d2l_2p0:display_style>2</d2l_2p0:display_style><d2l_2p0:enumeration>6</d2l_2p0:enumeration><d2l_2p0:grading_type>0</d2l_2p0:grading_type></response_extension><response_lid ident="QUES_1541647_1761740_LID" rcardinality="Single"><render_choice shuffle="no"><flow_label class="Block"><response_label ident="QUES_1541647_1761740_A5919174"><flow_mat><material><mattext texttype="text/html">&lt;p&gt;1&lt;/p&gt;</mattext></material></flow_mat></response_label></flow_label><flow_label class="Block"><response_label ident="QUES_1541647_1761740_A5919175"><flow_mat><material><mattext texttype="text/html">&lt;p&gt;2&lt;/p&gt;</mattext></material></flow_mat></response_label></flow_label><flow_label class="Block"><response_label ident="QUES_1541647_1761740_A5919176"><flow_mat><material><mattext texttype="text/html">&lt;p&gt;3&lt;/p&gt;</mattext></material></flow_mat></response_label></flow_label><flow_label class="Block"><response_label ident="QUES_1541647_1761740_A5919177"><flow_mat><material><mattext texttype="text/html">&lt;p&gt;4&lt;/p&gt;</mattext></material></flow_mat></response_label></flow_label></render_choice></response_lid></flow></presentation><resprocessing><respcondition title="Response Condition 1"><conditionvar><varequal respident="QUES_1541647_1761740_LID">QUES_1541647_1761740_A5919174</varequal></conditionvar><setvar action="Set">0.000000000</setvar><displayfeedback feedbacktype="Response" linkrefid="QUES_1541647_1761740_IF5919174" /></respcondition><respcondition title="Response Condition 2"><conditionvar><varequal respident="QUES_1541647_1761740_LID">QUES_1541647_1761740_A5919175</varequal></conditionvar><setvar action="Set">100.000000000</setvar><displayfeedback feedbacktype="Response" linkrefid="QUES_1541647_1761740_IF5919175" /></respcondition><respcondition title="Response Condition 3"><conditionvar><varequal respident="QUES_1541647_1761740_LID">QUES_1541647_1761740_A5919176</varequal></conditionvar><setvar action="Set">0.000000000</setvar><displayfeedback feedbacktype="Response" linkrefid="QUES_1541647_1761740_IF5919176" /></respcondition><respcondition title="Response Condition 4"><conditionvar><varequal respident="QUES_1541647_1761740_LID">QUES_1541647_1761740_A5919177</varequal></conditionvar><setvar action="Set">0.000000000</setvar><displayfeedback feedbacktype="Response" linkrefid="QUES_1541647_1761740_IF5919177" /></respcondition></resprocessing><itemfeedback ident="QUES_1541647_1761740_IF5919174"><material><mattext texttype="text/html" /></material></itemfeedback><itemfeedback ident="QUES_1541647_1761740_IF5919175"><material><mattext texttype="text/html" /></material></itemfeedback><itemfeedback ident="QUES_1541647_1761740_IF5919176"><material><mattext texttype="text/html" /></material></itemfeedback><itemfeedback ident="QUES_1541647_1761740_IF5919177"><material><mattext texttype="text/html" /></material></itemfeedback></item><item ident="OBJ_12337173" label="QUES_1541648_1761741" d2l_2p0:page="1"><itemmetadata><qtimetadata><qti_metadatafield><fieldlabel>qmd_computerscored</fieldlabel><fieldentry>yes</fieldentry></qti_metadatafield><qti_metadatafield><fieldlabel>qmd_questiontype</fieldlabel><fieldentry>Multiple Choice</fieldentry></qti_metadatafield><qti_metadatafield><fieldlabel>qmd_weighting</fieldlabel><fieldentry>2.000000000</fieldentry></qti_metadatafield><qti_metadatafield><fieldlabel>qmd_globalid</fieldlabel><fieldentry>33378630-9035-4e50-9751-7f27675b81cc</fieldentry></qti_metadatafield><qti_metadatafield><fieldlabel>qmd_displayid</fieldlabel><fieldentry>one11002-25</fieldentry></qti_metadatafield></qtimetadata></itemmetadata><itemproc_extension><d2l_2p0:difficulty>1</d2l_2p0:difficulty><d2l_2p0:isbonus>no</d2l_2p0:isbonus><d2l_2p0:ismandatory>no</d2l_2p0:ismandatory></itemproc_extension><presentation><flow><material><mattext texttype="text/html">&lt;p&gt;Choose 3&lt;/p&gt;</mattext></material><response_extension><d2l_2p0:display_style>2</d2l_2p0:display_style><d2l_2p0:enumeration>6</d2l_2p0:enumeration><d2l_2p0:grading_type>0</d2l_2p0:grading_type></response_extension><response_lid ident="QUES_1541648_1761741_LID" rcardinality="Single"><render_choice shuffle="no"><flow_label class="Block"><response_label ident="QUES_1541648_1761741_A5919178"><flow_mat><material><mattext texttype="text/html">&lt;p&gt;1&lt;/p&gt;</mattext></material></flow_mat></response_label></flow_label><flow_label class="Block"><response_label ident="QUES_1541648_1761741_A5919179"><flow_mat><material><mattext texttype="text/html">&lt;p&gt;2&lt;/p&gt;</mattext></material></flow_mat></response_label></flow_label><flow_label class="Block"><response_label ident="QUES_1541648_1761741_A5919180"><flow_mat><material><mattext texttype="text/html">&lt;p&gt;3&lt;/p&gt;</mattext></material></flow_mat></response_label></flow_label><flow_label class="Block"><response_label ident="QUES_1541648_1761741_A5919181"><flow_mat><material><mattext texttype="text/html">&lt;p&gt;4&lt;/p&gt;</mattext></material></flow_mat></response_label></flow_label></render_choice></response_lid></flow></presentation><resprocessing><respcondition title="Response Condition 1"><conditionvar><varequal respident="QUES_1541648_1761741_LID">QUES_1541648_1761741_A5919178</varequal></conditionvar><setvar action="Set">0.000000000</setvar><displayfeedback feedbacktype="Response" linkrefid="QUES_1541648_1761741_IF5919178" /></respcondition><respcondition title="Response Condition 2"><conditionvar><varequal respident="QUES_1541648_1761741_LID">QUES_1541648_1761741_A5919179</varequal></conditionvar><setvar action="Set">0.000000000</setvar><displayfeedback feedbacktype="Response" linkrefid="QUES_1541648_1761741_IF5919179" /></respcondition><respcondition title="Response Condition 3"><conditionvar><varequal respident="QUES_1541648_1761741_LID">QUES_1541648_1761741_A5919180</varequal></conditionvar><setvar action="Set">100.000000000</setvar><displayfeedback feedbacktype="Response" linkrefid="QUES_1541648_1761741_IF5919180" /></respcondition><respcondition title="Response Condition 4"><conditionvar><varequal respident="QUES_1541648_1761741_LID">QUES_1541648_1761741_A5919181</varequal></conditionvar><setvar action="Set">0.000000000</setvar><displayfeedback feedbacktype="Response" linkrefid="QUES_1541648_1761741_IF5919181" /></respcondition></resprocessing><itemfeedback ident="QUES_1541648_1761741_IF5919178"><material><mattext texttype="text/html" /></material></itemfeedback><itemfeedback ident="QUES_1541648_1761741_IF5919179"><material><mattext texttype="text/html" /></material></itemfeedback><itemfeedback ident="QUES_1541648_1761741_IF5919180"><material><mattext texttype="text/html" /></material></itemfeedback><itemfeedback ident="QUES_1541648_1761741_IF5919181"><material><mattext texttype="text/html" /></material></itemfeedback></item></section></assessment></questestinterop>