﻿<?xml version="1.0" encoding="UTF-8"?><questestinterop xmlns:d2l_2p0="http://desire2learn.com/xsd/d2lcp_v2p0"><assessment d2l_2p0:id="103" title="Chapter 02 Quiz" ident="res_quiz_246940" d2l_2p0:resource_code="byui_production-1402551"><rubric><flow_mat><material><mattext d2l_2p0:isdisplayed="no" texttype="text/html" /></material></flow_mat></rubric><assessmentcontrol hintswitch="no" solutionswitch="yes" feedbackswitch="no" /><presentation_material><flow_mat><material label="page header"><mattext d2l_2p0:isdisplayed="no" texttype="text/html" /></material><material label="page footer"><mattext d2l_2p0:isdisplayed="no" texttype="text/html" /></material></flow_mat></presentation_material><assess_procextension><d2l_2p0:intro_message d2l_2p0:isdisplayed="no" texttype="text/html" /><grade_item d2l_2p0:is_autoexport="yes" resource_code="byui_production-1575064">497757</grade_item><d2l_2p0:disable_right_click>no</d2l_2p0:disable_right_click><d2l_2p0:disable_pager_access>yes</d2l_2p0:disable_pager_access><is_active>yes</is_active><d2l_2p0:date_start /><d2l_2p0:date_end /><d2l_2p0:has_schedule_event>no</d2l_2p0:has_schedule_event><d2l_2p0:is_attempt_Rldb>no</d2l_2p0:is_attempt_Rldb><d2l_2p0:is_subview_Rldb>no</d2l_2p0:is_subview_Rldb><d2l_2p0:time_limit>120</d2l_2p0:time_limit><d2l_2p0:show_clock>no</d2l_2p0:show_clock><d2l_2p0:enforce_time_limit>no</d2l_2p0:enforce_time_limit><d2l_2p0:grace_period>5</d2l_2p0:grace_period><d2l_2p0:late_limit>0</d2l_2p0:late_limit><d2l_2p0:attempts_allowed>1</d2l_2p0:attempts_allowed><d2l_2p0:attempt_restrictions /><d2l_2p0:mark_calculation_type>1</d2l_2p0:mark_calculation_type><d2l_2p0:is_forward_only>no</d2l_2p0:is_forward_only></assess_procextension><assessfeedback><rubric><flow_mat><material><mattext texttype="no">Your quiz has been submitted successfully.</mattext></material></flow_mat></rubric><d2l_2p0:duration>0</d2l_2p0:duration><d2l_2p0:response_display_type_id>1</d2l_2p0:response_display_type_id><d2l_2p0:show_correct_answers>no</d2l_2p0:show_correct_answers><d2l_2p0:submission_restrictip>no</d2l_2p0:submission_restrictip><d2l_2p0:show_class_average>no</d2l_2p0:show_class_average><d2l_2p0:show_score_distribution>no</d2l_2p0:show_score_distribution></assessfeedback><section ident="CONTAINER_SECTION"><item ident="OBJ_4449336" label="QUES_257223_915794" d2l_2p0:page="1" title="question 1"><itemmetadata><qtimetadata><qti_metadatafield><fieldlabel>qmd_computerscored</fieldlabel><fieldentry>yes</fieldentry></qti_metadatafield><qti_metadatafield><fieldlabel>qmd_questiontype</fieldlabel><fieldentry>Multiple Choice</fieldentry></qti_metadatafield><qti_metadatafield><fieldlabel>qmd_weighting</fieldlabel><fieldentry>1.000000000</fieldentry></qti_metadatafield><qti_metadatafield><fieldlabel>qmd_globalid</fieldlabel><fieldentry>d9f1610f-495c-4bef-abff-68ddefb93882</fieldentry></qti_metadatafield><qti_metadatafield><fieldlabel>qmd_displayid</fieldlabel><fieldentry>STEDI-Environment-Master-23</fieldentry></qti_metadatafield></qtimetadata></itemmetadata><itemproc_extension><d2l_2p0:difficulty>1</d2l_2p0:difficulty><d2l_2p0:isbonus>no</d2l_2p0:isbonus><d2l_2p0:ismandatory>no</d2l_2p0:ismandatory></itemproc_extension><presentation><flow><material><mattext texttype="text/html">&lt;p&gt;In what bodies of water are Kappa generally found?&lt;/p&gt;</mattext></material><response_extension><d2l_2p0:display_style>2</d2l_2p0:display_style><d2l_2p0:enumeration>6</d2l_2p0:enumeration><d2l_2p0:grading_type>0</d2l_2p0:grading_type></response_extension><response_lid ident="QUES_257223_915794_LID" rcardinality="Single"><render_choice shuffle="no"><flow_label class="Block"><response_label ident="QUES_257223_915794_A2975565"><flow_mat><material><mattext texttype="text/html">&lt;p&gt;Ponds&lt;/p&gt;</mattext></material></flow_mat></response_label></flow_label><flow_label class="Block"><response_label ident="QUES_257223_915794_A2975566"><flow_mat><material><mattext texttype="text/html">&lt;p&gt;Lakes&lt;/p&gt;</mattext></material></flow_mat></response_label></flow_label><flow_label class="Block"><response_label ident="QUES_257223_915794_A2975567"><flow_mat><material><mattext texttype="text/html">&lt;p&gt;Rivers&lt;/p&gt;</mattext></material></flow_mat></response_label></flow_label><flow_label class="Block"><response_label ident="QUES_257223_915794_A2975568"><flow_mat><material><mattext texttype="text/html">&lt;p&gt;Oceans&lt;/p&gt;</mattext></material></flow_mat></response_label></flow_label></render_choice></response_lid></flow></presentation><resprocessing><respcondition title="Response Condition 1"><conditionvar><varequal respident="QUES_257223_915794_LID">QUES_257223_915794_A2975565</varequal></conditionvar><setvar action="Set">0.000000000</setvar><displayfeedback feedbacktype="Response" linkrefid="QUES_257223_915794_IF2975565" /></respcondition><respcondition title="Response Condition 2"><conditionvar><varequal respident="QUES_257223_915794_LID">QUES_257223_915794_A2975566</varequal></conditionvar><setvar action="Set">0.000000000</setvar><displayfeedback feedbacktype="Response" linkrefid="QUES_257223_915794_IF2975566" /></respcondition><respcondition title="Response Condition 3"><conditionvar><varequal respident="QUES_257223_915794_LID">QUES_257223_915794_A2975567</varequal></conditionvar><setvar action="Set">100.000000000</setvar><displayfeedback feedbacktype="Response" linkrefid="QUES_257223_915794_IF2975567" /></respcondition><respcondition title="Response Condition 4"><conditionvar><varequal respident="QUES_257223_915794_LID">QUES_257223_915794_A2975568</varequal></conditionvar><setvar action="Set">0.000000000</setvar><displayfeedback feedbacktype="Response" linkrefid="QUES_257223_915794_IF2975568" /></respcondition></resprocessing><itemfeedback ident="QUES_257223_915794_IF2975565"><material><mattext texttype="text/html" /></material></itemfeedback><itemfeedback ident="QUES_257223_915794_IF2975566"><material><mattext texttype="text/html" /></material></itemfeedback><itemfeedback ident="QUES_257223_915794_IF2975567"><material><mattext texttype="text/html" /></material></itemfeedback><itemfeedback ident="QUES_257223_915794_IF2975568"><material><mattext texttype="text/html" /></material></itemfeedback></item><item ident="OBJ_4449337" label="QUES_257224_281426" d2l_2p0:page="1" title="question 2"><itemmetadata><qtimetadata><qti_metadatafield><fieldlabel>qmd_computerscored</fieldlabel><fieldentry>yes</fieldentry></qti_metadatafield><qti_metadatafield><fieldlabel>qmd_questiontype</fieldlabel><fieldentry>True/False</fieldentry></qti_metadatafield><qti_metadatafield><fieldlabel>qmd_weighting</fieldlabel><fieldentry>1.000000000</fieldentry></qti_metadatafield><qti_metadatafield><fieldlabel>qmd_globalid</fieldlabel><fieldentry>3a97cbd9-f082-439a-9716-38b55d23b07b</fieldentry></qti_metadatafield><qti_metadatafield><fieldlabel>qmd_displayid</fieldlabel><fieldentry>STEDI-Environment-Master-24</fieldentry></qti_metadatafield></qtimetadata></itemmetadata><itemproc_extension><d2l_2p0:difficulty>1</d2l_2p0:difficulty><d2l_2p0:isbonus>no</d2l_2p0:isbonus><d2l_2p0:ismandatory>no</d2l_2p0:ismandatory></itemproc_extension><presentation><flow><material><mattext texttype="text/html">&lt;p&gt;In what bodies of water are Kappa generally found?&lt;/p&gt;</mattext></material><response_extension><d2l_2p0:display_style>2</d2l_2p0:display_style><d2l_2p0:enumeration>6</d2l_2p0:enumeration><d2l_2p0:grading_type>0</d2l_2p0:grading_type></response_extension><response_lid ident="QUES_257224_281426_LID" rcardinality="Single"><render_choice shuffle="no"><flow_label class="Block"><response_label ident="QUES_257224_281426_A866481"><flow_mat><material><mattext texttype="text/plain">True</mattext></material></flow_mat></response_label></flow_label><flow_label class="Block"><response_label ident="QUES_257224_281426_A866482"><flow_mat><material><mattext texttype="text/plain">False</mattext></material></flow_mat></response_label></flow_label></render_choice></response_lid></flow></presentation><resprocessing><respcondition title="Response Condition 1"><conditionvar><varequal respident="QUES_257224_281426_LID">QUES_257224_281426_A866481</varequal></conditionvar><setvar action="Set">100.000000000</setvar><displayfeedback feedbacktype="Response" linkrefid="QUES_257224_281426_IF866481" /></respcondition><respcondition title="Response Condition 2"><conditionvar><varequal respident="QUES_257224_281426_LID">QUES_257224_281426_A866482</varequal></conditionvar><setvar action="Set">0.000000000</setvar><displayfeedback feedbacktype="Response" linkrefid="QUES_257224_281426_IF866482" /></respcondition></resprocessing><itemfeedback ident="QUES_257224_281426_IF866481"><material><mattext texttype="text/html" /></material></itemfeedback><itemfeedback ident="QUES_257224_281426_IF866482"><material><mattext texttype="text/html" /></material></itemfeedback></item><item ident="OBJ_4449338" label="QUES_257225_281427" d2l_2p0:page="1" title="question 3"><itemmetadata><qtimetadata><qti_metadatafield><fieldlabel>qmd_computerscored</fieldlabel><fieldentry>yes</fieldentry></qti_metadatafield><qti_metadatafield><fieldlabel>qmd_questiontype</fieldlabel><fieldentry>Multiple Choice</fieldentry></qti_metadatafield><qti_metadatafield><fieldlabel>qmd_weighting</fieldlabel><fieldentry>1.000000000</fieldentry></qti_metadatafield><qti_metadatafield><fieldlabel>qmd_globalid</fieldlabel><fieldentry>ac377458-ea88-4e85-ad25-cbd117343bda</fieldentry></qti_metadatafield><qti_metadatafield><fieldlabel>qmd_displayid</fieldlabel><fieldentry>STEDI-Environment-Master-25</fieldentry></qti_metadatafield></qtimetadata></itemmetadata><itemproc_extension><d2l_2p0:difficulty>1</d2l_2p0:difficulty><d2l_2p0:isbonus>no</d2l_2p0:isbonus><d2l_2p0:ismandatory>no</d2l_2p0:ismandatory></itemproc_extension><presentation><flow><material><mattext texttype="text/html">&lt;p&gt;Which food do Kappa enjoy more than human children?&lt;/p&gt;</mattext></material><response_extension><d2l_2p0:display_style>2</d2l_2p0:display_style><d2l_2p0:enumeration>6</d2l_2p0:enumeration><d2l_2p0:grading_type>0</d2l_2p0:grading_type></response_extension><response_lid ident="QUES_257225_281427_LID" rcardinality="Single"><render_choice shuffle="no"><flow_label class="Block"><response_label ident="QUES_257225_281427_A866483"><flow_mat><material><mattext texttype="text/html">&lt;p&gt;Eggplant&lt;/p&gt;</mattext></material></flow_mat></response_label></flow_label><flow_label class="Block"><response_label ident="QUES_257225_281427_A866484"><flow_mat><material><mattext texttype="text/html">&lt;p&gt;Soba&lt;/p&gt;</mattext></material></flow_mat></response_label></flow_label><flow_label class="Block"><response_label ident="QUES_257225_281427_A866485"><flow_mat><material><mattext texttype="text/html">&lt;p&gt;Soybeans&lt;/p&gt;</mattext></material></flow_mat></response_label></flow_label><flow_label class="Block"><response_label ident="QUES_257225_281427_A866486"><flow_mat><material><mattext texttype="text/html">&lt;p&gt;Cucumber&lt;/p&gt;</mattext></material></flow_mat></response_label></flow_label></render_choice></response_lid></flow></presentation><resprocessing><respcondition title="Response Condition 1"><conditionvar><varequal respident="QUES_257225_281427_LID">QUES_257225_281427_A866483</varequal></conditionvar><setvar action="Set">0.000000000</setvar><displayfeedback feedbacktype="Response" linkrefid="QUES_257225_281427_IF866483" /></respcondition><respcondition title="Response Condition 2"><conditionvar><varequal respident="QUES_257225_281427_LID">QUES_257225_281427_A866484</varequal></conditionvar><setvar action="Set">0.000000000</setvar><displayfeedback feedbacktype="Response" linkrefid="QUES_257225_281427_IF866484" /></respcondition><respcondition title="Response Condition 3"><conditionvar><varequal respident="QUES_257225_281427_LID">QUES_257225_281427_A866485</varequal></conditionvar><setvar action="Set">0.000000000</setvar><displayfeedback feedbacktype="Response" linkrefid="QUES_257225_281427_IF866485" /></respcondition><respcondition title="Response Condition 4"><conditionvar><varequal respident="QUES_257225_281427_LID">QUES_257225_281427_A866486</varequal></conditionvar><setvar action="Set">100.000000000</setvar><displayfeedback feedbacktype="Response" linkrefid="QUES_257225_281427_IF866486" /></respcondition></resprocessing><itemfeedback ident="QUES_257225_281427_IF866483"><material><mattext texttype="text/html" /></material></itemfeedback><itemfeedback ident="QUES_257225_281427_IF866484"><material><mattext texttype="text/html" /></material></itemfeedback><itemfeedback ident="QUES_257225_281427_IF866485"><material><mattext texttype="text/html" /></material></itemfeedback><itemfeedback ident="QUES_257225_281427_IF866486"><material><mattext texttype="text/html" /></material></itemfeedback></item><item ident="OBJ_4449339" label="QUES_257226_281428" d2l_2p0:page="1" title="question 4"><itemmetadata><qtimetadata><qti_metadatafield><fieldlabel>qmd_computerscored</fieldlabel><fieldentry>yes</fieldentry></qti_metadatafield><qti_metadatafield><fieldlabel>qmd_questiontype</fieldlabel><fieldentry>Multiple Choice</fieldentry></qti_metadatafield><qti_metadatafield><fieldlabel>qmd_weighting</fieldlabel><fieldentry>1.000000000</fieldentry></qti_metadatafield><qti_metadatafield><fieldlabel>qmd_globalid</fieldlabel><fieldentry>32c425cb-aae5-4f0d-9f43-0a98da5d7297</fieldentry></qti_metadatafield><qti_metadatafield><fieldlabel>qmd_displayid</fieldlabel><fieldentry>STEDI-Environment-Master-26</fieldentry></qti_metadatafield></qtimetadata></itemmetadata><itemproc_extension><d2l_2p0:difficulty>1</d2l_2p0:difficulty><d2l_2p0:isbonus>no</d2l_2p0:isbonus><d2l_2p0:ismandatory>no</d2l_2p0:ismandatory></itemproc_extension><presentation><flow><material><mattext texttype="text/html">&lt;p&gt;What family of magical creature do Kappa fit in?&lt;/p&gt;</mattext></material><response_extension><d2l_2p0:display_style>2</d2l_2p0:display_style><d2l_2p0:enumeration>6</d2l_2p0:enumeration><d2l_2p0:grading_type>0</d2l_2p0:grading_type></response_extension><response_lid ident="QUES_257226_281428_LID" rcardinality="Single"><render_choice shuffle="no"><flow_label class="Block"><response_label ident="QUES_257226_281428_A866487"><flow_mat><material><mattext texttype="text/html">&lt;p&gt;&lt;br /&gt;Goblin&lt;/p&gt;</mattext></material></flow_mat></response_label></flow_label><flow_label class="Block"><response_label ident="QUES_257226_281428_A866488"><flow_mat><material><mattext texttype="text/html">&lt;p&gt;Spirit&lt;/p&gt;</mattext></material></flow_mat></response_label></flow_label><flow_label class="Block"><response_label ident="QUES_257226_281428_A866489"><flow_mat><material><mattext texttype="text/html">&lt;p&gt;Trickster&lt;/p&gt;</mattext></material></flow_mat></response_label></flow_label><flow_label class="Block"><response_label ident="QUES_257226_281428_A866490"><flow_mat><material><mattext texttype="text/html">&lt;p&gt;Mer-folk&lt;/p&gt;</mattext></material></flow_mat></response_label></flow_label></render_choice></response_lid></flow></presentation><resprocessing><respcondition title="Response Condition 1"><conditionvar><varequal respident="QUES_257226_281428_LID">QUES_257226_281428_A866487</varequal></conditionvar><setvar action="Set">0.000000000</setvar><displayfeedback feedbacktype="Response" linkrefid="QUES_257226_281428_IF866487" /></respcondition><respcondition title="Response Condition 2"><conditionvar><varequal respident="QUES_257226_281428_LID">QUES_257226_281428_A866488</varequal></conditionvar><setvar action="Set">0.000000000</setvar><displayfeedback feedbacktype="Response" linkrefid="QUES_257226_281428_IF866488" /></respcondition><respcondition title="Response Condition 3"><conditionvar><varequal respident="QUES_257226_281428_LID">QUES_257226_281428_A866489</varequal></conditionvar><setvar action="Set">100.000000000</setvar><displayfeedback feedbacktype="Response" linkrefid="QUES_257226_281428_IF866489" /></respcondition><respcondition title="Response Condition 4"><conditionvar><varequal respident="QUES_257226_281428_LID">QUES_257226_281428_A866490</varequal></conditionvar><setvar action="Set">0.000000000</setvar><displayfeedback feedbacktype="Response" linkrefid="QUES_257226_281428_IF866490" /></respcondition></resprocessing><itemfeedback ident="QUES_257226_281428_IF866487"><material><mattext texttype="text/html" /></material></itemfeedback><itemfeedback ident="QUES_257226_281428_IF866488"><material><mattext texttype="text/html" /></material></itemfeedback><itemfeedback ident="QUES_257226_281428_IF866489"><material><mattext texttype="text/html" /></material></itemfeedback><itemfeedback ident="QUES_257226_281428_IF866490"><material><mattext texttype="text/html" /></material></itemfeedback></item></section></assessment></questestinterop>