﻿<?xml version="1.0" encoding="UTF-8"?><questestinterop xmlns:d2l_2p0="http://desire2learn.com/xsd/d2lcp_v2p0"><assessment d2l_2p0:id="101" title="Syllabus Quiz" ident="res_quiz_246938" d2l_2p0:resource_code="byui_production-1402549"><rubric><flow_mat><material><mattext d2l_2p0:isdisplayed="no" texttype="text/html">&lt;div style="background: #23354b;"&gt;
&lt;div style="margin: auto; width: 60em; background: none repeat scroll 0% 0% #f1f1d4; border: 8px solid white; border-radius: 10px;"&gt;&lt;img src="banner1.gif" alt="" title="" width="100%" /&gt;&lt;br /&gt;
&lt;div style="padding: 16px;"&gt;
&lt;p&gt;&lt;span style="color: #2b4277; font-family: tahoma, arial, helvetica, sans-serif; font-size: 24pt;"&gt; $Itemname$&lt;/span&gt;&lt;/p&gt;
&lt;hr /&gt;
&lt;p&gt;&lt;span&gt;After reading the&amp;nbsp;&lt;/span&gt;Syllabus&lt;span&gt;, proceed to take this Quiz. Carefully answer each question. You may look back through the syllabus for reference.&lt;/span&gt;&lt;/p&gt;
&lt;hr /&gt;
&lt;p&gt;&lt;span style="color: #5e75a9;"&gt;&lt;span style="font-size: 18pt;"&gt;&lt;span style="font-family: tahoma, arial, helvetica, sans-serif;"&gt;&amp;nbsp;&lt;/span&gt;&lt;/span&gt;&lt;/span&gt;&lt;/p&gt;
&lt;/div&gt;
&lt;/div&gt;
&lt;/div&gt;</mattext></material></flow_mat></rubric><assessmentcontrol hintswitch="no" solutionswitch="no" feedbackswitch="no" /><presentation_material><flow_mat><material label="page header"><mattext d2l_2p0:isdisplayed="no" texttype="text/html" /></material><material label="page footer"><mattext d2l_2p0:isdisplayed="no" texttype="text/html" /></material></flow_mat></presentation_material><assess_procextension><d2l_2p0:intro_message d2l_2p0:isdisplayed="no" texttype="text/html" /><d2l_2p0:disable_right_click>no</d2l_2p0:disable_right_click><d2l_2p0:disable_pager_access>yes</d2l_2p0:disable_pager_access><is_active>yes</is_active><d2l_2p0:date_start /><d2l_2p0:date_end /><d2l_2p0:has_schedule_event>no</d2l_2p0:has_schedule_event><d2l_2p0:is_attempt_Rldb>no</d2l_2p0:is_attempt_Rldb><d2l_2p0:is_subview_Rldb>no</d2l_2p0:is_subview_Rldb><d2l_2p0:time_limit>120</d2l_2p0:time_limit><d2l_2p0:show_clock>no</d2l_2p0:show_clock><d2l_2p0:enforce_time_limit>no</d2l_2p0:enforce_time_limit><d2l_2p0:grace_period>5</d2l_2p0:grace_period><d2l_2p0:late_limit>0</d2l_2p0:late_limit><d2l_2p0:attempts_allowed>3</d2l_2p0:attempts_allowed><d2l_2p0:attempt_restrictions /><d2l_2p0:mark_calculation_type>1</d2l_2p0:mark_calculation_type><d2l_2p0:is_forward_only>no</d2l_2p0:is_forward_only></assess_procextension><assessfeedback><rubric><flow_mat><material><mattext texttype="no">Your quiz has been submitted successfully.</mattext></material></flow_mat></rubric><d2l_2p0:duration>0</d2l_2p0:duration><d2l_2p0:response_display_type_id>1</d2l_2p0:response_display_type_id><d2l_2p0:show_correct_answers>no</d2l_2p0:show_correct_answers><d2l_2p0:submission_restrictip>no</d2l_2p0:submission_restrictip><d2l_2p0:show_class_average>no</d2l_2p0:show_class_average><d2l_2p0:show_score_distribution>no</d2l_2p0:show_score_distribution></assessfeedback><section ident="CONTAINER_SECTION" /></assessment></questestinterop>