﻿<?xml version="1.0" encoding="UTF-8"?><questestinterop xmlns:d2l_2p0="http://desire2learn.com/xsd/d2lcp_v2p0"><assessment d2l_2p0:id="122" title="Week 04 Reading and Participation" ident="res_quiz_600334" d2l_2p0:resource_code="byui_production-1402561"><rubric><flow_mat><material><mattext d2l_2p0:isdisplayed="yes" texttype="text/html" /></material></flow_mat></rubric><assessmentcontrol hintswitch="no" solutionswitch="no" feedbackswitch="no" /><presentation_material><flow_mat><material label="page header"><mattext d2l_2p0:isdisplayed="no" texttype="text/html" /></material><material label="page footer"><mattext d2l_2p0:isdisplayed="no" texttype="text/html" /></material></flow_mat></presentation_material><assess_procextension><d2l_2p0:intro_message d2l_2p0:isdisplayed="no" texttype="text/html" /><d2l_2p0:disable_right_click>no</d2l_2p0:disable_right_click><d2l_2p0:disable_pager_access>yes</d2l_2p0:disable_pager_access><is_active>yes</is_active><d2l_2p0:date_start /><d2l_2p0:date_end /><d2l_2p0:has_schedule_event>no</d2l_2p0:has_schedule_event><d2l_2p0:is_attempt_Rldb>no</d2l_2p0:is_attempt_Rldb><d2l_2p0:is_subview_Rldb>no</d2l_2p0:is_subview_Rldb><d2l_2p0:time_limit>120</d2l_2p0:time_limit><d2l_2p0:show_clock>no</d2l_2p0:show_clock><d2l_2p0:enforce_time_limit>no</d2l_2p0:enforce_time_limit><d2l_2p0:grace_period>5</d2l_2p0:grace_period><d2l_2p0:late_limit>0</d2l_2p0:late_limit><d2l_2p0:attempts_allowed>1</d2l_2p0:attempts_allowed><d2l_2p0:attempt_restrictions /><d2l_2p0:mark_calculation_type>1</d2l_2p0:mark_calculation_type><d2l_2p0:is_forward_only>no</d2l_2p0:is_forward_only></assess_procextension><assessfeedback><rubric><flow_mat><material><mattext texttype="no">Your quiz has been submitted successfully.</mattext></material></flow_mat></rubric><d2l_2p0:duration>0</d2l_2p0:duration><d2l_2p0:response_display_type_id>1</d2l_2p0:response_display_type_id><d2l_2p0:show_correct_answers>no</d2l_2p0:show_correct_answers><d2l_2p0:submission_restrictip>no</d2l_2p0:submission_restrictip><d2l_2p0:show_class_average>no</d2l_2p0:show_class_average><d2l_2p0:show_score_distribution>no</d2l_2p0:show_score_distribution></assessfeedback><section ident="CONTAINER_SECTION"><item ident="OBJ_12337144" label="QUES_1199824_1295566" d2l_2p0:page="1"><itemmetadata><qtimetadata><qti_metadatafield><fieldlabel>qmd_computerscored</fieldlabel><fieldentry>yes</fieldentry></qti_metadatafield><qti_metadatafield><fieldlabel>qmd_questiontype</fieldlabel><fieldentry>True/False</fieldentry></qti_metadatafield><qti_metadatafield><fieldlabel>qmd_weighting</fieldlabel><fieldentry>5.000000000</fieldentry></qti_metadatafield><qti_metadatafield><fieldlabel>qmd_globalid</fieldlabel><fieldentry>ac5de006-f685-4d9e-a88d-8015ad3517e2</fieldentry></qti_metadatafield><qti_metadatafield><fieldlabel>qmd_displayid</fieldlabel><fieldentry>STEDI-Environment-Master-80</fieldentry></qti_metadatafield></qtimetadata></itemmetadata><itemproc_extension><d2l_2p0:difficulty>1</d2l_2p0:difficulty><d2l_2p0:isbonus>no</d2l_2p0:isbonus><d2l_2p0:ismandatory>no</d2l_2p0:ismandatory></itemproc_extension><presentation><flow><material><mattext texttype="text/html">&lt;p&gt;I completed all of the assigned readings on time and participated to the best of my ability in all class activities this week.&lt;/p&gt;</mattext></material><response_extension><d2l_2p0:display_style>2</d2l_2p0:display_style><d2l_2p0:enumeration>6</d2l_2p0:enumeration><d2l_2p0:grading_type>0</d2l_2p0:grading_type></response_extension><response_lid ident="QUES_1199824_1295566_LID" rcardinality="Single"><render_choice shuffle="no"><flow_label class="Block"><response_label ident="QUES_1199824_1295566_A4217019"><flow_mat><material><mattext texttype="text/plain">True</mattext></material></flow_mat></response_label></flow_label><flow_label class="Block"><response_label ident="QUES_1199824_1295566_A4217020"><flow_mat><material><mattext texttype="text/plain">False</mattext></material></flow_mat></response_label></flow_label></render_choice></response_lid></flow></presentation><resprocessing><respcondition title="Response Condition 1"><conditionvar><varequal respident="QUES_1199824_1295566_LID">QUES_1199824_1295566_A4217019</varequal></conditionvar><setvar action="Set">100.000000000</setvar><displayfeedback feedbacktype="Response" linkrefid="QUES_1199824_1295566_IF4217019" /></respcondition><respcondition title="Response Condition 2"><conditionvar><varequal respident="QUES_1199824_1295566_LID">QUES_1199824_1295566_A4217020</varequal></conditionvar><setvar action="Set">0.000000000</setvar><displayfeedback feedbacktype="Response" linkrefid="QUES_1199824_1295566_IF4217020" /></respcondition></resprocessing><itemfeedback ident="QUES_1199824_1295566_IF4217019"><material><mattext texttype="text/html" /></material></itemfeedback><itemfeedback ident="QUES_1199824_1295566_IF4217020"><material><mattext texttype="text/html" /></material></itemfeedback></item><item ident="OBJ_12337145" label="QUES_1199826_1295568" d2l_2p0:page="1"><itemmetadata><qtimetadata><qti_metadatafield><fieldlabel>qmd_computerscored</fieldlabel><fieldentry>yes</fieldentry></qti_metadatafield><qti_metadatafield><fieldlabel>qmd_questiontype</fieldlabel><fieldentry>Multiple Choice</fieldentry></qti_metadatafield><qti_metadatafield><fieldlabel>qmd_weighting</fieldlabel><fieldentry>1.000000000</fieldentry></qti_metadatafield><qti_metadatafield><fieldlabel>qmd_globalid</fieldlabel><fieldentry>9c39a1b9-0f3c-42cb-b15d-bafaa35a879f</fieldentry></qti_metadatafield><qti_metadatafield><fieldlabel>qmd_displayid</fieldlabel><fieldentry>STEDI-Environment-Master-81</fieldentry></qti_metadatafield></qtimetadata></itemmetadata><itemproc_extension><d2l_2p0:difficulty>1</d2l_2p0:difficulty><d2l_2p0:isbonus>no</d2l_2p0:isbonus><d2l_2p0:ismandatory>no</d2l_2p0:ismandatory></itemproc_extension><presentation><flow><material><mattext texttype="text/html">&lt;p&gt;What crystals power the blade of a lightsaber?&lt;/p&gt;</mattext></material><response_extension><d2l_2p0:display_style>2</d2l_2p0:display_style><d2l_2p0:enumeration>6</d2l_2p0:enumeration><d2l_2p0:grading_type>0</d2l_2p0:grading_type></response_extension><response_lid ident="QUES_1199826_1295568_LID" rcardinality="Single"><render_choice shuffle="no"><flow_label class="Block"><response_label ident="QUES_1199826_1295568_A4217025"><flow_mat><material><mattext texttype="text/html">&lt;p&gt;Kyber&lt;/p&gt;</mattext></material></flow_mat></response_label></flow_label><flow_label class="Block"><response_label ident="QUES_1199826_1295568_A4217026"><flow_mat><material><mattext texttype="text/html">&lt;p&gt;Kessel&lt;/p&gt;</mattext></material></flow_mat></response_label></flow_label><flow_label class="Block"><response_label ident="QUES_1199826_1295568_A4217027"><flow_mat><material><mattext texttype="text/html">&lt;p&gt;Nova&lt;/p&gt;</mattext></material></flow_mat></response_label></flow_label><flow_label class="Block"><response_label ident="QUES_1199826_1295568_A4217028"><flow_mat><material><mattext texttype="text/html">&lt;p&gt;Cristophsis&lt;/p&gt;</mattext></material></flow_mat></response_label></flow_label></render_choice></response_lid></flow></presentation><resprocessing><respcondition title="Response Condition 1"><conditionvar><varequal respident="QUES_1199826_1295568_LID">QUES_1199826_1295568_A4217025</varequal></conditionvar><setvar action="Set">100.000000000</setvar><displayfeedback feedbacktype="Response" linkrefid="QUES_1199826_1295568_IF4217025" /></respcondition><respcondition title="Response Condition 2"><conditionvar><varequal respident="QUES_1199826_1295568_LID">QUES_1199826_1295568_A4217026</varequal></conditionvar><setvar action="Set">0.000000000</setvar><displayfeedback feedbacktype="Response" linkrefid="QUES_1199826_1295568_IF4217026" /></respcondition><respcondition title="Response Condition 3"><conditionvar><varequal respident="QUES_1199826_1295568_LID">QUES_1199826_1295568_A4217027</varequal></conditionvar><setvar action="Set">0.000000000</setvar><displayfeedback feedbacktype="Response" linkrefid="QUES_1199826_1295568_IF4217027" /></respcondition><respcondition title="Response Condition 4"><conditionvar><varequal respident="QUES_1199826_1295568_LID">QUES_1199826_1295568_A4217028</varequal></conditionvar><setvar action="Set">0.000000000</setvar><displayfeedback feedbacktype="Response" linkrefid="QUES_1199826_1295568_IF4217028" /></respcondition></resprocessing><itemfeedback ident="QUES_1199826_1295568_IF4217025"><material><mattext texttype="text/html" /></material></itemfeedback><itemfeedback ident="QUES_1199826_1295568_IF4217026"><material><mattext texttype="text/html" /></material></itemfeedback><itemfeedback ident="QUES_1199826_1295568_IF4217027"><material><mattext texttype="text/html" /></material></itemfeedback><itemfeedback ident="QUES_1199826_1295568_IF4217028"><material><mattext texttype="text/html" /></material></itemfeedback></item><item ident="OBJ_12337146" label="QUES_1199829_1295571" d2l_2p0:page="1"><itemmetadata><qtimetadata><qti_metadatafield><fieldlabel>qmd_computerscored</fieldlabel><fieldentry>yes</fieldentry></qti_metadatafield><qti_metadatafield><fieldlabel>qmd_questiontype</fieldlabel><fieldentry>Multiple Choice</fieldentry></qti_metadatafield><qti_metadatafield><fieldlabel>qmd_weighting</fieldlabel><fieldentry>1.000000000</fieldentry></qti_metadatafield><qti_metadatafield><fieldlabel>qmd_globalid</fieldlabel><fieldentry>56dbcca2-6887-4bd7-a0c6-4c3cd19d04a5</fieldentry></qti_metadatafield><qti_metadatafield><fieldlabel>qmd_displayid</fieldlabel><fieldentry>STEDI-Environment-Master-82</fieldentry></qti_metadatafield></qtimetadata></itemmetadata><itemproc_extension><d2l_2p0:difficulty>1</d2l_2p0:difficulty><d2l_2p0:isbonus>no</d2l_2p0:isbonus><d2l_2p0:ismandatory>no</d2l_2p0:ismandatory></itemproc_extension><presentation><flow><material><mattext texttype="text/html">&lt;p&gt;Which of the following are the proper names of lightsaber combat forms?&lt;br /&gt; &lt;/p&gt;</mattext></material><response_extension><d2l_2p0:display_style>2</d2l_2p0:display_style><d2l_2p0:enumeration>6</d2l_2p0:enumeration><d2l_2p0:grading_type>0</d2l_2p0:grading_type></response_extension><response_lid ident="QUES_1199829_1295571_LID" rcardinality="Single"><render_choice shuffle="no"><flow_label class="Block"><response_label ident="QUES_1199829_1295571_A4217037"><flow_mat><material><mattext texttype="text/html">&lt;p&gt;Ataru&lt;/p&gt;</mattext></material></flow_mat></response_label></flow_label><flow_label class="Block"><response_label ident="QUES_1199829_1295571_A4217038"><flow_mat><material><mattext texttype="text/html">&lt;p&gt;Shii-Cho&lt;/p&gt;</mattext></material></flow_mat></response_label></flow_label><flow_label class="Block"><response_label ident="QUES_1199829_1295571_A4217039"><flow_mat><material><mattext texttype="text/html">&lt;p&gt;Wang-Chung&lt;/p&gt;</mattext></material></flow_mat></response_label></flow_label><flow_label class="Block"><response_label ident="QUES_1199829_1295571_A4217040"><flow_mat><material><mattext texttype="text/html">&lt;p&gt;Makashi&lt;/p&gt;</mattext></material></flow_mat></response_label></flow_label></render_choice></response_lid></flow></presentation><resprocessing><respcondition title="Response Condition 1"><conditionvar><varequal respident="QUES_1199829_1295571_LID">QUES_1199829_1295571_A4217037</varequal></conditionvar><setvar action="Set">33.340000000</setvar><displayfeedback feedbacktype="Response" linkrefid="QUES_1199829_1295571_IF4217037" /></respcondition><respcondition title="Response Condition 2"><conditionvar><varequal respident="QUES_1199829_1295571_LID">QUES_1199829_1295571_A4217038</varequal></conditionvar><setvar action="Set">33.340000000</setvar><displayfeedback feedbacktype="Response" linkrefid="QUES_1199829_1295571_IF4217038" /></respcondition><respcondition title="Response Condition 3"><conditionvar><varequal respident="QUES_1199829_1295571_LID">QUES_1199829_1295571_A4217039</varequal></conditionvar><setvar action="Set">0.000000000</setvar><displayfeedback feedbacktype="Response" linkrefid="QUES_1199829_1295571_IF4217039" /></respcondition><respcondition title="Response Condition 4"><conditionvar><varequal respident="QUES_1199829_1295571_LID">QUES_1199829_1295571_A4217040</varequal></conditionvar><setvar action="Set">33.340000000</setvar><displayfeedback feedbacktype="Response" linkrefid="QUES_1199829_1295571_IF4217040" /></respcondition></resprocessing><itemfeedback ident="QUES_1199829_1295571_IF4217037"><material><mattext texttype="text/html" /></material></itemfeedback><itemfeedback ident="QUES_1199829_1295571_IF4217038"><material><mattext texttype="text/html" /></material></itemfeedback><itemfeedback ident="QUES_1199829_1295571_IF4217039"><material><mattext texttype="text/html" /></material></itemfeedback><itemfeedback ident="QUES_1199829_1295571_IF4217040"><material><mattext texttype="text/html" /></material></itemfeedback></item><item ident="OBJ_12337147" label="QUES_1199831_1295573" d2l_2p0:page="1"><itemmetadata><qtimetadata><qti_metadatafield><fieldlabel>qmd_computerscored</fieldlabel><fieldentry>yes</fieldentry></qti_metadatafield><qti_metadatafield><fieldlabel>qmd_questiontype</fieldlabel><fieldentry>Multiple Choice</fieldentry></qti_metadatafield><qti_metadatafield><fieldlabel>qmd_weighting</fieldlabel><fieldentry>1.000000000</fieldentry></qti_metadatafield><qti_metadatafield><fieldlabel>qmd_globalid</fieldlabel><fieldentry>0fbef99c-60a6-4a9d-bbd9-90213db042a6</fieldentry></qti_metadatafield><qti_metadatafield><fieldlabel>qmd_displayid</fieldlabel><fieldentry>STEDI-Environment-Master-83</fieldentry></qti_metadatafield></qtimetadata></itemmetadata><itemproc_extension><d2l_2p0:difficulty>1</d2l_2p0:difficulty><d2l_2p0:isbonus>no</d2l_2p0:isbonus><d2l_2p0:ismandatory>no</d2l_2p0:ismandatory></itemproc_extension><presentation><flow><material><mattext texttype="text/html">&lt;p&gt;What type of lightsaber is this? &lt;em&gt;Insert this image:&lt;/em&gt;&lt;/p&gt;</mattext></material><response_extension><d2l_2p0:display_style>2</d2l_2p0:display_style><d2l_2p0:enumeration>6</d2l_2p0:enumeration><d2l_2p0:grading_type>0</d2l_2p0:grading_type></response_extension><response_lid ident="QUES_1199831_1295573_LID" rcardinality="Single"><render_choice shuffle="no"><flow_label class="Block"><response_label ident="QUES_1199831_1295573_A4217046"><flow_mat><material><mattext texttype="text/html">&lt;p&gt;Lightsaber pike&lt;br /&gt; &lt;/p&gt;</mattext></material></flow_mat></response_label></flow_label><flow_label class="Block"><response_label ident="QUES_1199831_1295573_A4217047"><flow_mat><material><mattext texttype="text/html">&lt;p&gt;Shoto style&lt;/p&gt;</mattext></material></flow_mat></response_label></flow_label><flow_label class="Block"><response_label ident="QUES_1199831_1295573_A4217048"><flow_mat><material><mattext texttype="text/html">&lt;p&gt;Protosaber&lt;/p&gt;</mattext></material></flow_mat></response_label></flow_label><flow_label class="Block"><response_label ident="QUES_1199831_1295573_A4217049"><flow_mat><material><mattext texttype="text/html">&lt;p&gt;Vibroblade&lt;/p&gt;</mattext></material></flow_mat></response_label></flow_label></render_choice></response_lid></flow></presentation><resprocessing><respcondition title="Response Condition 1"><conditionvar><varequal respident="QUES_1199831_1295573_LID">QUES_1199831_1295573_A4217046</varequal></conditionvar><setvar action="Set">0.000000000</setvar><displayfeedback feedbacktype="Response" linkrefid="QUES_1199831_1295573_IF4217046" /></respcondition><respcondition title="Response Condition 2"><conditionvar><varequal respident="QUES_1199831_1295573_LID">QUES_1199831_1295573_A4217047</varequal></conditionvar><setvar action="Set">0.000000000</setvar><displayfeedback feedbacktype="Response" linkrefid="QUES_1199831_1295573_IF4217047" /></respcondition><respcondition title="Response Condition 3"><conditionvar><varequal respident="QUES_1199831_1295573_LID">QUES_1199831_1295573_A4217048</varequal></conditionvar><setvar action="Set">100.000000000</setvar><displayfeedback feedbacktype="Response" linkrefid="QUES_1199831_1295573_IF4217048" /></respcondition><respcondition title="Response Condition 4"><conditionvar><varequal respident="QUES_1199831_1295573_LID">QUES_1199831_1295573_A4217049</varequal></conditionvar><setvar action="Set">0.000000000</setvar><displayfeedback feedbacktype="Response" linkrefid="QUES_1199831_1295573_IF4217049" /></respcondition></resprocessing><itemfeedback ident="QUES_1199831_1295573_IF4217046"><material><mattext texttype="text/html" /></material></itemfeedback><itemfeedback ident="QUES_1199831_1295573_IF4217047"><material><mattext texttype="text/html" /></material></itemfeedback><itemfeedback ident="QUES_1199831_1295573_IF4217048"><material><mattext texttype="text/html" /></material></itemfeedback><itemfeedback ident="QUES_1199831_1295573_IF4217049"><material><mattext texttype="text/html" /></material></itemfeedback></item><item ident="OBJ_12337148" label="QUES_1199832_1295575" d2l_2p0:page="1"><itemmetadata><qtimetadata><qti_metadatafield><fieldlabel>qmd_computerscored</fieldlabel><fieldentry>yes</fieldentry></qti_metadatafield><qti_metadatafield><fieldlabel>qmd_questiontype</fieldlabel><fieldentry>Short Answer</fieldentry></qti_metadatafield><qti_metadatafield><fieldlabel>qmd_weighting</fieldlabel><fieldentry>1.000000000</fieldentry></qti_metadatafield><qti_metadatafield><fieldlabel>qmd_globalid</fieldlabel><fieldentry>c0ab8bd5-eaa3-441c-bd30-2e9290a937e6</fieldentry></qti_metadatafield><qti_metadatafield><fieldlabel>qmd_displayid</fieldlabel><fieldentry>STEDI-Environment-Master-84</fieldentry></qti_metadatafield></qtimetadata></itemmetadata><itemproc_extension><d2l_2p0:difficulty>1</d2l_2p0:difficulty><d2l_2p0:isbonus>no</d2l_2p0:isbonus><d2l_2p0:ismandatory>no</d2l_2p0:ismandatory></itemproc_extension><presentation><flow><material><mattext texttype="text/html">&lt;p&gt;Which Je-daii Master created the First Blade?&lt;/p&gt;</mattext></material><response_extension><d2l_2p0:grading_type>0</d2l_2p0:grading_type></response_extension><response_str ident="QUES_1199832_1295575_A4217055_STR" rcardinality="Single"><render_fib rows="3" columns="60" prompt="Box" fibtype="String"><response_label ident="QUES_1199832_1295575_A4217055_ANS" /></render_fib></response_str></flow></presentation><resprocessing><outcomes><decvar vartype="Integer" minvalue="0" maxvalue="100" varname="Blank_1" /></outcomes><respcondition><conditionvar><varequal respident="QUES_1199832_1295575_A4217055_ANS" case="no">Weapon Master</varequal></conditionvar><setvar action="Set">100.000000000</setvar></respcondition><respcondition><conditionvar><other /></conditionvar><setvar varname="que_score" action="Set">D2L_Correct</setvar></respcondition></resprocessing></item><item ident="OBJ_12337149" label="QUES_1199835_1295580" d2l_2p0:page="1"><itemmetadata><qtimetadata><qti_metadatafield><fieldlabel>qmd_computerscored</fieldlabel><fieldentry>yes</fieldentry></qti_metadatafield><qti_metadatafield><fieldlabel>qmd_questiontype</fieldlabel><fieldentry>Fill in the Blanks</fieldentry></qti_metadatafield><qti_metadatafield><fieldlabel>qmd_weighting</fieldlabel><fieldentry>1.000000000</fieldentry></qti_metadatafield><qti_metadatafield><fieldlabel>qmd_globalid</fieldlabel><fieldentry>b5447046-52ea-47f4-96a7-bd1a69c7a429</fieldentry></qti_metadatafield><qti_metadatafield><fieldlabel>qmd_displayid</fieldlabel><fieldentry>STEDI-Environment-Master-85</fieldentry></qti_metadatafield></qtimetadata></itemmetadata><itemproc_extension><d2l_2p0:difficulty>1</d2l_2p0:difficulty><d2l_2p0:isbonus>no</d2l_2p0:isbonus><d2l_2p0:ismandatory>no</d2l_2p0:ismandatory></itemproc_extension><presentation><flow><material><mattext texttype="text/html">According to the in-class discussion ______ is the oldest and most rudimentary form of lightsaber combat.</mattext></material><response_str ident="QUES_1199835_1295580_A4217071_STR" rcardinality="Single"><render_fib rows="1" columns="30" prompt="Box" fibtype="String"><response_label ident="QUES_1199835_1295580_A4217071_ANS" /></render_fib></response_str></flow></presentation><resprocessing><outcomes><decvar vartype="Integer" minvalue="0" maxvalue="100" varname="Blank_1" /></outcomes><respcondition><conditionvar><varequal respident="QUES_1199835_1295580_A4217071_ANS" case="no">Shii-Cho</varequal></conditionvar><setvar action="Set">100.000000000</setvar></respcondition></resprocessing></item></section></assessment></questestinterop>