﻿<?xml version="1.0" encoding="UTF-8"?><questestinterop xmlns:d2l_2p0="http://desire2learn.com/xsd/d2lcp_v2p0"><assessment d2l_2p0:id="173" title="Week 04 Reading and Participation" ident="res_quiz_600467" d2l_2p0:resource_code="byui_produ-348435,byui_produ-389832,byui_produ-390429,byui_produ-393238,byui_produ-412161,byui_produ-413342,byui_produ-511256,byui_produ-515975,byui_produ-578629,byui_produ-579361,byui_produ-580061,byui_produ-580632,byui_produ-580675,byui_produ-586016,byui_produ-589116,byui_produ-594056,byui_produ-594380,byui_produ-594703,byui_produ-595059,byui_produ-595577,byui_produ-598616,byui_produ-598831,byui_produ-599489,byui_produ-599830"><rubric><flow_mat><material><mattext d2l_2p0:isdisplayed="yes" texttype="text/html" /></material></flow_mat></rubric><assessmentcontrol hintswitch="no" solutionswitch="no" feedbackswitch="no" /><presentation_material><flow_mat><material label="page header"><mattext d2l_2p0:isdisplayed="no" texttype="text/html" /></material><material label="page footer"><mattext d2l_2p0:isdisplayed="no" texttype="text/html" /></material></flow_mat></presentation_material><assess_procextension><d2l_2p0:intro_message d2l_2p0:isdisplayed="no" texttype="text/html" /><d2l_2p0:disable_right_click>no</d2l_2p0:disable_right_click><d2l_2p0:disable_pager_access>yes</d2l_2p0:disable_pager_access><is_active>yes</is_active><d2l_2p0:date_start /><d2l_2p0:date_end /><d2l_2p0:has_schedule_event>no</d2l_2p0:has_schedule_event><d2l_2p0:is_attempt_Rldb>no</d2l_2p0:is_attempt_Rldb><d2l_2p0:is_subview_Rldb>no</d2l_2p0:is_subview_Rldb><d2l_2p0:time_limit>120</d2l_2p0:time_limit><d2l_2p0:show_clock>no</d2l_2p0:show_clock><d2l_2p0:enforce_time_limit>no</d2l_2p0:enforce_time_limit><d2l_2p0:grace_period>5</d2l_2p0:grace_period><d2l_2p0:late_limit>0</d2l_2p0:late_limit><d2l_2p0:attempts_allowed>1</d2l_2p0:attempts_allowed><d2l_2p0:attempt_restrictions /><d2l_2p0:mark_calculation_type>1</d2l_2p0:mark_calculation_type><d2l_2p0:is_forward_only>no</d2l_2p0:is_forward_only></assess_procextension><assessfeedback><rubric><flow_mat><material><mattext texttype="no">Your quiz has been submitted successfully.</mattext></material></flow_mat></rubric><d2l_2p0:duration>0</d2l_2p0:duration><d2l_2p0:response_display_type_id>1</d2l_2p0:response_display_type_id><d2l_2p0:show_correct_answers>no</d2l_2p0:show_correct_answers><d2l_2p0:submission_restrictip>no</d2l_2p0:submission_restrictip><d2l_2p0:show_class_average>no</d2l_2p0:show_class_average><d2l_2p0:show_score_distribution>no</d2l_2p0:show_score_distribution></assessfeedback><section ident="CONTAINER_SECTION"><itemref linkrefid="QUES_783340_851658" d2l_2p0:page="1"><d2l_2p0:file href="quiz_d2l_246945.xml" /><d2l_2p0:points>3.000000000</d2l_2p0:points><d2l_2p0:difficulty>2</d2l_2p0:difficulty><d2l_2p0:isbonus>no</d2l_2p0:isbonus><d2l_2p0:ismandatory>no</d2l_2p0:ismandatory></itemref><itemref linkrefid="QUES_783342_851661" d2l_2p0:page="1"><d2l_2p0:file href="quiz_d2l_246945.xml" /><d2l_2p0:points>5.000000000</d2l_2p0:points><d2l_2p0:difficulty>3</d2l_2p0:difficulty><d2l_2p0:isbonus>no</d2l_2p0:isbonus><d2l_2p0:ismandatory>no</d2l_2p0:ismandatory></itemref><itemref linkrefid="QUES_783344_851667" d2l_2p0:page="1"><d2l_2p0:file href="quiz_d2l_246945.xml" /><d2l_2p0:points>1.000000000</d2l_2p0:points><d2l_2p0:difficulty>1</d2l_2p0:difficulty><d2l_2p0:isbonus>no</d2l_2p0:isbonus><d2l_2p0:ismandatory>no</d2l_2p0:ismandatory></itemref><itemref linkrefid="QUES_783346_851674" d2l_2p0:page="1"><d2l_2p0:file href="quiz_d2l_246945.xml" /><d2l_2p0:points>1.000000000</d2l_2p0:points><d2l_2p0:difficulty>1</d2l_2p0:difficulty><d2l_2p0:isbonus>no</d2l_2p0:isbonus><d2l_2p0:ismandatory>no</d2l_2p0:ismandatory></itemref></section></assessment></questestinterop>