﻿<?xml version="1.0" encoding="UTF-8"?><questestinterop xmlns:d2l_2p0="http://desire2learn.com/xsd/d2lcp_v2p0"><assessment d2l_2p0:id="106" title="Week 02 Reading and Participation Quiz" ident="res_quiz_246943"><rubric><flow_mat><material><mattext d2l_2p0:isdisplayed="yes" texttype="text/html" /></material></flow_mat></rubric><assessmentcontrol hintswitch="no" solutionswitch="no" feedbackswitch="no" /><presentation_material><flow_mat><material label="page header"><mattext d2l_2p0:isdisplayed="no" texttype="text/html" /></material><material label="page footer"><mattext d2l_2p0:isdisplayed="no" texttype="text/html" /></material></flow_mat></presentation_material><assess_procextension><d2l_2p0:intro_message d2l_2p0:isdisplayed="no" texttype="text/html" /><grade_item d2l_2p0:is_autoexport="no" resource_code="byui_production-1575065">497759</grade_item><d2l_2p0:disable_right_click>no</d2l_2p0:disable_right_click><d2l_2p0:disable_pager_access>yes</d2l_2p0:disable_pager_access><is_active>yes</is_active><d2l_2p0:date_start><d2l_2p0:timestamp><d2l_2p0:month>1</d2l_2p0:month><d2l_2p0:day>3</d2l_2p0:day><d2l_2p0:year>2032</d2l_2p0:year><d2l_2p0:hour>0</d2l_2p0:hour><d2l_2p0:minutes>0</d2l_2p0:minutes><d2l_2p0:seconds>0</d2l_2p0:seconds></d2l_2p0:timestamp></d2l_2p0:date_start><d2l_2p0:date_end><d2l_2p0:timestamp><d2l_2p0:month>1</d2l_2p0:month><d2l_2p0:day>19</d2l_2p0:day><d2l_2p0:year>2032</d2l_2p0:year><d2l_2p0:hour>8</d2l_2p0:hour><d2l_2p0:minutes>0</d2l_2p0:minutes><d2l_2p0:seconds>0</d2l_2p0:seconds></d2l_2p0:timestamp></d2l_2p0:date_end><d2l_2p0:has_schedule_event>yes</d2l_2p0:has_schedule_event><d2l_2p0:is_attempt_Rldb>no</d2l_2p0:is_attempt_Rldb><d2l_2p0:is_subview_Rldb>no</d2l_2p0:is_subview_Rldb><d2l_2p0:time_limit>120</d2l_2p0:time_limit><d2l_2p0:show_clock>no</d2l_2p0:show_clock><d2l_2p0:enforce_time_limit>no</d2l_2p0:enforce_time_limit><d2l_2p0:grace_period>5</d2l_2p0:grace_period><d2l_2p0:late_limit>0</d2l_2p0:late_limit><d2l_2p0:attempts_allowed>1</d2l_2p0:attempts_allowed><d2l_2p0:attempt_restrictions /><d2l_2p0:mark_calculation_type>1</d2l_2p0:mark_calculation_type><d2l_2p0:is_forward_only>no</d2l_2p0:is_forward_only></assess_procextension><assessfeedback><rubric><flow_mat><material><mattext texttype="no">Your quiz has been submitted successfully.</mattext></material></flow_mat></rubric><d2l_2p0:duration>0</d2l_2p0:duration><d2l_2p0:response_display_type_id>1</d2l_2p0:response_display_type_id><d2l_2p0:show_correct_answers>no</d2l_2p0:show_correct_answers><d2l_2p0:submission_restrictip>no</d2l_2p0:submission_restrictip><d2l_2p0:show_class_average>no</d2l_2p0:show_class_average><d2l_2p0:show_score_distribution>no</d2l_2p0:show_score_distribution></assessfeedback><section ident="CONTAINER_SECTION"><item ident="OBJ_4449345" label="QUES_780589_848061" d2l_2p0:page="1"><itemmetadata><qtimetadata><qti_metadatafield><fieldlabel>qmd_computerscored</fieldlabel><fieldentry>yes</fieldentry></qti_metadatafield><qti_metadatafield><fieldlabel>qmd_questiontype</fieldlabel><fieldentry>Multiple Choice</fieldentry></qti_metadatafield><qti_metadatafield><fieldlabel>qmd_weighting</fieldlabel><fieldentry>2.000000000</fieldentry></qti_metadatafield><qti_metadatafield><fieldlabel>qmd_globalid</fieldlabel><fieldentry>0c19be52-6ad3-49ad-b810-a6e5494548b7</fieldentry></qti_metadatafield><qti_metadatafield><fieldlabel>qmd_displayid</fieldlabel><fieldentry>STEDI-Environment-Master-37</fieldentry></qti_metadatafield></qtimetadata></itemmetadata><itemproc_extension><d2l_2p0:difficulty>1</d2l_2p0:difficulty><d2l_2p0:isbonus>no</d2l_2p0:isbonus><d2l_2p0:ismandatory>no</d2l_2p0:ismandatory></itemproc_extension><presentation><flow><material><mattext texttype="text/html">&lt;p&gt;What planet did the Jedi first settle?&lt;/p&gt;</mattext></material><response_extension><d2l_2p0:display_style>2</d2l_2p0:display_style><d2l_2p0:enumeration>1</d2l_2p0:enumeration><d2l_2p0:grading_type>0</d2l_2p0:grading_type></response_extension><response_lid ident="QUES_780589_848061_LID" rcardinality="Single"><render_choice shuffle="no"><flow_label class="Block"><response_label ident="QUES_780589_848061_A2712159"><flow_mat><material><mattext texttype="text/html">&lt;p&gt;Ilum&lt;/p&gt;</mattext></material></flow_mat></response_label></flow_label><flow_label class="Block"><response_label ident="QUES_780589_848061_A2712160"><flow_mat><material><mattext texttype="text/html">&lt;p&gt;Ilight&lt;/p&gt;</mattext></material></flow_mat></response_label></flow_label><flow_label class="Block"><response_label ident="QUES_780589_848061_A2712161"><flow_mat><material><mattext texttype="text/html">&lt;p&gt;Idark&lt;/p&gt;</mattext></material></flow_mat></response_label></flow_label><flow_label class="Block"><response_label ident="QUES_780589_848061_A2712162"><flow_mat><material><mattext texttype="text/html">&lt;p&gt;Itired&lt;/p&gt;</mattext></material></flow_mat></response_label></flow_label></render_choice></response_lid></flow></presentation><resprocessing><respcondition title="Response Condition 1"><conditionvar><varequal respident="QUES_780589_848061_LID">QUES_780589_848061_A2712159</varequal></conditionvar><setvar action="Set">100.000000000</setvar><displayfeedback feedbacktype="Response" linkrefid="QUES_780589_848061_IF2712159" /></respcondition><respcondition title="Response Condition 2"><conditionvar><varequal respident="QUES_780589_848061_LID">QUES_780589_848061_A2712160</varequal></conditionvar><setvar action="Set">0.000000000</setvar><displayfeedback feedbacktype="Response" linkrefid="QUES_780589_848061_IF2712160" /></respcondition><respcondition title="Response Condition 3"><conditionvar><varequal respident="QUES_780589_848061_LID">QUES_780589_848061_A2712161</varequal></conditionvar><setvar action="Set">0.000000000</setvar><displayfeedback feedbacktype="Response" linkrefid="QUES_780589_848061_IF2712161" /></respcondition><respcondition title="Response Condition 4"><conditionvar><varequal respident="QUES_780589_848061_LID">QUES_780589_848061_A2712162</varequal></conditionvar><setvar action="Set">0.000000000</setvar><displayfeedback feedbacktype="Response" linkrefid="QUES_780589_848061_IF2712162" /></respcondition></resprocessing><itemfeedback ident="QUES_780589_848061_IF2712159"><material><mattext texttype="text/html" /></material></itemfeedback><itemfeedback ident="QUES_780589_848061_IF2712160"><material><mattext texttype="text/html" /></material></itemfeedback><itemfeedback ident="QUES_780589_848061_IF2712161"><material><mattext texttype="text/html" /></material></itemfeedback><itemfeedback ident="QUES_780589_848061_IF2712162"><material><mattext texttype="text/html" /></material></itemfeedback></item><item ident="OBJ_4449346" label="QUES_780590_848071" d2l_2p0:page="1"><itemmetadata><qtimetadata><qti_metadatafield><fieldlabel>qmd_computerscored</fieldlabel><fieldentry>yes</fieldentry></qti_metadatafield><qti_metadatafield><fieldlabel>qmd_questiontype</fieldlabel><fieldentry>Multiple Choice</fieldentry></qti_metadatafield><qti_metadatafield><fieldlabel>qmd_weighting</fieldlabel><fieldentry>2.000000000</fieldentry></qti_metadatafield><qti_metadatafield><fieldlabel>qmd_globalid</fieldlabel><fieldentry>6c89536b-c79c-4283-a156-e909d41cb9ed</fieldentry></qti_metadatafield><qti_metadatafield><fieldlabel>qmd_displayid</fieldlabel><fieldentry>STEDI-Environment-Master-39</fieldentry></qti_metadatafield></qtimetadata></itemmetadata><itemproc_extension><d2l_2p0:difficulty>1</d2l_2p0:difficulty><d2l_2p0:isbonus>no</d2l_2p0:isbonus><d2l_2p0:ismandatory>no</d2l_2p0:ismandatory></itemproc_extension><presentation><flow><material><mattext texttype="text/html">&lt;p&gt;Who did the Old Republic start a war with because they still upheld the traditions of slavery?&lt;/p&gt;</mattext></material><response_extension><d2l_2p0:display_style>2</d2l_2p0:display_style><d2l_2p0:enumeration>6</d2l_2p0:enumeration><d2l_2p0:grading_type>0</d2l_2p0:grading_type></response_extension><response_lid ident="QUES_780590_848071_LID" rcardinality="Single"><render_choice shuffle="no"><flow_label class="Block"><response_label ident="QUES_780590_848071_A2712253"><flow_mat><material><mattext texttype="text/html">&lt;p&gt;Mandalore&lt;/p&gt;</mattext></material></flow_mat></response_label></flow_label><flow_label class="Block"><response_label ident="QUES_780590_848071_A2712254"><flow_mat><material><mattext texttype="text/html">&lt;p&gt;Mandalog&lt;/p&gt;</mattext></material></flow_mat></response_label></flow_label><flow_label class="Block"><response_label ident="QUES_780590_848071_A2712255"><flow_mat><material><mattext texttype="text/html">&lt;p&gt;Mandadysk&lt;/p&gt;</mattext></material></flow_mat></response_label></flow_label><flow_label class="Block"><response_label ident="QUES_780590_848071_A2712256"><flow_mat><material><mattext texttype="text/html">&lt;p&gt;Mandtree&lt;/p&gt;</mattext></material></flow_mat></response_label></flow_label></render_choice></response_lid></flow></presentation><resprocessing><respcondition title="Response Condition 1"><conditionvar><varequal respident="QUES_780590_848071_LID">QUES_780590_848071_A2712253</varequal></conditionvar><setvar action="Set">100.000000000</setvar><displayfeedback feedbacktype="Response" linkrefid="QUES_780590_848071_IF2712253" /></respcondition><respcondition title="Response Condition 2"><conditionvar><varequal respident="QUES_780590_848071_LID">QUES_780590_848071_A2712254</varequal></conditionvar><setvar action="Set">0.000000000</setvar><displayfeedback feedbacktype="Response" linkrefid="QUES_780590_848071_IF2712254" /></respcondition><respcondition title="Response Condition 3"><conditionvar><varequal respident="QUES_780590_848071_LID">QUES_780590_848071_A2712255</varequal></conditionvar><setvar action="Set">0.000000000</setvar><displayfeedback feedbacktype="Response" linkrefid="QUES_780590_848071_IF2712255" /></respcondition><respcondition title="Response Condition 4"><conditionvar><varequal respident="QUES_780590_848071_LID">QUES_780590_848071_A2712256</varequal></conditionvar><setvar action="Set">0.000000000</setvar><displayfeedback feedbacktype="Response" linkrefid="QUES_780590_848071_IF2712256" /></respcondition></resprocessing><itemfeedback ident="QUES_780590_848071_IF2712253"><material><mattext texttype="text/html" /></material></itemfeedback><itemfeedback ident="QUES_780590_848071_IF2712254"><material><mattext texttype="text/html" /></material></itemfeedback><itemfeedback ident="QUES_780590_848071_IF2712255"><material><mattext texttype="text/html" /></material></itemfeedback><itemfeedback ident="QUES_780590_848071_IF2712256"><material><mattext texttype="text/html" /></material></itemfeedback></item><item ident="OBJ_4449347" label="QUES_783019_851262" d2l_2p0:page="1"><itemmetadata><qtimetadata><qti_metadatafield><fieldlabel>qmd_computerscored</fieldlabel><fieldentry>yes</fieldentry></qti_metadatafield><qti_metadatafield><fieldlabel>qmd_questiontype</fieldlabel><fieldentry>Multiple Choice</fieldentry></qti_metadatafield><qti_metadatafield><fieldlabel>qmd_weighting</fieldlabel><fieldentry>2.000000000</fieldentry></qti_metadatafield><qti_metadatafield><fieldlabel>qmd_globalid</fieldlabel><fieldentry>28e07b00-7b61-4e4a-b5b8-b0b52251b4a0</fieldentry></qti_metadatafield><qti_metadatafield><fieldlabel>qmd_displayid</fieldlabel><fieldentry>STEDI-Environment-Master-40</fieldentry></qti_metadatafield></qtimetadata></itemmetadata><itemproc_extension><d2l_2p0:difficulty>1</d2l_2p0:difficulty><d2l_2p0:isbonus>no</d2l_2p0:isbonus><d2l_2p0:ismandatory>no</d2l_2p0:ismandatory></itemproc_extension><presentation><flow><material><mattext texttype="text/html">&lt;p&gt;What color is Mace Windu's lightsaber?&lt;/p&gt;</mattext></material><response_extension><d2l_2p0:display_style>2</d2l_2p0:display_style><d2l_2p0:enumeration>6</d2l_2p0:enumeration><d2l_2p0:grading_type>0</d2l_2p0:grading_type></response_extension><response_lid ident="QUES_783019_851262_LID" rcardinality="Single"><render_choice shuffle="no"><flow_label class="Block"><response_label ident="QUES_783019_851262_A2724013"><flow_mat><material><mattext texttype="text/html">&lt;p&gt;Pink&lt;/p&gt;</mattext></material></flow_mat></response_label></flow_label><flow_label class="Block"><response_label ident="QUES_783019_851262_A2724014"><flow_mat><material><mattext texttype="text/html">&lt;p&gt;Burgundy&lt;/p&gt;</mattext></material></flow_mat></response_label></flow_label><flow_label class="Block"><response_label ident="QUES_783019_851262_A2724015"><flow_mat><material><mattext texttype="text/html">&lt;p&gt;Rusty Orange&lt;/p&gt;</mattext></material></flow_mat></response_label></flow_label><flow_label class="Block"><response_label ident="QUES_783019_851262_A2724016"><flow_mat><material><mattext texttype="text/html">&lt;p&gt;Purple&lt;/p&gt;</mattext></material></flow_mat></response_label></flow_label></render_choice></response_lid></flow></presentation><resprocessing><respcondition title="Response Condition 1"><conditionvar><varequal respident="QUES_783019_851262_LID">QUES_783019_851262_A2724013</varequal></conditionvar><setvar action="Set">0.000000000</setvar><displayfeedback feedbacktype="Response" linkrefid="QUES_783019_851262_IF2724013" /></respcondition><respcondition title="Response Condition 2"><conditionvar><varequal respident="QUES_783019_851262_LID">QUES_783019_851262_A2724014</varequal></conditionvar><setvar action="Set">0.000000000</setvar><displayfeedback feedbacktype="Response" linkrefid="QUES_783019_851262_IF2724014" /></respcondition><respcondition title="Response Condition 3"><conditionvar><varequal respident="QUES_783019_851262_LID">QUES_783019_851262_A2724015</varequal></conditionvar><setvar action="Set">0.000000000</setvar><displayfeedback feedbacktype="Response" linkrefid="QUES_783019_851262_IF2724015" /></respcondition><respcondition title="Response Condition 4"><conditionvar><varequal respident="QUES_783019_851262_LID">QUES_783019_851262_A2724016</varequal></conditionvar><setvar action="Set">100.000000000</setvar><displayfeedback feedbacktype="Response" linkrefid="QUES_783019_851262_IF2724016" /></respcondition></resprocessing><itemfeedback ident="QUES_783019_851262_IF2724013"><material><mattext texttype="text/html" /></material></itemfeedback><itemfeedback ident="QUES_783019_851262_IF2724014"><material><mattext texttype="text/html" /></material></itemfeedback><itemfeedback ident="QUES_783019_851262_IF2724015"><material><mattext texttype="text/html" /></material></itemfeedback><itemfeedback ident="QUES_783019_851262_IF2724016"><material><mattext texttype="text/html" /></material></itemfeedback></item><item ident="OBJ_4449348" label="QUES_783022_851275" d2l_2p0:page="1"><itemmetadata><qtimetadata><qti_metadatafield><fieldlabel>qmd_computerscored</fieldlabel><fieldentry>yes</fieldentry></qti_metadatafield><qti_metadatafield><fieldlabel>qmd_questiontype</fieldlabel><fieldentry>Multiple Choice</fieldentry></qti_metadatafield><qti_metadatafield><fieldlabel>qmd_weighting</fieldlabel><fieldentry>2.000000000</fieldentry></qti_metadatafield><qti_metadatafield><fieldlabel>qmd_globalid</fieldlabel><fieldentry>fabeaa85-69fd-4e72-abcd-2ea52e347b29</fieldentry></qti_metadatafield><qti_metadatafield><fieldlabel>qmd_displayid</fieldlabel><fieldentry>STEDI-Environment-Master-42</fieldentry></qti_metadatafield></qtimetadata></itemmetadata><itemproc_extension><d2l_2p0:difficulty>1</d2l_2p0:difficulty><d2l_2p0:isbonus>no</d2l_2p0:isbonus><d2l_2p0:ismandatory>no</d2l_2p0:ismandatory></itemproc_extension><presentation><flow><material><mattext texttype="text/html">&lt;p&gt;The year did the Sith order form?&lt;/p&gt;</mattext></material><response_extension><d2l_2p0:display_style>2</d2l_2p0:display_style><d2l_2p0:enumeration>6</d2l_2p0:enumeration><d2l_2p0:grading_type>0</d2l_2p0:grading_type></response_extension><response_lid ident="QUES_783022_851275_LID" rcardinality="Single"><render_choice shuffle="no"><flow_label class="Block"><response_label ident="QUES_783022_851275_A2724060"><flow_mat><material><mattext texttype="text/html">&lt;p&gt;1911 progressions&lt;/p&gt;</mattext></material></flow_mat></response_label></flow_label><flow_label class="Block"><response_label ident="QUES_783022_851275_A2724061"><flow_mat><material><mattext texttype="text/html">&lt;p&gt;5,000 progressions&lt;/p&gt;</mattext></material></flow_mat></response_label></flow_label><flow_label class="Block"><response_label ident="QUES_783022_851275_A2724062"><flow_mat><material><mattext texttype="text/html">&lt;p&gt;6,000 years before the Clone Wars and 1,000 years after The Great Temple of Massassi is built on Yavin 4.&lt;/p&gt;</mattext></material></flow_mat></response_label></flow_label><flow_label class="Block"><response_label ident="QUES_783022_851275_A2724063"><flow_mat><material><mattext texttype="text/html">&lt;p&gt;&lt;span&gt;6,000 years before the Clone Wars and 1,500 years after The Great Temple of Massassi is built on Yavin 4.&lt;/span&gt;&lt;/p&gt;</mattext></material></flow_mat></response_label></flow_label></render_choice></response_lid></flow></presentation><resprocessing><respcondition title="Response Condition 1"><conditionvar><varequal respident="QUES_783022_851275_LID">QUES_783022_851275_A2724060</varequal></conditionvar><setvar action="Set">0.000000000</setvar><displayfeedback feedbacktype="Response" linkrefid="QUES_783022_851275_IF2724060" /></respcondition><respcondition title="Response Condition 2"><conditionvar><varequal respident="QUES_783022_851275_LID">QUES_783022_851275_A2724061</varequal></conditionvar><setvar action="Set">0.000000000</setvar><displayfeedback feedbacktype="Response" linkrefid="QUES_783022_851275_IF2724061" /></respcondition><respcondition title="Response Condition 3"><conditionvar><varequal respident="QUES_783022_851275_LID">QUES_783022_851275_A2724062</varequal></conditionvar><setvar action="Set">100.000000000</setvar><displayfeedback feedbacktype="Response" linkrefid="QUES_783022_851275_IF2724062" /></respcondition><respcondition title="Response Condition 4"><conditionvar><varequal respident="QUES_783022_851275_LID">QUES_783022_851275_A2724063</varequal></conditionvar><setvar action="Set">0.000000000</setvar><displayfeedback feedbacktype="Response" linkrefid="QUES_783022_851275_IF2724063" /></respcondition></resprocessing><itemfeedback ident="QUES_783022_851275_IF2724060"><material><mattext texttype="text/html" /></material></itemfeedback><itemfeedback ident="QUES_783022_851275_IF2724061"><material><mattext texttype="text/html" /></material></itemfeedback><itemfeedback ident="QUES_783022_851275_IF2724062"><material><mattext texttype="text/html" /></material></itemfeedback><itemfeedback ident="QUES_783022_851275_IF2724063"><material><mattext texttype="text/html" /></material></itemfeedback></item><item ident="OBJ_4449349" label="QUES_788813_1029212" d2l_2p0:page="1"><itemmetadata><qtimetadata><qti_metadatafield><fieldlabel>qmd_computerscored</fieldlabel><fieldentry>yes</fieldentry></qti_metadatafield><qti_metadatafield><fieldlabel>qmd_questiontype</fieldlabel><fieldentry>Long Answer</fieldentry></qti_metadatafield><qti_metadatafield><fieldlabel>qmd_weighting</fieldlabel><fieldentry>2.000000000</fieldentry></qti_metadatafield><qti_metadatafield><fieldlabel>qmd_globalid</fieldlabel><fieldentry>4d7eba27-33f8-438e-b454-91e67c056411</fieldentry></qti_metadatafield><qti_metadatafield><fieldlabel>qmd_displayid</fieldlabel><fieldentry>STEDI-Environment-Master-55</fieldentry></qti_metadatafield></qtimetadata></itemmetadata><itemproc_extension><d2l_2p0:difficulty>1</d2l_2p0:difficulty><d2l_2p0:isbonus>no</d2l_2p0:isbonus><d2l_2p0:ismandatory>no</d2l_2p0:ismandatory></itemproc_extension><presentation><flow><material><mattext texttype="text/html">&lt;p&gt;In two or three sentences, describe the process of becoming a Jedi master.&lt;/p&gt;</mattext></material><response_extension><d2l_2p0:has_signed_comments>no</d2l_2p0:has_signed_comments><d2l_2p0:has_htmleditor>no</d2l_2p0:has_htmleditor></response_extension><response_str ident="QUES_788813_1029212_STR" rcardinality="Multiple"><render_fib rows="5" columns="80" prompt="Box" fibtype="String"><response_label ident="QUES_788813_1029212_LA"><material><mattext texttype="text/plain" /></material></response_label></render_fib></response_str></flow></presentation><answer_key><answer_key_material><flow_mat><material><mattext texttype="text/html">&lt;p&gt;&lt;span&gt;"One becomes a Jedi Master after many years as a knight and having proven their skill."&lt;/span&gt;&lt;/p&gt;</mattext></material></flow_mat></answer_key_material></answer_key></item></section></assessment></questestinterop>