﻿<?xml version="1.0" encoding="UTF-8"?><questestinterop xmlns:d2l_2p0="http://desire2learn.com/xsd/d2lcp_v2p0"><assessment d2l_2p0:id="117" title="Chapter 02 Quiz" ident="res_quiz_600329" d2l_2p0:resource_code="byui_production-1402559"><rubric><flow_mat><material><mattext d2l_2p0:isdisplayed="no" texttype="text/html" /></material></flow_mat></rubric><assessmentcontrol hintswitch="no" solutionswitch="yes" feedbackswitch="no" /><presentation_material><flow_mat><material label="page header"><mattext d2l_2p0:isdisplayed="no" texttype="text/html" /></material><material label="page footer"><mattext d2l_2p0:isdisplayed="no" texttype="text/html" /></material></flow_mat></presentation_material><assess_procextension><d2l_2p0:intro_message d2l_2p0:isdisplayed="no" texttype="text/html" /><grade_item d2l_2p0:is_autoexport="no" resource_code="byui_production-1575073">1454280</grade_item><d2l_2p0:disable_right_click>no</d2l_2p0:disable_right_click><d2l_2p0:disable_pager_access>yes</d2l_2p0:disable_pager_access><is_active>yes</is_active><d2l_2p0:date_start /><d2l_2p0:date_end /><d2l_2p0:has_schedule_event>no</d2l_2p0:has_schedule_event><d2l_2p0:is_attempt_Rldb>no</d2l_2p0:is_attempt_Rldb><d2l_2p0:is_subview_Rldb>no</d2l_2p0:is_subview_Rldb><d2l_2p0:time_limit>120</d2l_2p0:time_limit><d2l_2p0:show_clock>no</d2l_2p0:show_clock><d2l_2p0:enforce_time_limit>no</d2l_2p0:enforce_time_limit><d2l_2p0:grace_period>5</d2l_2p0:grace_period><d2l_2p0:late_limit>0</d2l_2p0:late_limit><d2l_2p0:attempts_allowed>1</d2l_2p0:attempts_allowed><d2l_2p0:attempt_restrictions /><d2l_2p0:mark_calculation_type>1</d2l_2p0:mark_calculation_type><d2l_2p0:is_forward_only>no</d2l_2p0:is_forward_only></assess_procextension><assessfeedback title=""><rubric><flow_mat><material><mattext texttype="yes">&lt;p&gt;Your quiz has been submitted successfully.&lt;/p&gt;</mattext></material></flow_mat></rubric><d2l_2p0:duration>0</d2l_2p0:duration><d2l_2p0:response_display_type_id>4</d2l_2p0:response_display_type_id><d2l_2p0:show_correct_answers>no</d2l_2p0:show_correct_answers><d2l_2p0:submission_restrictip>no</d2l_2p0:submission_restrictip><d2l_2p0:show_class_average>no</d2l_2p0:show_class_average><d2l_2p0:show_score_distribution>no</d2l_2p0:show_score_distribution></assessfeedback><section ident="CONTAINER_SECTION"><item ident="OBJ_12337123" label="QUES_257223_1579385" d2l_2p0:page="1" title="question 1"><itemmetadata><qtimetadata><qti_metadatafield><fieldlabel>qmd_computerscored</fieldlabel><fieldentry>yes</fieldentry></qti_metadatafield><qti_metadatafield><fieldlabel>qmd_questiontype</fieldlabel><fieldentry>Multiple Choice</fieldentry></qti_metadatafield><qti_metadatafield><fieldlabel>qmd_weighting</fieldlabel><fieldentry>1.000000000</fieldentry></qti_metadatafield><qti_metadatafield><fieldlabel>qmd_globalid</fieldlabel><fieldentry>d9f1610f-495c-4bef-abff-68ddefb93882</fieldentry></qti_metadatafield><qti_metadatafield><fieldlabel>qmd_displayid</fieldlabel><fieldentry>STEDI-Environment-Master-23</fieldentry></qti_metadatafield></qtimetadata></itemmetadata><itemproc_extension><d2l_2p0:difficulty>1</d2l_2p0:difficulty><d2l_2p0:isbonus>no</d2l_2p0:isbonus><d2l_2p0:ismandatory>no</d2l_2p0:ismandatory></itemproc_extension><presentation><flow><material><mattext texttype="text/html">&lt;p&gt;In what bodies of water are Kappa generally found?&lt;/p&gt;</mattext></material><response_extension><d2l_2p0:display_style>2</d2l_2p0:display_style><d2l_2p0:enumeration>6</d2l_2p0:enumeration><d2l_2p0:grading_type>0</d2l_2p0:grading_type></response_extension><response_lid ident="QUES_257223_1579385_LID" rcardinality="Single"><render_choice shuffle="no"><flow_label class="Block"><response_label ident="QUES_257223_1579385_A5225513"><flow_mat><material><mattext texttype="text/html">&lt;p&gt;Ponds&lt;/p&gt;</mattext></material></flow_mat></response_label></flow_label><flow_label class="Block"><response_label ident="QUES_257223_1579385_A5225514"><flow_mat><material><mattext texttype="text/html">&lt;p&gt;Lakes&lt;/p&gt;</mattext></material></flow_mat></response_label></flow_label><flow_label class="Block"><response_label ident="QUES_257223_1579385_A5225515"><flow_mat><material><mattext texttype="text/html">&lt;p&gt;Rivers&lt;/p&gt;</mattext></material></flow_mat></response_label></flow_label><flow_label class="Block"><response_label ident="QUES_257223_1579385_A5225516"><flow_mat><material><mattext texttype="text/html">&lt;p&gt;Oceans&lt;/p&gt;</mattext></material></flow_mat></response_label></flow_label></render_choice></response_lid></flow></presentation><hint><hintmaterial><flow_mat><material><mattext texttype="text/html">&lt;p&gt;choose C&lt;/p&gt;</mattext></material></flow_mat></hintmaterial></hint><resprocessing><respcondition title="Response Condition 1"><conditionvar><varequal respident="QUES_257223_1579385_LID">QUES_257223_1579385_A5225513</varequal></conditionvar><setvar action="Set">0.000000000</setvar><displayfeedback feedbacktype="Response" linkrefid="QUES_257223_1579385_IF5225513" /></respcondition><respcondition title="Response Condition 2"><conditionvar><varequal respident="QUES_257223_1579385_LID">QUES_257223_1579385_A5225514</varequal></conditionvar><setvar action="Set">0.000000000</setvar><displayfeedback feedbacktype="Response" linkrefid="QUES_257223_1579385_IF5225514" /></respcondition><respcondition title="Response Condition 3"><conditionvar><varequal respident="QUES_257223_1579385_LID">QUES_257223_1579385_A5225515</varequal></conditionvar><setvar action="Set">100.000000000</setvar><displayfeedback feedbacktype="Response" linkrefid="QUES_257223_1579385_IF5225515" /></respcondition><respcondition title="Response Condition 4"><conditionvar><varequal respident="QUES_257223_1579385_LID">QUES_257223_1579385_A5225516</varequal></conditionvar><setvar action="Set">0.000000000</setvar><displayfeedback feedbacktype="Response" linkrefid="QUES_257223_1579385_IF5225516" /></respcondition></resprocessing><itemfeedback ident="QUES_257223_1579385_IF5225513"><material><mattext texttype="text/html" /></material></itemfeedback><itemfeedback ident="QUES_257223_1579385_IF5225514"><material><mattext texttype="text/html" /></material></itemfeedback><itemfeedback ident="QUES_257223_1579385_IF5225515"><material><mattext texttype="text/html" /></material></itemfeedback><itemfeedback ident="QUES_257223_1579385_IF5225516"><material><mattext texttype="text/html" /></material></itemfeedback></item><itemref linkrefid="QUES_257224_281426" d2l_2p0:page="1"><d2l_2p0:file href="quiz_d2l_246940.xml" /><d2l_2p0:points>1.000000000</d2l_2p0:points><d2l_2p0:difficulty>1</d2l_2p0:difficulty><d2l_2p0:isbonus>no</d2l_2p0:isbonus><d2l_2p0:ismandatory>no</d2l_2p0:ismandatory></itemref><itemref linkrefid="QUES_257225_281427" d2l_2p0:page="1"><d2l_2p0:file href="quiz_d2l_246940.xml" /><d2l_2p0:points>1.000000000</d2l_2p0:points><d2l_2p0:difficulty>1</d2l_2p0:difficulty><d2l_2p0:isbonus>no</d2l_2p0:isbonus><d2l_2p0:ismandatory>no</d2l_2p0:ismandatory></itemref><itemref linkrefid="QUES_257226_281428" d2l_2p0:page="1"><d2l_2p0:file href="quiz_d2l_246940.xml" /><d2l_2p0:points>1.000000000</d2l_2p0:points><d2l_2p0:difficulty>1</d2l_2p0:difficulty><d2l_2p0:isbonus>no</d2l_2p0:isbonus><d2l_2p0:ismandatory>no</d2l_2p0:ismandatory></itemref><item ident="OBJ_12337127" label="QUES_1533982_1744406" d2l_2p0:page="1"><itemmetadata><qtimetadata><qti_metadatafield><fieldlabel>qmd_computerscored</fieldlabel><fieldentry>yes</fieldentry></qti_metadatafield><qti_metadatafield><fieldlabel>qmd_questiontype</fieldlabel><fieldentry>Long Answer</fieldentry></qti_metadatafield><qti_metadatafield><fieldlabel>qmd_weighting</fieldlabel><fieldentry>1.000000000</fieldentry></qti_metadatafield><qti_metadatafield><fieldlabel>qmd_globalid</fieldlabel><fieldentry>eb2c2df2-1731-44b7-ae3f-430c673c7cf3</fieldentry></qti_metadatafield><qti_metadatafield><fieldlabel>qmd_displayid</fieldlabel><fieldentry>one11002-15</fieldentry></qti_metadatafield></qtimetadata></itemmetadata><itemproc_extension><d2l_2p0:difficulty>1</d2l_2p0:difficulty><d2l_2p0:isbonus>no</d2l_2p0:isbonus><d2l_2p0:ismandatory>no</d2l_2p0:ismandatory></itemproc_extension><presentation><flow><material><mattext texttype="text/html">&lt;p&gt;Tell me about yourself.&lt;/p&gt;</mattext></material><response_extension><d2l_2p0:has_signed_comments>no</d2l_2p0:has_signed_comments><d2l_2p0:has_htmleditor>no</d2l_2p0:has_htmleditor></response_extension><response_str ident="QUES_1533982_1744406_STR" rcardinality="Multiple"><render_fib rows="5" columns="80" prompt="Box" fibtype="String"><response_label ident="QUES_1533982_1744406_LA"><material><mattext texttype="text/plain" /></material></response_label></render_fib></response_str></flow></presentation></item></section></assessment></questestinterop>