﻿<?xml version="1.0" encoding="UTF-8"?><questestinterop xmlns:d2l_2p0="http://desire2learn.com/xsd/d2lcp_v2p0"><assessment d2l_2p0:id="112" title="Test Quiz Exam" ident="res_quiz_246949" d2l_2p0:resource_code="byui_production-1402555"><rubric><flow_mat><material><mattext d2l_2p0:isdisplayed="yes" texttype="text/html" /></material></flow_mat></rubric><assessmentcontrol hintswitch="no" solutionswitch="yes" feedbackswitch="no" /><presentation_material><flow_mat><material label="page header"><mattext d2l_2p0:isdisplayed="no" texttype="text/html" /></material><material label="page footer"><mattext d2l_2p0:isdisplayed="no" texttype="text/html" /></material></flow_mat></presentation_material><assess_procextension><d2l_2p0:intro_message d2l_2p0:isdisplayed="no" texttype="text/html" /><d2l_2p0:disable_right_click>no</d2l_2p0:disable_right_click><d2l_2p0:disable_pager_access>yes</d2l_2p0:disable_pager_access><is_active>yes</is_active><d2l_2p0:date_start /><d2l_2p0:date_end /><d2l_2p0:has_schedule_event>no</d2l_2p0:has_schedule_event><d2l_2p0:is_attempt_Rldb>no</d2l_2p0:is_attempt_Rldb><d2l_2p0:is_subview_Rldb>no</d2l_2p0:is_subview_Rldb><d2l_2p0:time_limit>120</d2l_2p0:time_limit><d2l_2p0:show_clock>yes</d2l_2p0:show_clock><d2l_2p0:enforce_time_limit>yes</d2l_2p0:enforce_time_limit><d2l_2p0:grace_period>5</d2l_2p0:grace_period><d2l_2p0:late_limit>0</d2l_2p0:late_limit><d2l_2p0:late_limit_data>1</d2l_2p0:late_limit_data><d2l_2p0:attempts_allowed>1</d2l_2p0:attempts_allowed><d2l_2p0:attempt_restrictions /><d2l_2p0:mark_calculation_type>1</d2l_2p0:mark_calculation_type><d2l_2p0:is_forward_only>no</d2l_2p0:is_forward_only></assess_procextension><assessfeedback><rubric><flow_mat><material><mattext texttype="no">Your quiz has been submitted successfully.</mattext></material></flow_mat></rubric><d2l_2p0:duration>0</d2l_2p0:duration><d2l_2p0:response_display_type_id>1</d2l_2p0:response_display_type_id><d2l_2p0:show_correct_answers>no</d2l_2p0:show_correct_answers><d2l_2p0:submission_restrictip>no</d2l_2p0:submission_restrictip><d2l_2p0:show_class_average>no</d2l_2p0:show_class_average><d2l_2p0:show_score_distribution>no</d2l_2p0:show_score_distribution></assessfeedback><section ident="CONTAINER_SECTION"><item ident="OBJ_4449367" label="QUES_801451_915834" d2l_2p0:page="1"><itemmetadata><qtimetadata><qti_metadatafield><fieldlabel>qmd_computerscored</fieldlabel><fieldentry>yes</fieldentry></qti_metadatafield><qti_metadatafield><fieldlabel>qmd_questiontype</fieldlabel><fieldentry>True/False</fieldentry></qti_metadatafield><qti_metadatafield><fieldlabel>qmd_weighting</fieldlabel><fieldentry>1.000000000</fieldentry></qti_metadatafield><qti_metadatafield><fieldlabel>qmd_globalid</fieldlabel><fieldentry>6277f9ed-1eb1-439e-8280-514df36ec818</fieldentry></qti_metadatafield><qti_metadatafield><fieldlabel>qmd_displayid</fieldlabel><fieldentry>STEDI-Environment-Master-57</fieldentry></qti_metadatafield></qtimetadata></itemmetadata><itemproc_extension><d2l_2p0:difficulty>1</d2l_2p0:difficulty><d2l_2p0:isbonus>no</d2l_2p0:isbonus><d2l_2p0:ismandatory>no</d2l_2p0:ismandatory></itemproc_extension><presentation><flow><material><mattext texttype="text/html">&lt;p&gt;This statement is false.&lt;/p&gt;</mattext></material><response_extension><d2l_2p0:display_style>2</d2l_2p0:display_style><d2l_2p0:enumeration>6</d2l_2p0:enumeration><d2l_2p0:grading_type>0</d2l_2p0:grading_type></response_extension><response_lid ident="QUES_801451_915834_LID" rcardinality="Single"><render_choice shuffle="no"><flow_label class="Block"><response_label ident="QUES_801451_915834_A2975681"><flow_mat><material><mattext texttype="text/plain">True</mattext></material></flow_mat></response_label></flow_label><flow_label class="Block"><response_label ident="QUES_801451_915834_A2975682"><flow_mat><material><mattext texttype="text/plain">False</mattext></material></flow_mat></response_label></flow_label></render_choice></response_lid></flow></presentation><resprocessing><respcondition title="Response Condition 1"><conditionvar><varequal respident="QUES_801451_915834_LID">QUES_801451_915834_A2975681</varequal></conditionvar><setvar action="Set">100.000000000</setvar><displayfeedback feedbacktype="Response" linkrefid="QUES_801451_915834_IF2975681" /></respcondition><respcondition title="Response Condition 2"><conditionvar><varequal respident="QUES_801451_915834_LID">QUES_801451_915834_A2975682</varequal></conditionvar><setvar action="Set">100.000000000</setvar><displayfeedback feedbacktype="Response" linkrefid="QUES_801451_915834_IF2975682" /></respcondition></resprocessing><itemfeedback ident="QUES_801451_915834_IF2975681"><material><mattext texttype="text/html">&lt;p&gt;This is a logical paradox. You get points for trying.&lt;/p&gt;</mattext></material></itemfeedback><itemfeedback ident="QUES_801451_915834_IF2975682"><material><mattext texttype="text/html">&lt;p&gt;This is a logical paradox. You get points for trying.&lt;/p&gt;</mattext></material></itemfeedback></item><item ident="OBJ_4449368" label="QUES_801452_874856" d2l_2p0:page="1"><itemmetadata><qtimetadata><qti_metadatafield><fieldlabel>qmd_computerscored</fieldlabel><fieldentry>yes</fieldentry></qti_metadatafield><qti_metadatafield><fieldlabel>qmd_questiontype</fieldlabel><fieldentry>Multiple Choice</fieldentry></qti_metadatafield><qti_metadatafield><fieldlabel>qmd_weighting</fieldlabel><fieldentry>1.000000000</fieldentry></qti_metadatafield><qti_metadatafield><fieldlabel>qmd_globalid</fieldlabel><fieldentry>62e9d319-48dc-4e42-a700-6317fff68a9e</fieldentry></qti_metadatafield><qti_metadatafield><fieldlabel>qmd_displayid</fieldlabel><fieldentry>STEDI-Environment-Master-58</fieldentry></qti_metadatafield></qtimetadata></itemmetadata><itemproc_extension><d2l_2p0:difficulty>1</d2l_2p0:difficulty><d2l_2p0:isbonus>no</d2l_2p0:isbonus><d2l_2p0:ismandatory>no</d2l_2p0:ismandatory></itemproc_extension><presentation><flow><material><mattext texttype="text/html">&lt;p&gt;Who shot first?&lt;/p&gt;</mattext></material><response_extension><d2l_2p0:display_style>2</d2l_2p0:display_style><d2l_2p0:enumeration>6</d2l_2p0:enumeration><d2l_2p0:grading_type>0</d2l_2p0:grading_type></response_extension><response_lid ident="QUES_801452_874856_LID" rcardinality="Single"><render_choice shuffle="no"><flow_label class="Block"><response_label ident="QUES_801452_874856_A2810738"><flow_mat><material><mattext texttype="text/html">&lt;p&gt;Han&lt;/p&gt;</mattext></material></flow_mat></response_label></flow_label><flow_label class="Block"><response_label ident="QUES_801452_874856_A2810739"><flow_mat><material><mattext texttype="text/html">&lt;p&gt;Greedo&lt;/p&gt;</mattext></material></flow_mat></response_label></flow_label><flow_label class="Block"><response_label ident="QUES_801452_874856_A2810740"><flow_mat><material><mattext texttype="text/html">&lt;p&gt;Leia&lt;/p&gt;</mattext></material></flow_mat></response_label></flow_label><flow_label class="Block"><response_label ident="QUES_801452_874856_A2810741"><flow_mat><material><mattext texttype="text/html">&lt;p&gt;Luke&lt;/p&gt;</mattext></material></flow_mat></response_label></flow_label></render_choice></response_lid></flow></presentation><resprocessing><respcondition title="Response Condition 1"><conditionvar><varequal respident="QUES_801452_874856_LID">QUES_801452_874856_A2810738</varequal></conditionvar><setvar action="Set">100.000000000</setvar><displayfeedback feedbacktype="Response" linkrefid="QUES_801452_874856_IF2810738" /></respcondition><respcondition title="Response Condition 2"><conditionvar><varequal respident="QUES_801452_874856_LID">QUES_801452_874856_A2810739</varequal></conditionvar><setvar action="Set">0.000000000</setvar><displayfeedback feedbacktype="Response" linkrefid="QUES_801452_874856_IF2810739" /></respcondition><respcondition title="Response Condition 3"><conditionvar><varequal respident="QUES_801452_874856_LID">QUES_801452_874856_A2810740</varequal></conditionvar><setvar action="Set">0.000000000</setvar><displayfeedback feedbacktype="Response" linkrefid="QUES_801452_874856_IF2810740" /></respcondition><respcondition title="Response Condition 4"><conditionvar><varequal respident="QUES_801452_874856_LID">QUES_801452_874856_A2810741</varequal></conditionvar><setvar action="Set">0.000000000</setvar><displayfeedback feedbacktype="Response" linkrefid="QUES_801452_874856_IF2810741" /></respcondition></resprocessing><itemfeedback ident="QUES_801452_874856_IF2810738"><material><mattext texttype="text/html" /></material></itemfeedback><itemfeedback ident="QUES_801452_874856_IF2810739"><material><mattext texttype="text/html" /></material></itemfeedback><itemfeedback ident="QUES_801452_874856_IF2810740"><material><mattext texttype="text/html" /></material></itemfeedback><itemfeedback ident="QUES_801452_874856_IF2810741"><material><mattext texttype="text/html" /></material></itemfeedback></item><item ident="OBJ_4449369" label="QUES_801454_874860" d2l_2p0:page="1"><itemmetadata><qtimetadata><qti_metadatafield><fieldlabel>qmd_computerscored</fieldlabel><fieldentry>yes</fieldentry></qti_metadatafield><qti_metadatafield><fieldlabel>qmd_questiontype</fieldlabel><fieldentry>Multi-Select</fieldentry></qti_metadatafield><qti_metadatafield><fieldlabel>qmd_weighting</fieldlabel><fieldentry>1.000000000</fieldentry></qti_metadatafield><qti_metadatafield><fieldlabel>qmd_globalid</fieldlabel><fieldentry>1a1eed5f-95f0-4059-a0f1-133f40503664</fieldentry></qti_metadatafield><qti_metadatafield><fieldlabel>qmd_displayid</fieldlabel><fieldentry>STEDI-Environment-Master-59</fieldentry></qti_metadatafield></qtimetadata></itemmetadata><itemproc_extension><d2l_2p0:difficulty>1</d2l_2p0:difficulty><d2l_2p0:isbonus>no</d2l_2p0:isbonus><d2l_2p0:ismandatory>no</d2l_2p0:ismandatory></itemproc_extension><presentation><flow><material><mattext texttype="text/html">&lt;p&gt;Who is awesome?&lt;/p&gt;</mattext></material><response_extension><d2l_2p0:display_style>2</d2l_2p0:display_style><d2l_2p0:enumeration>6</d2l_2p0:enumeration><d2l_2p0:grading_type>0</d2l_2p0:grading_type></response_extension><response_lid ident="QUES_801454_874860_LID" rcardinality="Multiple"><render_choice shuffle="no"><flow_label class="Block"><response_label ident="QUES_801454_874860_A2810750"><flow_mat><material><mattext texttype="text/html">&lt;p&gt;Didymus&lt;/p&gt;</mattext></material></flow_mat></response_label></flow_label><flow_label class="Block"><response_label ident="QUES_801454_874860_A2810751"><flow_mat><material><mattext texttype="text/html">&lt;p&gt;Emily&lt;/p&gt;</mattext></material></flow_mat></response_label></flow_label><flow_label class="Block"><response_label ident="QUES_801454_874860_A2810752"><flow_mat><material><mattext texttype="text/html">&lt;p&gt;Matt&lt;/p&gt;</mattext></material></flow_mat></response_label></flow_label><flow_label class="Block"><response_label ident="QUES_801454_874860_A2810753"><flow_mat><material><mattext texttype="text/html">&lt;p&gt;Voldemort&lt;/p&gt;</mattext></material></flow_mat></response_label></flow_label></render_choice></response_lid></flow></presentation><resprocessing><outcomes><decvar vartype="Integer" defaultval="0" /></outcomes><respcondition title="Scoring for the correct answers" continue="yes"><conditionvar><varequal respident="QUES_801454_874860_LID">QUES_801454_874860_A2810750</varequal><varequal respident="QUES_801454_874860_LID">QUES_801454_874860_A2810751</varequal><varequal respident="QUES_801454_874860_LID">QUES_801454_874860_A2810752</varequal><not><varequal respident="QUES_801454_874860_LID">QUES_801454_874860_A2810753</varequal></not></conditionvar><setvar action="Add">1</setvar></respcondition><respcondition title="Scoring for the incorrect answers" continue="no"><conditionvar><and><not><varequal respident="QUES_801454_874860_LID">QUES_801454_874860_A2810750</varequal><varequal respident="QUES_801454_874860_LID">QUES_801454_874860_A2810751</varequal><varequal respident="QUES_801454_874860_LID">QUES_801454_874860_A2810752</varequal><not><varequal respident="QUES_801454_874860_LID">QUES_801454_874860_A2810753</varequal></not></not></and></conditionvar><setvar action="Add">0</setvar></respcondition></resprocessing><itemfeedback ident="QUES_801454_874860_IF2810750"><material><mattext texttype="text/html" /></material></itemfeedback><itemfeedback ident="QUES_801454_874860_IF2810751"><material><mattext texttype="text/html" /></material></itemfeedback><itemfeedback ident="QUES_801454_874860_IF2810752"><material><mattext texttype="text/html" /></material></itemfeedback><itemfeedback ident="QUES_801454_874860_IF2810753"><material><mattext texttype="text/html" /></material></itemfeedback></item><item ident="OBJ_4449370" label="QUES_801455_874864" d2l_2p0:page="1"><itemmetadata><qtimetadata><qti_metadatafield><fieldlabel>qmd_computerscored</fieldlabel><fieldentry>yes</fieldentry></qti_metadatafield><qti_metadatafield><fieldlabel>qmd_questiontype</fieldlabel><fieldentry>Long Answer</fieldentry></qti_metadatafield><qti_metadatafield><fieldlabel>qmd_weighting</fieldlabel><fieldentry>1.000000000</fieldentry></qti_metadatafield><qti_metadatafield><fieldlabel>qmd_globalid</fieldlabel><fieldentry>e8d403cd-5042-466c-9149-b6ffb3232a0e</fieldentry></qti_metadatafield><qti_metadatafield><fieldlabel>qmd_displayid</fieldlabel><fieldentry>STEDI-Environment-Master-60</fieldentry></qti_metadatafield></qtimetadata></itemmetadata><itemproc_extension><d2l_2p0:difficulty>1</d2l_2p0:difficulty><d2l_2p0:isbonus>no</d2l_2p0:isbonus><d2l_2p0:ismandatory>no</d2l_2p0:ismandatory></itemproc_extension><presentation><flow><material><mattext texttype="text/html">&lt;p&gt;Write a 500 word essay about what you did last summer.&lt;/p&gt;</mattext></material><response_extension><d2l_2p0:has_signed_comments>no</d2l_2p0:has_signed_comments><d2l_2p0:has_htmleditor>no</d2l_2p0:has_htmleditor></response_extension><response_str ident="QUES_801455_874864_STR" rcardinality="Multiple"><render_fib rows="5" columns="80" prompt="Box" fibtype="String"><response_label ident="QUES_801455_874864_LA"><material><mattext texttype="text/plain" /></material></response_label></render_fib></response_str></flow></presentation><answer_key><answer_key_material><flow_mat><material><mattext texttype="text/html">&lt;p&gt;Now I know what you did last summer.&lt;/p&gt;</mattext></material></flow_mat></answer_key_material></answer_key></item><item ident="OBJ_4449371" label="QUES_801456_874866" d2l_2p0:page="1"><itemmetadata><qtimetadata><qti_metadatafield><fieldlabel>qmd_computerscored</fieldlabel><fieldentry>yes</fieldentry></qti_metadatafield><qti_metadatafield><fieldlabel>qmd_questiontype</fieldlabel><fieldentry>Short Answer</fieldentry></qti_metadatafield><qti_metadatafield><fieldlabel>qmd_weighting</fieldlabel><fieldentry>1.000000000</fieldentry></qti_metadatafield><qti_metadatafield><fieldlabel>qmd_globalid</fieldlabel><fieldentry>79eab2c5-2d89-4b24-ac89-9d040749af47</fieldentry></qti_metadatafield><qti_metadatafield><fieldlabel>qmd_displayid</fieldlabel><fieldentry>STEDI-Environment-Master-61</fieldentry></qti_metadatafield></qtimetadata></itemmetadata><itemproc_extension><d2l_2p0:difficulty>1</d2l_2p0:difficulty><d2l_2p0:isbonus>no</d2l_2p0:isbonus><d2l_2p0:ismandatory>no</d2l_2p0:ismandatory></itemproc_extension><presentation><flow><material><mattext texttype="text/html">&lt;p&gt;Who is&amp;nbsp;&lt;em&gt;&lt;/em&gt;the "Bomb-Diggity"?&lt;/p&gt;</mattext></material><response_extension><d2l_2p0:grading_type>0</d2l_2p0:grading_type></response_extension><response_str ident="QUES_801456_874866_A2810766_STR" rcardinality="Single"><render_fib rows="3" columns="60" prompt="Box" fibtype="String"><response_label ident="QUES_801456_874866_A2810766_ANS" /></render_fib></response_str></flow></presentation><resprocessing><outcomes><decvar vartype="Integer" minvalue="0" maxvalue="100" varname="Blank_1" /></outcomes><respcondition><conditionvar><varequal respident="QUES_801456_874866_A2810766_ANS" case="no">Didymus</varequal></conditionvar><setvar action="Set">0.000000000</setvar></respcondition><respcondition><conditionvar><other /></conditionvar><setvar varname="que_score" action="Set">D2L_Correct</setvar></respcondition></resprocessing></item><item ident="OBJ_4449372" label="QUES_801458_874869" d2l_2p0:page="1"><itemmetadata><qtimetadata><qti_metadatafield><fieldlabel>qmd_computerscored</fieldlabel><fieldentry>yes</fieldentry></qti_metadatafield><qti_metadatafield><fieldlabel>qmd_questiontype</fieldlabel><fieldentry>Multi-Short Answer</fieldentry></qti_metadatafield><qti_metadatafield><fieldlabel>qmd_weighting</fieldlabel><fieldentry>1.000000000</fieldentry></qti_metadatafield><qti_metadatafield><fieldlabel>qmd_globalid</fieldlabel><fieldentry>9b7312cb-7980-4c39-a0ec-a300818c6608</fieldentry></qti_metadatafield><qti_metadatafield><fieldlabel>qmd_displayid</fieldlabel><fieldentry>STEDI-Environment-Master-62</fieldentry></qti_metadatafield></qtimetadata></itemmetadata><itemproc_extension><d2l_2p0:difficulty>1</d2l_2p0:difficulty><d2l_2p0:isbonus>no</d2l_2p0:isbonus><d2l_2p0:ismandatory>no</d2l_2p0:ismandatory></itemproc_extension><presentation><flow><material><mattext texttype="text/html">&lt;p&gt;Name the three parts of the water cycle.&lt;/p&gt;</mattext></material><response_str ident="QUES_801458_874869_A2810776_STR" rcardinality="Single"><render_fib d2l_2p0:input_boxes="3" rows="1" columns="40" prompt="Box" fibtype="String"><response_label ident="QUES_801458_874869_A2810776_ANS" /></render_fib></response_str></flow></presentation><resprocessing><respcondition><conditionvar><varequal respident="QUES_801458_874869_A2810776_ANS" case="no">evaporation</varequal></conditionvar><setvar action="Set">33.330000000</setvar></respcondition><respcondition><conditionvar><varequal respident="QUES_801458_874869_A2810776_ANS" case="no">condensation</varequal></conditionvar><setvar action="Set">33.330000000</setvar></respcondition><respcondition><conditionvar><varequal respident="QUES_801458_874869_A2810776_ANS" case="no">precipitation</varequal></conditionvar><setvar action="Set">33.330000000</setvar></respcondition></resprocessing></item><item ident="OBJ_4449373" label="QUES_801459_874875" d2l_2p0:page="1"><itemmetadata><qtimetadata><qti_metadatafield><fieldlabel>qmd_computerscored</fieldlabel><fieldentry>yes</fieldentry></qti_metadatafield><qti_metadatafield><fieldlabel>qmd_questiontype</fieldlabel><fieldentry>Fill in the Blanks</fieldentry></qti_metadatafield><qti_metadatafield><fieldlabel>qmd_weighting</fieldlabel><fieldentry>1.000000000</fieldentry></qti_metadatafield><qti_metadatafield><fieldlabel>qmd_globalid</fieldlabel><fieldentry>9837fdee-7d77-48f1-80cb-897aaf4f81aa</fieldentry></qti_metadatafield><qti_metadatafield><fieldlabel>qmd_displayid</fieldlabel><fieldentry>STEDI-Environment-Master-63</fieldentry></qti_metadatafield></qtimetadata></itemmetadata><itemproc_extension><d2l_2p0:difficulty>1</d2l_2p0:difficulty><d2l_2p0:isbonus>no</d2l_2p0:isbonus><d2l_2p0:ismandatory>no</d2l_2p0:ismandatory></itemproc_extension><presentation><flow><material><mattext texttype="text/html">Finish the lyric: Do you ever feel like a plastic bag?&amp;nbsp;</mattext></material><response_str ident="QUES_801459_874875_A2810804_STR" rcardinality="Single"><render_fib rows="1" columns="30" prompt="Box" fibtype="String"><response_label ident="QUES_801459_874875_A2810804_ANS" /></render_fib></response_str><material><mattext texttype="text/html">through the wind, wanting to start again?</mattext></material></flow></presentation><resprocessing><outcomes><decvar vartype="Integer" minvalue="0" maxvalue="100" varname="Blank_1" /></outcomes><respcondition><conditionvar><varequal respident="QUES_801459_874875_A2810804_ANS" case="no">drifting</varequal></conditionvar><setvar action="Set">100.000000000</setvar></respcondition></resprocessing></item><item ident="OBJ_4449374" label="QUES_801463_874883" d2l_2p0:page="1"><itemmetadata><qtimetadata><qti_metadatafield><fieldlabel>qmd_computerscored</fieldlabel><fieldentry>yes</fieldentry></qti_metadatafield><qti_metadatafield><fieldlabel>qmd_questiontype</fieldlabel><fieldentry>Matching</fieldentry></qti_metadatafield><qti_metadatafield><fieldlabel>qmd_weighting</fieldlabel><fieldentry>1.000000000</fieldentry></qti_metadatafield><qti_metadatafield><fieldlabel>qmd_globalid</fieldlabel><fieldentry>41274f95-ac12-418c-b5ce-a42d53e58202</fieldentry></qti_metadatafield><qti_metadatafield><fieldlabel>qmd_displayid</fieldlabel><fieldentry>STEDI-Environment-Master-65</fieldentry></qti_metadatafield></qtimetadata></itemmetadata><itemproc_extension><d2l_2p0:difficulty>1</d2l_2p0:difficulty><d2l_2p0:isbonus>no</d2l_2p0:isbonus><d2l_2p0:ismandatory>no</d2l_2p0:ismandatory></itemproc_extension><presentation><flow><material><mattext texttype="text/html">&lt;p&gt;Match the color with its associated object.&lt;/p&gt;</mattext></material><response_extension><d2l_2p0:grading_type>1</d2l_2p0:grading_type></response_extension><response_grp respident="QUES_801463_874883_C2810845" rcardinality="Single"><material><mattext texttype="text/html">&lt;p&gt;Pink&lt;/p&gt;</mattext></material><render_choice shuffle="yes"><flow_label class="Block"><response_label ident="QUES_801463_874883_M2810840"><flow_mat><material><mattext texttype="text/html">&lt;p&gt;Eraser&lt;/p&gt;</mattext></material></flow_mat></response_label><response_label ident="QUES_801463_874883_M2810841"><flow_mat><material><mattext texttype="text/html">&lt;p&gt;Stop sign&lt;/p&gt;</mattext></material></flow_mat></response_label><response_label ident="QUES_801463_874883_M2810842"><flow_mat><material><mattext texttype="text/html">&lt;p&gt;The best version of pokemon.&lt;/p&gt;</mattext></material></flow_mat></response_label><response_label ident="QUES_801463_874883_M2810843"><flow_mat><material><mattext texttype="text/html">&lt;p&gt;The version of pokemon that only came out in Japan at first.&lt;/p&gt;</mattext></material></flow_mat></response_label><response_label ident="QUES_801463_874883_M2810844"><flow_mat><material><mattext texttype="text/html">&lt;p&gt;The color of the food you eat to avoid scurvy.&lt;/p&gt;</mattext></material></flow_mat></response_label></flow_label></render_choice></response_grp><response_grp respident="QUES_801463_874883_C2810846" rcardinality="Single"><material><mattext texttype="text/html">&lt;p&gt;Red&lt;/p&gt;</mattext></material><render_choice shuffle="yes"><flow_label class="Block"><response_label ident="QUES_801463_874883_M2810840"><flow_mat><material><mattext texttype="text/html">&lt;p&gt;Eraser&lt;/p&gt;</mattext></material></flow_mat></response_label><response_label ident="QUES_801463_874883_M2810841"><flow_mat><material><mattext texttype="text/html">&lt;p&gt;Stop sign&lt;/p&gt;</mattext></material></flow_mat></response_label><response_label ident="QUES_801463_874883_M2810842"><flow_mat><material><mattext texttype="text/html">&lt;p&gt;The best version of pokemon.&lt;/p&gt;</mattext></material></flow_mat></response_label><response_label ident="QUES_801463_874883_M2810843"><flow_mat><material><mattext texttype="text/html">&lt;p&gt;The version of pokemon that only came out in Japan at first.&lt;/p&gt;</mattext></material></flow_mat></response_label><response_label ident="QUES_801463_874883_M2810844"><flow_mat><material><mattext texttype="text/html">&lt;p&gt;The color of the food you eat to avoid scurvy.&lt;/p&gt;</mattext></material></flow_mat></response_label></flow_label></render_choice></response_grp><response_grp respident="QUES_801463_874883_C2810847" rcardinality="Single"><material><mattext texttype="text/html">&lt;p&gt;Blue&lt;/p&gt;</mattext></material><render_choice shuffle="yes"><flow_label class="Block"><response_label ident="QUES_801463_874883_M2810840"><flow_mat><material><mattext texttype="text/html">&lt;p&gt;Eraser&lt;/p&gt;</mattext></material></flow_mat></response_label><response_label ident="QUES_801463_874883_M2810841"><flow_mat><material><mattext texttype="text/html">&lt;p&gt;Stop sign&lt;/p&gt;</mattext></material></flow_mat></response_label><response_label ident="QUES_801463_874883_M2810842"><flow_mat><material><mattext texttype="text/html">&lt;p&gt;The best version of pokemon.&lt;/p&gt;</mattext></material></flow_mat></response_label><response_label ident="QUES_801463_874883_M2810843"><flow_mat><material><mattext texttype="text/html">&lt;p&gt;The version of pokemon that only came out in Japan at first.&lt;/p&gt;</mattext></material></flow_mat></response_label><response_label ident="QUES_801463_874883_M2810844"><flow_mat><material><mattext texttype="text/html">&lt;p&gt;The color of the food you eat to avoid scurvy.&lt;/p&gt;</mattext></material></flow_mat></response_label></flow_label></render_choice></response_grp><response_grp respident="QUES_801463_874883_C2810848" rcardinality="Single"><material><mattext texttype="text/html">&lt;p&gt;Green&lt;/p&gt;</mattext></material><render_choice shuffle="yes"><flow_label class="Block"><response_label ident="QUES_801463_874883_M2810840"><flow_mat><material><mattext texttype="text/html">&lt;p&gt;Eraser&lt;/p&gt;</mattext></material></flow_mat></response_label><response_label ident="QUES_801463_874883_M2810841"><flow_mat><material><mattext texttype="text/html">&lt;p&gt;Stop sign&lt;/p&gt;</mattext></material></flow_mat></response_label><response_label ident="QUES_801463_874883_M2810842"><flow_mat><material><mattext texttype="text/html">&lt;p&gt;The best version of pokemon.&lt;/p&gt;</mattext></material></flow_mat></response_label><response_label ident="QUES_801463_874883_M2810843"><flow_mat><material><mattext texttype="text/html">&lt;p&gt;The version of pokemon that only came out in Japan at first.&lt;/p&gt;</mattext></material></flow_mat></response_label><response_label ident="QUES_801463_874883_M2810844"><flow_mat><material><mattext texttype="text/html">&lt;p&gt;The color of the food you eat to avoid scurvy.&lt;/p&gt;</mattext></material></flow_mat></response_label></flow_label></render_choice></response_grp><response_grp respident="QUES_801463_874883_C2810849" rcardinality="Single"><material><mattext texttype="text/html">&lt;p&gt;Orange&lt;/p&gt;</mattext></material><render_choice shuffle="yes"><flow_label class="Block"><response_label ident="QUES_801463_874883_M2810840"><flow_mat><material><mattext texttype="text/html">&lt;p&gt;Eraser&lt;/p&gt;</mattext></material></flow_mat></response_label><response_label ident="QUES_801463_874883_M2810841"><flow_mat><material><mattext texttype="text/html">&lt;p&gt;Stop sign&lt;/p&gt;</mattext></material></flow_mat></response_label><response_label ident="QUES_801463_874883_M2810842"><flow_mat><material><mattext texttype="text/html">&lt;p&gt;The best version of pokemon.&lt;/p&gt;</mattext></material></flow_mat></response_label><response_label ident="QUES_801463_874883_M2810843"><flow_mat><material><mattext texttype="text/html">&lt;p&gt;The version of pokemon that only came out in Japan at first.&lt;/p&gt;</mattext></material></flow_mat></response_label><response_label ident="QUES_801463_874883_M2810844"><flow_mat><material><mattext texttype="text/html">&lt;p&gt;The color of the food you eat to avoid scurvy.&lt;/p&gt;</mattext></material></flow_mat></response_label></flow_label></render_choice></response_grp></flow></presentation><resprocessing><outcomes><decvar vartype="Integer" defaultval="0" varname="D2L_Correct" minvalue="0" maxvalue="100" /><decvar vartype="Integer" defaultval="0" varname="D2L_Incorrect" minvalue="0" maxvalue="100" /><decvar vartype="Decimal" defaultval="0" varname="que_score" minvalue="0" maxvalue="100" /></outcomes><respcondition><conditionvar><varequal respident="QUES_801463_874883_C2810845">QUES_801463_874883_M2810840</varequal></conditionvar><setvar varname="D2L_Correct" action="Add">1</setvar></respcondition><respcondition><conditionvar><varequal respident="QUES_801463_874883_C2810845">QUES_801463_874883_M2810841</varequal></conditionvar><setvar varname="D2L_Incorrect" action="Add">1</setvar></respcondition><respcondition><conditionvar><varequal respident="QUES_801463_874883_C2810845">QUES_801463_874883_M2810842</varequal></conditionvar><setvar varname="D2L_Incorrect" action="Add">1</setvar></respcondition><respcondition><conditionvar><varequal respident="QUES_801463_874883_C2810845">QUES_801463_874883_M2810843</varequal></conditionvar><setvar varname="D2L_Incorrect" action="Add">1</setvar></respcondition><respcondition><conditionvar><varequal respident="QUES_801463_874883_C2810845">QUES_801463_874883_M2810844</varequal></conditionvar><setvar varname="D2L_Incorrect" action="Add">1</setvar></respcondition><respcondition><conditionvar><varequal respident="QUES_801463_874883_C2810846">QUES_801463_874883_M2810840</varequal></conditionvar><setvar varname="D2L_Incorrect" action="Add">1</setvar></respcondition><respcondition><conditionvar><varequal respident="QUES_801463_874883_C2810846">QUES_801463_874883_M2810841</varequal></conditionvar><setvar varname="D2L_Correct" action="Add">1</setvar></respcondition><respcondition><conditionvar><varequal respident="QUES_801463_874883_C2810846">QUES_801463_874883_M2810842</varequal></conditionvar><setvar varname="D2L_Incorrect" action="Add">1</setvar></respcondition><respcondition><conditionvar><varequal respident="QUES_801463_874883_C2810846">QUES_801463_874883_M2810843</varequal></conditionvar><setvar varname="D2L_Incorrect" action="Add">1</setvar></respcondition><respcondition><conditionvar><varequal respident="QUES_801463_874883_C2810846">QUES_801463_874883_M2810844</varequal></conditionvar><setvar varname="D2L_Incorrect" action="Add">1</setvar></respcondition><respcondition><conditionvar><varequal respident="QUES_801463_874883_C2810847">QUES_801463_874883_M2810840</varequal></conditionvar><setvar varname="D2L_Incorrect" action="Add">1</setvar></respcondition><respcondition><conditionvar><varequal respident="QUES_801463_874883_C2810847">QUES_801463_874883_M2810841</varequal></conditionvar><setvar varname="D2L_Incorrect" action="Add">1</setvar></respcondition><respcondition><conditionvar><varequal respident="QUES_801463_874883_C2810847">QUES_801463_874883_M2810842</varequal></conditionvar><setvar varname="D2L_Correct" action="Add">1</setvar></respcondition><respcondition><conditionvar><varequal respident="QUES_801463_874883_C2810847">QUES_801463_874883_M2810843</varequal></conditionvar><setvar varname="D2L_Incorrect" action="Add">1</setvar></respcondition><respcondition><conditionvar><varequal respident="QUES_801463_874883_C2810847">QUES_801463_874883_M2810844</varequal></conditionvar><setvar varname="D2L_Incorrect" action="Add">1</setvar></respcondition><respcondition><conditionvar><varequal respident="QUES_801463_874883_C2810848">QUES_801463_874883_M2810840</varequal></conditionvar><setvar varname="D2L_Incorrect" action="Add">1</setvar></respcondition><respcondition><conditionvar><varequal respident="QUES_801463_874883_C2810848">QUES_801463_874883_M2810841</varequal></conditionvar><setvar varname="D2L_Incorrect" action="Add">1</setvar></respcondition><respcondition><conditionvar><varequal respident="QUES_801463_874883_C2810848">QUES_801463_874883_M2810842</varequal></conditionvar><setvar varname="D2L_Incorrect" action="Add">1</setvar></respcondition><respcondition><conditionvar><varequal respident="QUES_801463_874883_C2810848">QUES_801463_874883_M2810843</varequal></conditionvar><setvar varname="D2L_Correct" action="Add">1</setvar></respcondition><respcondition><conditionvar><varequal respident="QUES_801463_874883_C2810848">QUES_801463_874883_M2810844</varequal></conditionvar><setvar varname="D2L_Incorrect" action="Add">1</setvar></respcondition><respcondition><conditionvar><varequal respident="QUES_801463_874883_C2810849">QUES_801463_874883_M2810840</varequal></conditionvar><setvar varname="D2L_Incorrect" action="Add">1</setvar></respcondition><respcondition><conditionvar><varequal respident="QUES_801463_874883_C2810849">QUES_801463_874883_M2810841</varequal></conditionvar><setvar varname="D2L_Incorrect" action="Add">1</setvar></respcondition><respcondition><conditionvar><varequal respident="QUES_801463_874883_C2810849">QUES_801463_874883_M2810842</varequal></conditionvar><setvar varname="D2L_Incorrect" action="Add">1</setvar></respcondition><respcondition><conditionvar><varequal respident="QUES_801463_874883_C2810849">QUES_801463_874883_M2810843</varequal></conditionvar><setvar varname="D2L_Incorrect" action="Add">1</setvar></respcondition><respcondition><conditionvar><varequal respident="QUES_801463_874883_C2810849">QUES_801463_874883_M2810844</varequal></conditionvar><setvar varname="D2L_Correct" action="Add">1</setvar></respcondition><respcondition><conditionvar><vargte respident="D2L_Incorrect">0</vargte></conditionvar><setvar varname="que_score" action="Set">0</setvar></respcondition><respcondition><conditionvar><varequal respident="D2L_Incorrect">0</varequal></conditionvar><setvar varname="que_score" action="Set">1</setvar></respcondition></resprocessing></item></section></assessment></questestinterop>