﻿<?xml version="1.0" encoding="UTF-8"?><questestinterop xmlns:d2l_2p0="http://desire2learn.com/xsd/d2lcp_v2p0"><assessment d2l_2p0:id="107" title="Week 03 Reading and Participation Quiz" ident="res_quiz_246944"><rubric><flow_mat><material><mattext d2l_2p0:isdisplayed="yes" texttype="text/html" /></material></flow_mat></rubric><assessmentcontrol hintswitch="no" solutionswitch="no" feedbackswitch="no" /><presentation_material><flow_mat><material label="page header"><mattext d2l_2p0:isdisplayed="no" texttype="text/html" /></material><material label="page footer"><mattext d2l_2p0:isdisplayed="no" texttype="text/html" /></material></flow_mat></presentation_material><assess_procextension><d2l_2p0:intro_message d2l_2p0:isdisplayed="no" texttype="text/html">&lt;p&gt;&lt;span style="font-size: 10pt;"&gt;Please be sure you've reviewed the &lt;a href="/d2l/common/dialogs/quickLink/quickLink.d2l?ou={orgUnitId}&amp;amp;type=content&amp;amp;rcode=byui_produ-348413" target="_self"&gt;Week 03 readings assignments&lt;/a&gt; before taking this quiz.&lt;/span&gt;&lt;/p&gt;</d2l_2p0:intro_message><d2l_2p0:disable_right_click>no</d2l_2p0:disable_right_click><d2l_2p0:disable_pager_access>yes</d2l_2p0:disable_pager_access><is_active>no</is_active><d2l_2p0:date_start><d2l_2p0:timestamp><d2l_2p0:month>1</d2l_2p0:month><d2l_2p0:day>10</d2l_2p0:day><d2l_2p0:year>2032</d2l_2p0:year><d2l_2p0:hour>0</d2l_2p0:hour><d2l_2p0:minutes>0</d2l_2p0:minutes><d2l_2p0:seconds>0</d2l_2p0:seconds></d2l_2p0:timestamp></d2l_2p0:date_start><d2l_2p0:date_end><d2l_2p0:timestamp><d2l_2p0:month>1</d2l_2p0:month><d2l_2p0:day>26</d2l_2p0:day><d2l_2p0:year>2032</d2l_2p0:year><d2l_2p0:hour>8</d2l_2p0:hour><d2l_2p0:minutes>0</d2l_2p0:minutes><d2l_2p0:seconds>0</d2l_2p0:seconds></d2l_2p0:timestamp></d2l_2p0:date_end><d2l_2p0:has_schedule_event>yes</d2l_2p0:has_schedule_event><d2l_2p0:is_attempt_Rldb>no</d2l_2p0:is_attempt_Rldb><d2l_2p0:is_subview_Rldb>no</d2l_2p0:is_subview_Rldb><d2l_2p0:time_limit>120</d2l_2p0:time_limit><d2l_2p0:show_clock>no</d2l_2p0:show_clock><d2l_2p0:enforce_time_limit>no</d2l_2p0:enforce_time_limit><d2l_2p0:grace_period>5</d2l_2p0:grace_period><d2l_2p0:late_limit>0</d2l_2p0:late_limit><d2l_2p0:attempts_allowed>1</d2l_2p0:attempts_allowed><d2l_2p0:attempt_restrictions /><d2l_2p0:mark_calculation_type>1</d2l_2p0:mark_calculation_type><d2l_2p0:is_forward_only>no</d2l_2p0:is_forward_only></assess_procextension><assessfeedback><rubric><flow_mat><material><mattext texttype="no">Your quiz has been submitted successfully.</mattext></material></flow_mat></rubric><d2l_2p0:duration>0</d2l_2p0:duration><d2l_2p0:response_display_type_id>1</d2l_2p0:response_display_type_id><d2l_2p0:show_correct_answers>no</d2l_2p0:show_correct_answers><d2l_2p0:submission_restrictip>no</d2l_2p0:submission_restrictip><d2l_2p0:show_class_average>no</d2l_2p0:show_class_average><d2l_2p0:show_score_distribution>no</d2l_2p0:show_score_distribution></assessfeedback><section ident="CONTAINER_SECTION"><item ident="OBJ_4449350" label="QUES_783023_851285" d2l_2p0:page="1"><itemmetadata><qtimetadata><qti_metadatafield><fieldlabel>qmd_computerscored</fieldlabel><fieldentry>yes</fieldentry></qti_metadatafield><qti_metadatafield><fieldlabel>qmd_questiontype</fieldlabel><fieldentry>Multiple Choice</fieldentry></qti_metadatafield><qti_metadatafield><fieldlabel>qmd_weighting</fieldlabel><fieldentry>1.000000000</fieldentry></qti_metadatafield><qti_metadatafield><fieldlabel>qmd_globalid</fieldlabel><fieldentry>e0433278-ecbc-4812-b273-277950cc8cb2</fieldentry></qti_metadatafield><qti_metadatafield><fieldlabel>qmd_displayid</fieldlabel><fieldentry>STEDI-Environment-Master-43</fieldentry></qti_metadatafield></qtimetadata></itemmetadata><itemproc_extension><d2l_2p0:difficulty>1</d2l_2p0:difficulty><d2l_2p0:isbonus>no</d2l_2p0:isbonus><d2l_2p0:ismandatory>no</d2l_2p0:ismandatory></itemproc_extension><presentation><flow><material><mattext texttype="text/html">&lt;p&gt;Who did Qui-Gon Jinn want to leave behind when he went to Theed?&lt;/p&gt;</mattext></material><response_extension><d2l_2p0:display_style>2</d2l_2p0:display_style><d2l_2p0:enumeration>6</d2l_2p0:enumeration><d2l_2p0:grading_type>0</d2l_2p0:grading_type></response_extension><response_lid ident="QUES_783023_851285_LID" rcardinality="Single"><render_choice shuffle="no"><flow_label class="Block"><response_label ident="QUES_783023_851285_A2724095"><flow_mat><material><mattext texttype="text/html">&lt;p&gt;Anakin Skywalker&lt;/p&gt;</mattext></material></flow_mat></response_label></flow_label><flow_label class="Block"><response_label ident="QUES_783023_851285_A2724096"><flow_mat><material><mattext texttype="text/html">&lt;p&gt;Mace Windu&lt;/p&gt;</mattext></material></flow_mat></response_label></flow_label><flow_label class="Block"><response_label ident="QUES_783023_851285_A2724097"><flow_mat><material><mattext texttype="text/html">&lt;p&gt;Jar Jar Binks&lt;/p&gt;</mattext></material></flow_mat></response_label></flow_label><flow_label class="Block"><response_label ident="QUES_783023_851285_A2724098"><flow_mat><material><mattext texttype="text/html">&lt;p&gt;Taneetch Soonota&lt;/p&gt;</mattext></material></flow_mat></response_label></flow_label></render_choice></response_lid></flow></presentation><resprocessing><respcondition title="Response Condition 1"><conditionvar><varequal respident="QUES_783023_851285_LID">QUES_783023_851285_A2724095</varequal></conditionvar><setvar action="Set">0.000000000</setvar><displayfeedback feedbacktype="Response" linkrefid="QUES_783023_851285_IF2724095" /></respcondition><respcondition title="Response Condition 2"><conditionvar><varequal respident="QUES_783023_851285_LID">QUES_783023_851285_A2724096</varequal></conditionvar><setvar action="Set">0.000000000</setvar><displayfeedback feedbacktype="Response" linkrefid="QUES_783023_851285_IF2724096" /></respcondition><respcondition title="Response Condition 3"><conditionvar><varequal respident="QUES_783023_851285_LID">QUES_783023_851285_A2724097</varequal></conditionvar><setvar action="Set">100.000000000</setvar><displayfeedback feedbacktype="Response" linkrefid="QUES_783023_851285_IF2724097" /></respcondition><respcondition title="Response Condition 4"><conditionvar><varequal respident="QUES_783023_851285_LID">QUES_783023_851285_A2724098</varequal></conditionvar><setvar action="Set">0.000000000</setvar><displayfeedback feedbacktype="Response" linkrefid="QUES_783023_851285_IF2724098" /></respcondition></resprocessing><itemfeedback ident="QUES_783023_851285_IF2724095"><material><mattext texttype="text/html" /></material></itemfeedback><itemfeedback ident="QUES_783023_851285_IF2724096"><material><mattext texttype="text/html" /></material></itemfeedback><itemfeedback ident="QUES_783023_851285_IF2724097"><material><mattext texttype="text/html" /></material></itemfeedback><itemfeedback ident="QUES_783023_851285_IF2724098"><material><mattext texttype="text/html" /></material></itemfeedback></item><item ident="OBJ_4449351" label="QUES_783024_851295" d2l_2p0:page="1"><itemmetadata><qtimetadata><qti_metadatafield><fieldlabel>qmd_computerscored</fieldlabel><fieldentry>yes</fieldentry></qti_metadatafield><qti_metadatafield><fieldlabel>qmd_questiontype</fieldlabel><fieldentry>Multiple Choice</fieldentry></qti_metadatafield><qti_metadatafield><fieldlabel>qmd_weighting</fieldlabel><fieldentry>1.000000000</fieldentry></qti_metadatafield><qti_metadatafield><fieldlabel>qmd_globalid</fieldlabel><fieldentry>39eba379-26a0-4b67-8376-733b67a0c0c4</fieldentry></qti_metadatafield><qti_metadatafield><fieldlabel>qmd_displayid</fieldlabel><fieldentry>STEDI-Environment-Master-44</fieldentry></qti_metadatafield></qtimetadata></itemmetadata><itemproc_extension><d2l_2p0:difficulty>1</d2l_2p0:difficulty><d2l_2p0:isbonus>no</d2l_2p0:isbonus><d2l_2p0:ismandatory>no</d2l_2p0:ismandatory></itemproc_extension><presentation><flow><material><mattext texttype="text/html">&lt;p&gt;Who once famously doubted the existence of The Force?&lt;/p&gt;</mattext></material><response_extension><d2l_2p0:display_style>2</d2l_2p0:display_style><d2l_2p0:enumeration>6</d2l_2p0:enumeration><d2l_2p0:grading_type>0</d2l_2p0:grading_type></response_extension><response_lid ident="QUES_783024_851295_LID" rcardinality="Single"><render_choice shuffle="no"><flow_label class="Block"><response_label ident="QUES_783024_851295_A2724136"><flow_mat><material><mattext texttype="text/html">&lt;p&gt;Han Solo&lt;/p&gt;</mattext></material></flow_mat></response_label></flow_label><flow_label class="Block"><response_label ident="QUES_783024_851295_A2724137"><flow_mat><material><mattext texttype="text/html">&lt;p&gt;Ben Solo&lt;/p&gt;</mattext></material></flow_mat></response_label></flow_label><flow_label class="Block"><response_label ident="QUES_783024_851295_A2724138"><flow_mat><material><mattext texttype="text/html">&lt;p&gt;Leia Solo&lt;/p&gt;</mattext></material></flow_mat></response_label></flow_label><flow_label class="Block"><response_label ident="QUES_783024_851295_A2724139"><flow_mat><material><mattext texttype="text/html">&lt;p&gt;Chewbacca&lt;/p&gt;</mattext></material></flow_mat></response_label></flow_label></render_choice></response_lid></flow></presentation><resprocessing><respcondition title="Response Condition 1"><conditionvar><varequal respident="QUES_783024_851295_LID">QUES_783024_851295_A2724136</varequal></conditionvar><setvar action="Set">100.000000000</setvar><displayfeedback feedbacktype="Response" linkrefid="QUES_783024_851295_IF2724136" /></respcondition><respcondition title="Response Condition 2"><conditionvar><varequal respident="QUES_783024_851295_LID">QUES_783024_851295_A2724137</varequal></conditionvar><setvar action="Set">0.000000000</setvar><displayfeedback feedbacktype="Response" linkrefid="QUES_783024_851295_IF2724137" /></respcondition><respcondition title="Response Condition 3"><conditionvar><varequal respident="QUES_783024_851295_LID">QUES_783024_851295_A2724138</varequal></conditionvar><setvar action="Set">0.000000000</setvar><displayfeedback feedbacktype="Response" linkrefid="QUES_783024_851295_IF2724138" /></respcondition><respcondition title="Response Condition 4"><conditionvar><varequal respident="QUES_783024_851295_LID">QUES_783024_851295_A2724139</varequal></conditionvar><setvar action="Set">0.000000000</setvar><displayfeedback feedbacktype="Response" linkrefid="QUES_783024_851295_IF2724139" /></respcondition></resprocessing><itemfeedback ident="QUES_783024_851295_IF2724136"><material><mattext texttype="text/html" /></material></itemfeedback><itemfeedback ident="QUES_783024_851295_IF2724137"><material><mattext texttype="text/html" /></material></itemfeedback><itemfeedback ident="QUES_783024_851295_IF2724138"><material><mattext texttype="text/html" /></material></itemfeedback><itemfeedback ident="QUES_783024_851295_IF2724139"><material><mattext texttype="text/html" /></material></itemfeedback></item><item ident="OBJ_4449352" label="QUES_783026_851304" d2l_2p0:page="1"><itemmetadata><qtimetadata><qti_metadatafield><fieldlabel>qmd_computerscored</fieldlabel><fieldentry>yes</fieldentry></qti_metadatafield><qti_metadatafield><fieldlabel>qmd_questiontype</fieldlabel><fieldentry>Short Answer</fieldentry></qti_metadatafield><qti_metadatafield><fieldlabel>qmd_weighting</fieldlabel><fieldentry>3.000000000</fieldentry></qti_metadatafield><qti_metadatafield><fieldlabel>qmd_globalid</fieldlabel><fieldentry>8c7dba4c-a938-415e-9caa-289d8789d9a3</fieldentry></qti_metadatafield><qti_metadatafield><fieldlabel>qmd_displayid</fieldlabel><fieldentry>STEDI-Environment-Master-45</fieldentry></qti_metadatafield></qtimetadata></itemmetadata><itemproc_extension><d2l_2p0:difficulty>1</d2l_2p0:difficulty><d2l_2p0:isbonus>no</d2l_2p0:isbonus><d2l_2p0:ismandatory>no</d2l_2p0:ismandatory></itemproc_extension><presentation><flow><material><mattext texttype="text/html">&lt;p&gt;Briefly describe the first situation Luke Skywalker used a mindtrick.&lt;/p&gt;</mattext></material><response_extension><d2l_2p0:grading_type>0</d2l_2p0:grading_type></response_extension><response_str ident="QUES_783026_851304_A2724161_STR" rcardinality="Single"><render_fib rows="3" columns="60" prompt="Box" fibtype="String"><response_label ident="QUES_783026_851304_A2724161_ANS" /></render_fib></response_str></flow></presentation><resprocessing><outcomes><decvar vartype="Integer" minvalue="0" maxvalue="100" varname="Blank_1" /></outcomes><respcondition><conditionvar><varequal respident="QUES_783026_851304_A2724161_ANS" case="no">Case-by-case</varequal></conditionvar><setvar action="Set">100.000000000</setvar></respcondition><respcondition><conditionvar><other /></conditionvar><setvar varname="que_score" action="Set">D2L_Correct</setvar></respcondition></resprocessing></item><item ident="OBJ_4449353" label="QUES_783027_851307" d2l_2p0:page="1"><itemmetadata><qtimetadata><qti_metadatafield><fieldlabel>qmd_computerscored</fieldlabel><fieldentry>yes</fieldentry></qti_metadatafield><qti_metadatafield><fieldlabel>qmd_questiontype</fieldlabel><fieldentry>Short Answer</fieldentry></qti_metadatafield><qti_metadatafield><fieldlabel>qmd_weighting</fieldlabel><fieldentry>3.000000000</fieldentry></qti_metadatafield><qti_metadatafield><fieldlabel>qmd_globalid</fieldlabel><fieldentry>ae05a2e2-d948-48dc-b6f3-1edeb0b6ba29</fieldentry></qti_metadatafield><qti_metadatafield><fieldlabel>qmd_displayid</fieldlabel><fieldentry>STEDI-Environment-Master-46</fieldentry></qti_metadatafield></qtimetadata></itemmetadata><itemproc_extension><d2l_2p0:difficulty>1</d2l_2p0:difficulty><d2l_2p0:isbonus>no</d2l_2p0:isbonus><d2l_2p0:ismandatory>no</d2l_2p0:ismandatory></itemproc_extension><presentation><flow><material><mattext texttype="text/html">&lt;p&gt;Briefly describe the difference between the Force and the Living Force.&lt;/p&gt;</mattext></material><response_extension><d2l_2p0:grading_type>0</d2l_2p0:grading_type></response_extension><response_str ident="QUES_783027_851307_A2724170_STR" rcardinality="Single"><render_fib rows="3" columns="60" prompt="Box" fibtype="String"><response_label ident="QUES_783027_851307_A2724170_ANS" /></render_fib></response_str></flow></presentation><resprocessing><outcomes><decvar vartype="Integer" minvalue="0" maxvalue="100" varname="Blank_1" /></outcomes><respcondition><conditionvar><varequal respident="QUES_783027_851307_A2724170_ANS" case="no">case-by-case</varequal></conditionvar><setvar action="Set">100.000000000</setvar></respcondition><respcondition><conditionvar><other /></conditionvar><setvar varname="que_score" action="Set">D2L_Correct</setvar></respcondition></resprocessing></item><item ident="OBJ_4449354" label="QUES_783028_851313" d2l_2p0:page="1"><itemmetadata><qtimetadata><qti_metadatafield><fieldlabel>qmd_computerscored</fieldlabel><fieldentry>yes</fieldentry></qti_metadatafield><qti_metadatafield><fieldlabel>qmd_questiontype</fieldlabel><fieldentry>Multiple Choice</fieldentry></qti_metadatafield><qti_metadatafield><fieldlabel>qmd_weighting</fieldlabel><fieldentry>1.000000000</fieldentry></qti_metadatafield><qti_metadatafield><fieldlabel>qmd_globalid</fieldlabel><fieldentry>2f2c7377-e7a7-4cc9-9d5d-1072998aedc8</fieldentry></qti_metadatafield><qti_metadatafield><fieldlabel>qmd_displayid</fieldlabel><fieldentry>STEDI-Environment-Master-47</fieldentry></qti_metadatafield></qtimetadata></itemmetadata><itemproc_extension><d2l_2p0:difficulty>1</d2l_2p0:difficulty><d2l_2p0:isbonus>no</d2l_2p0:isbonus><d2l_2p0:ismandatory>no</d2l_2p0:ismandatory></itemproc_extension><presentation><flow><material><mattext texttype="text/html">&lt;p&gt;What special power could Dark Side users?&lt;/p&gt;</mattext></material><response_extension><d2l_2p0:display_style>2</d2l_2p0:display_style><d2l_2p0:enumeration>6</d2l_2p0:enumeration><d2l_2p0:grading_type>0</d2l_2p0:grading_type></response_extension><response_lid ident="QUES_783028_851313_LID" rcardinality="Single"><render_choice shuffle="no"><flow_label class="Block"><response_label ident="QUES_783028_851313_A2724191"><flow_mat><material><mattext texttype="text/html">&lt;p&gt;Bend lightening&lt;/p&gt;</mattext></material></flow_mat></response_label></flow_label><flow_label class="Block"><response_label ident="QUES_783028_851313_A2724192"><flow_mat><material><mattext texttype="text/html">&lt;p&gt;Bend water&lt;/p&gt;</mattext></material></flow_mat></response_label></flow_label><flow_label class="Block"><response_label ident="QUES_783028_851313_A2724193"><flow_mat><material><mattext texttype="text/html">&lt;p&gt;Bend matter&lt;/p&gt;</mattext></material></flow_mat></response_label></flow_label><flow_label class="Block"><response_label ident="QUES_783028_851313_A2724194"><flow_mat><material><mattext texttype="text/html">&lt;p&gt;Bend air&lt;/p&gt;</mattext></material></flow_mat></response_label></flow_label></render_choice></response_lid></flow></presentation><resprocessing><respcondition title="Response Condition 1"><conditionvar><varequal respident="QUES_783028_851313_LID">QUES_783028_851313_A2724191</varequal></conditionvar><setvar action="Set">100.000000000</setvar><displayfeedback feedbacktype="Response" linkrefid="QUES_783028_851313_IF2724191" /></respcondition><respcondition title="Response Condition 2"><conditionvar><varequal respident="QUES_783028_851313_LID">QUES_783028_851313_A2724192</varequal></conditionvar><setvar action="Set">0.000000000</setvar><displayfeedback feedbacktype="Response" linkrefid="QUES_783028_851313_IF2724192" /></respcondition><respcondition title="Response Condition 3"><conditionvar><varequal respident="QUES_783028_851313_LID">QUES_783028_851313_A2724193</varequal></conditionvar><setvar action="Set">0.000000000</setvar><displayfeedback feedbacktype="Response" linkrefid="QUES_783028_851313_IF2724193" /></respcondition><respcondition title="Response Condition 4"><conditionvar><varequal respident="QUES_783028_851313_LID">QUES_783028_851313_A2724194</varequal></conditionvar><setvar action="Set">0.000000000</setvar><displayfeedback feedbacktype="Response" linkrefid="QUES_783028_851313_IF2724194" /></respcondition></resprocessing><itemfeedback ident="QUES_783028_851313_IF2724191"><material><mattext texttype="text/html" /></material></itemfeedback><itemfeedback ident="QUES_783028_851313_IF2724192"><material><mattext texttype="text/html" /></material></itemfeedback><itemfeedback ident="QUES_783028_851313_IF2724193"><material><mattext texttype="text/html" /></material></itemfeedback><itemfeedback ident="QUES_783028_851313_IF2724194"><material><mattext texttype="text/html" /></material></itemfeedback></item><item ident="OBJ_4449355" label="QUES_783336_851643" d2l_2p0:page="1"><itemmetadata><qtimetadata><qti_metadatafield><fieldlabel>qmd_computerscored</fieldlabel><fieldentry>yes</fieldentry></qti_metadatafield><qti_metadatafield><fieldlabel>qmd_questiontype</fieldlabel><fieldentry>Multiple Choice</fieldentry></qti_metadatafield><qti_metadatafield><fieldlabel>qmd_weighting</fieldlabel><fieldentry>1.000000000</fieldentry></qti_metadatafield><qti_metadatafield><fieldlabel>qmd_globalid</fieldlabel><fieldentry>94d222a2-011a-40d2-8b25-71366e45a439</fieldentry></qti_metadatafield><qti_metadatafield><fieldlabel>qmd_displayid</fieldlabel><fieldentry>STEDI-Environment-Master-48</fieldentry></qti_metadatafield></qtimetadata></itemmetadata><itemproc_extension><d2l_2p0:difficulty>1</d2l_2p0:difficulty><d2l_2p0:isbonus>no</d2l_2p0:isbonus><d2l_2p0:ismandatory>no</d2l_2p0:ismandatory></itemproc_extension><presentation><flow><material><mattext texttype="text/html">&lt;p&gt;Which people appear to have inherited the Force from their parents?&lt;/p&gt;</mattext></material><response_extension><d2l_2p0:display_style>2</d2l_2p0:display_style><d2l_2p0:enumeration>6</d2l_2p0:enumeration><d2l_2p0:grading_type>0</d2l_2p0:grading_type></response_extension><response_lid ident="QUES_783336_851643_LID" rcardinality="Single"><render_choice shuffle="no"><flow_label class="Block"><response_label ident="QUES_783336_851643_A2725399"><flow_mat><material><mattext texttype="text/html">&lt;p&gt;Ben Solo&lt;/p&gt;</mattext></material></flow_mat></response_label></flow_label><flow_label class="Block"><response_label ident="QUES_783336_851643_A2725400"><flow_mat><material><mattext texttype="text/html">&lt;p&gt;Zare&amp;nbsp;Leonis&lt;/p&gt;</mattext></material></flow_mat></response_label></flow_label><flow_label class="Block"><response_label ident="QUES_783336_851643_A2725401"><flow_mat><material><mattext texttype="text/html">&lt;p&gt;Leia Organa&lt;/p&gt;</mattext></material></flow_mat></response_label></flow_label><flow_label class="Block"><response_label ident="QUES_783336_851643_A2725402"><flow_mat><material><mattext texttype="text/html">&lt;p&gt;Luke Skywalker&lt;/p&gt;</mattext></material></flow_mat></response_label></flow_label><flow_label class="Block"><response_label ident="QUES_783336_851643_A2725403"><flow_mat><material><mattext texttype="text/html">&lt;p&gt;All of the above&lt;/p&gt;</mattext></material></flow_mat></response_label></flow_label><flow_label class="Block"><response_label ident="QUES_783336_851643_A2725404"><flow_mat><material><mattext texttype="text/html">&lt;p&gt;None of the above&lt;/p&gt;</mattext></material></flow_mat></response_label></flow_label><flow_label class="Block"><response_label ident="QUES_783336_851643_A2725405"><flow_mat><material><mattext texttype="text/html">&lt;p&gt;Some of the above&lt;/p&gt;</mattext></material></flow_mat></response_label></flow_label></render_choice></response_lid></flow></presentation><resprocessing><respcondition title="Response Condition 1"><conditionvar><varequal respident="QUES_783336_851643_LID">QUES_783336_851643_A2725399</varequal></conditionvar><setvar action="Set">0.000000000</setvar><displayfeedback feedbacktype="Response" linkrefid="QUES_783336_851643_IF2725399" /></respcondition><respcondition title="Response Condition 2"><conditionvar><varequal respident="QUES_783336_851643_LID">QUES_783336_851643_A2725400</varequal></conditionvar><setvar action="Set">0.000000000</setvar><displayfeedback feedbacktype="Response" linkrefid="QUES_783336_851643_IF2725400" /></respcondition><respcondition title="Response Condition 3"><conditionvar><varequal respident="QUES_783336_851643_LID">QUES_783336_851643_A2725401</varequal></conditionvar><setvar action="Set">0.000000000</setvar><displayfeedback feedbacktype="Response" linkrefid="QUES_783336_851643_IF2725401" /></respcondition><respcondition title="Response Condition 4"><conditionvar><varequal respident="QUES_783336_851643_LID">QUES_783336_851643_A2725402</varequal></conditionvar><setvar action="Set">0.000000000</setvar><displayfeedback feedbacktype="Response" linkrefid="QUES_783336_851643_IF2725402" /></respcondition><respcondition title="Response Condition 5"><conditionvar><varequal respident="QUES_783336_851643_LID">QUES_783336_851643_A2725403</varequal></conditionvar><setvar action="Set">0.000000000</setvar><displayfeedback feedbacktype="Response" linkrefid="QUES_783336_851643_IF2725403" /></respcondition><respcondition title="Response Condition 6"><conditionvar><varequal respident="QUES_783336_851643_LID">QUES_783336_851643_A2725404</varequal></conditionvar><setvar action="Set">0.000000000</setvar><displayfeedback feedbacktype="Response" linkrefid="QUES_783336_851643_IF2725404" /></respcondition><respcondition title="Response Condition 7"><conditionvar><varequal respident="QUES_783336_851643_LID">QUES_783336_851643_A2725405</varequal></conditionvar><setvar action="Set">100.000000000</setvar><displayfeedback feedbacktype="Response" linkrefid="QUES_783336_851643_IF2725405" /></respcondition></resprocessing><itemfeedback ident="QUES_783336_851643_IF2725399"><material><mattext texttype="text/html" /></material></itemfeedback><itemfeedback ident="QUES_783336_851643_IF2725400"><material><mattext texttype="text/html" /></material></itemfeedback><itemfeedback ident="QUES_783336_851643_IF2725401"><material><mattext texttype="text/html" /></material></itemfeedback><itemfeedback ident="QUES_783336_851643_IF2725402"><material><mattext texttype="text/html" /></material></itemfeedback><itemfeedback ident="QUES_783336_851643_IF2725403"><material><mattext texttype="text/html" /></material></itemfeedback><itemfeedback ident="QUES_783336_851643_IF2725404"><material><mattext texttype="text/html" /></material></itemfeedback><itemfeedback ident="QUES_783336_851643_IF2725405"><material><mattext texttype="text/html" /></material></itemfeedback></item></section></assessment></questestinterop>